<annotation>
	<folder>my-project-name</folder>
	<filename>-ruthenium-finish-metal-packshot-alternative-as1160b0485294305-8855283269662.jpg</filename>
	<path>/my-project-name/-ruthenium-finish-metal-packshot-alternative-as1160b0485294305-8855283269662.jpg</path>
	<source>
		<database>Unspecified</database>
	</source>
	<size>
		<width>228</width>
		<height>228</height>
		<depth>3</depth>
	</size>
	<object>
		<name>channel</name>
		<pose>Unspecified</pose>
		<truncated>0</truncated>
		<difficult>0</difficult>
		<bndbox>
			<xmin>29</xmin>
			<ymin>55</ymin>
			<xmax>197</xmax>
			<ymax>177</ymax>
		</bndbox>
	</object>
	<object>
		<name>channel</name>
		<pose>Unspecified</pose>
		<truncated>0</truncated>
		<difficult>0</difficult>
		<bndbox>
			<xmin>34</xmin>
			<ymin>60</ymin>
			<xmax>206</xmax>
			<ymax>177</ymax>
		</bndbox>
	</object>
	<object>
		<name>channel</name>
		<pose>Unspecified</pose>
		<truncated>0</truncated>
		<difficult>0</difficult>
		<bndbox>
			<xmin>144</xmin>
			<ymin>67</ymin>
			<xmax>188</xmax>
			<ymax>166</ymax>
		</bndbox>
	</object>
</annotation>