<annotation>
	<folder>my-project-name</folder>
	<filename>-ruthenium-finish-metal-packshot-alternative-as1162b0485294305-8855281893406.jpg</filename>
	<path>/my-project-name/-ruthenium-finish-metal-packshot-alternative-as1162b0485294305-8855281893406.jpg</path>
	<source>
		<database>Unspecified</database>
	</source>
	<size>
		<width>428</width>
		<height>428</height>
		<depth>3</depth>
	</size>
	<object>
		<name>channel</name>
		<pose>Unspecified</pose>
		<truncated>0</truncated>
		<difficult>0</difficult>
		<bndbox>
			<xmin>31</xmin>
			<ymin>95</ymin>
			<xmax>406</xmax>
			<ymax>345</ymax>
		</bndbox>
	</object>
	<object>
		<name>channel</name>
		<pose>Unspecified</pose>
		<truncated>0</truncated>
		<difficult>0</difficult>
		<bndbox>
			<xmin>135</xmin>
			<ymin>112</ymin>
			<xmax>292</xmax>
			<ymax>212</ymax>
		</bndbox>
	</object>
</annotation>