<annotation>
	<folder>my-project-name</folder>
	<filename>01.28144412.1.jpg</filename>
	<path>/my-project-name/01.28144412.1.jpg</path>
	<source>
		<database>Unspecified</database>
	</source>
	<size>
		<width>454</width>
		<height>374</height>
		<depth>3</depth>
	</size>
	<object>
		<name>channel</name>
		<pose>Unspecified</pose>
		<truncated>0</truncated>
		<difficult>0</difficult>
		<bndbox>
			<xmin>1</xmin>
			<ymin>7</ymin>
			<xmax>432</xmax>
			<ymax>278</ymax>
		</bndbox>
	</object>
	<object>
		<name>channel</name>
		<pose>Unspecified</pose>
		<truncated>0</truncated>
		<difficult>0</difficult>
		<bndbox>
			<xmin>84</xmin>
			<ymin>11</ymin>
			<xmax>342</xmax>
			<ymax>31</ymax>
		</bndbox>
	</object>
	<object>
		<name>channel</name>
		<pose>Unspecified</pose>
		<truncated>0</truncated>
		<difficult>0</difficult>
		<bndbox>
			<xmin>188</xmin>
			<ymin>156</ymin>
			<xmax>259</xmax>
			<ymax>203</ymax>
		</bndbox>
	</object>
</annotation>