<annotation>
	<folder>my-project-name</folder>
	<filename>01.22620414.1.jpg</filename>
	<path>/my-project-name/01.22620414.1.jpg</path>
	<source>
		<database>Unspecified</database>
	</source>
	<size>
		<width>630</width>
		<height>459</height>
		<depth>3</depth>
	</size>
	<object>
		<name>channel</name>
		<pose>Unspecified</pose>
		<truncated>0</truncated>
		<difficult>0</difficult>
		<bndbox>
			<xmin>150</xmin>
			<ymin>26</ymin>
			<xmax>574</xmax>
			<ymax>420</ymax>
		</bndbox>
	</object>
	<object>
		<name>channel</name>
		<pose>Unspecified</pose>
		<truncated>0</truncated>
		<difficult>0</difficult>
		<bndbox>
			<xmin>302</xmin>
			<ymin>210</ymin>
			<xmax>386</xmax>
			<ymax>276</ymax>
		</bndbox>
	</object>
	<object>
		<name>channel</name>
		<pose>Unspecified</pose>
		<truncated>0</truncated>
		<difficult>0</difficult>
		<bndbox>
			<xmin>297</xmin>
			<ymin>75</ymin>
			<xmax>330</xmax>
			<ymax>199</ymax>
		</bndbox>
	</object>
</annotation>