<annotation>
	<folder>my-project-name</folder>
	<filename>02-6b72b044-44b7-4e2c-8c53-008c50aae3e3.jpg</filename>
	<path>/my-project-name/02-6b72b044-44b7-4e2c-8c53-008c50aae3e3.jpg</path>
	<source>
		<database>Unspecified</database>
	</source>
	<size>
		<width>960</width>
		<height>600</height>
		<depth>3</depth>
	</size>
	<object>
		<name>channel</name>
		<pose>Unspecified</pose>
		<truncated>0</truncated>
		<difficult>0</difficult>
		<bndbox>
			<xmin>219</xmin>
			<ymin>19</ymin>
			<xmax>743</xmax>
			<ymax>550</ymax>
		</bndbox>
	</object>
	<object>
		<name>channel</name>
		<pose>Unspecified</pose>
		<truncated>0</truncated>
		<difficult>0</difficult>
		<bndbox>
			<xmin>340</xmin>
			<ymin>378</ymin>
			<xmax>519</xmax>
			<ymax>449</ymax>
		</bndbox>
	</object>
	<object>
		<name>channel</name>
		<pose>Unspecified</pose>
		<truncated>0</truncated>
		<difficult>0</difficult>
		<bndbox>
			<xmin>665</xmin>
			<ymin>302</ymin>
			<xmax>718</xmax>
			<ymax>357</ymax>
		</bndbox>
	</object>
</annotation>