<annotation>
	<folder>my-project-name</folder>
	<filename>05c7d431e3d6a.jpg</filename>
	<path>/my-project-name/05c7d431e3d6a.jpg</path>
	<source>
		<database>Unspecified</database>
	</source>
	<size>
		<width>720</width>
		<height>720</height>
		<depth>3</depth>
	</size>
	<object>
		<name>channel</name>
		<pose>Unspecified</pose>
		<truncated>0</truncated>
		<difficult>0</difficult>
		<bndbox>
			<xmin>95</xmin>
			<ymin>244</ymin>
			<xmax>600</xmax>
			<ymax>672</ymax>
		</bndbox>
	</object>
	<object>
		<name>channel</name>
		<pose>Unspecified</pose>
		<truncated>0</truncated>
		<difficult>0</difficult>
		<bndbox>
			<xmin>461</xmin>
			<ymin>321</ymin>
			<xmax>535</xmax>
			<ymax>632</ymax>
		</bndbox>
	</object>
	<object>
		<name>channel</name>
		<pose>Unspecified</pose>
		<truncated>0</truncated>
		<difficult>0</difficult>
		<bndbox>
			<xmin>265</xmin>
			<ymin>418</ymin>
			<xmax>411</xmax>
			<ymax>459</ymax>
		</bndbox>
	</object>
	<object>
		<name>channel</name>
		<pose>Unspecified</pose>
		<truncated>0</truncated>
		<difficult>0</difficult>
		<bndbox>
			<xmin>309</xmin>
			<ymin>455</ymin>
			<xmax>360</xmax>
			<ymax>498</ymax>
		</bndbox>
	</object>
</annotation>