<annotation>
	<folder>my-project-name</folder>
	<filename>06-f86d569e-d272-47a6-bcc7-87f3229a3911.jpg</filename>
	<path>/my-project-name/06-f86d569e-d272-47a6-bcc7-87f3229a3911.jpg</path>
	<source>
		<database>Unspecified</database>
	</source>
	<size>
		<width>960</width>
		<height>600</height>
		<depth>3</depth>
	</size>
	<object>
		<name>channel</name>
		<pose>Unspecified</pose>
		<truncated>0</truncated>
		<difficult>0</difficult>
		<bndbox>
			<xmin>354</xmin>
			<ymin>367</ymin>
			<xmax>548</xmax>
			<ymax>427</ymax>
		</bndbox>
	</object>
	<object>
		<name>channel</name>
		<pose>Unspecified</pose>
		<truncated>0</truncated>
		<difficult>0</difficult>
		<bndbox>
			<xmin>581</xmin>
			<ymin>437</ymin>
			<xmax>656</xmax>
			<ymax>496</ymax>
		</bndbox>
	</object>
	<object>
		<name>channel</name>
		<pose>Unspecified</pose>
		<truncated>0</truncated>
		<difficult>0</difficult>
		<bndbox>
			<xmin>634</xmin>
			<ymin>92</ymin>
			<xmax>679</xmax>
			<ymax>417</ymax>
		</bndbox>
	</object>
	<object>
		<name>channel</name>
		<pose>Unspecified</pose>
		<truncated>0</truncated>
		<difficult>0</difficult>
		<bndbox>
			<xmin>222</xmin>
			<ymin>56</ymin>
			<xmax>725</xmax>
			<ymax>519</ymax>
		</bndbox>
	</object>
</annotation>