<annotation>
	<folder>my-project-name</folder>
	<filename>0df0cd_384e63ae14be41779f24fa96604700d9mv2.jpg</filename>
	<path>/my-project-name/0df0cd_384e63ae14be41779f24fa96604700d9mv2.jpg</path>
	<source>
		<database>Unspecified</database>
	</source>
	<size>
		<width>498</width>
		<height>498</height>
		<depth>3</depth>
	</size>
	<object>
		<name>channel</name>
		<pose>Unspecified</pose>
		<truncated>0</truncated>
		<difficult>0</difficult>
		<bndbox>
			<xmin>116</xmin>
			<ymin>199</ymin>
			<xmax>394</xmax>
			<ymax>273</ymax>
		</bndbox>
	</object>
	<object>
		<name>channel</name>
		<pose>Unspecified</pose>
		<truncated>0</truncated>
		<difficult>0</difficult>
		<bndbox>
			<xmin>176</xmin>
			<ymin>211</ymin>
			<xmax>251</xmax>
			<ymax>408</ymax>
		</bndbox>
	</object>
	<object>
		<name>channel</name>
		<pose>Unspecified</pose>
		<truncated>0</truncated>
		<difficult>0</difficult>
		<bndbox>
			<xmin>229</xmin>
			<ymin>250</ymin>
			<xmax>316</xmax>
			<ymax>343</ymax>
		</bndbox>
	</object>
	<object>
		<name>channel</name>
		<pose>Unspecified</pose>
		<truncated>0</truncated>
		<difficult>0</difficult>
		<bndbox>
			<xmin>28</xmin>
			<ymin>100</ymin>
			<xmax>476</xmax>
			<ymax>450</ymax>
		</bndbox>
	</object>
</annotation>