<annotation>
	<folder>my-project-name</folder>
	<filename>1.jpg</filename>
	<path>/my-project-name/1.jpg</path>
	<source>
		<database>Unspecified</database>
	</source>
	<size>
		<width>643</width>
		<height>396</height>
		<depth>3</depth>
	</size>
	<object>
		<name>channel</name>
		<pose>Unspecified</pose>
		<truncated>0</truncated>
		<difficult>0</difficult>
		<bndbox>
			<xmin>145</xmin>
			<ymin>215</ymin>
			<xmax>190</xmax>
			<ymax>253</ymax>
		</bndbox>
	</object>
	<object>
		<name>channel</name>
		<pose>Unspecified</pose>
		<truncated>0</truncated>
		<difficult>0</difficult>
		<bndbox>
			<xmin>399</xmin>
			<ymin>260</ymin>
			<xmax>430</xmax>
			<ymax>283</ymax>
		</bndbox>
	</object>
	<object>
		<name>channel</name>
		<pose>Unspecified</pose>
		<truncated>0</truncated>
		<difficult>0</difficult>
		<bndbox>
			<xmin>323</xmin>
			<ymin>186</ymin>
			<xmax>491</xmax>
			<ymax>298</ymax>
		</bndbox>
	</object>
	<object>
		<name>channel</name>
		<pose>Unspecified</pose>
		<truncated>0</truncated>
		<difficult>0</difficult>
		<bndbox>
			<xmin>80</xmin>
			<ymin>124</ymin>
			<xmax>277</xmax>
			<ymax>287</ymax>
		</bndbox>
	</object>
	<object>
		<name>channel</name>
		<pose>Unspecified</pose>
		<truncated>0</truncated>
		<difficult>0</difficult>
		<bndbox>
			<xmin>194</xmin>
			<ymin>8</ymin>
			<xmax>242</xmax>
			<ymax>106</ymax>
		</bndbox>
	</object>
	<object>
		<name>channel</name>
		<pose>Unspecified</pose>
		<truncated>0</truncated>
		<difficult>0</difficult>
		<bndbox>
			<xmin>382</xmin>
			<ymin>36</ymin>
			<xmax>395</xmax>
			<ymax>111</ymax>
		</bndbox>
	</object>
</annotation>