<annotation>
	<folder>my-project-name</folder>
	<filename>1013883541_L1.jpg</filename>
	<path>/my-project-name/1013883541_L1.jpg</path>
	<source>
		<database>Unspecified</database>
	</source>
	<size>
		<width>320</width>
		<height>320</height>
		<depth>3</depth>
	</size>
	<object>
		<name>channel</name>
		<pose>Unspecified</pose>
		<truncated>0</truncated>
		<difficult>0</difficult>
		<bndbox>
			<xmin>143</xmin>
			<ymin>211</ymin>
			<xmax>178</xmax>
			<ymax>243</ymax>
		</bndbox>
	</object>
	<object>
		<name>channel</name>
		<pose>Unspecified</pose>
		<truncated>0</truncated>
		<difficult>0</difficult>
		<bndbox>
			<xmin>67</xmin>
			<ymin>186</ymin>
			<xmax>257</xmax>
			<ymax>302</ymax>
		</bndbox>
	</object>
</annotation>