<annotation>
	<folder>my-project-name</folder>
	<filename>11.jpg</filename>
	<path>/my-project-name/11.jpg</path>
	<source>
		<database>Unspecified</database>
	</source>
	<size>
		<width>600</width>
		<height>900</height>
		<depth>3</depth>
	</size>
	<object>
		<name>channel</name>
		<pose>Unspecified</pose>
		<truncated>0</truncated>
		<difficult>0</difficult>
		<bndbox>
			<xmin>157</xmin>
			<ymin>688</ymin>
			<xmax>318</xmax>
			<ymax>816</ymax>
		</bndbox>
	</object>
	<object>
		<name>channel</name>
		<pose>Unspecified</pose>
		<truncated>0</truncated>
		<difficult>0</difficult>
		<bndbox>
			<xmin>88</xmin>
			<ymin>660</ymin>
			<xmax>390</xmax>
			<ymax>898</ymax>
		</bndbox>
	</object>
</annotation>