<annotation>
	<folder>my-project-name</folder>
	<filename>114a7b926b194ba1dc5d98d3497af830.jpg</filename>
	<path>/my-project-name/114a7b926b194ba1dc5d98d3497af830.jpg</path>
	<source>
		<database>Unspecified</database>
	</source>
	<size>
		<width>474</width>
		<height>711</height>
		<depth>3</depth>
	</size>
	<object>
		<name>channel</name>
		<pose>Unspecified</pose>
		<truncated>0</truncated>
		<difficult>0</difficult>
		<bndbox>
			<xmin>178</xmin>
			<ymin>512</ymin>
			<xmax>223</xmax>
			<ymax>552</ymax>
		</bndbox>
	</object>
	<object>
		<name>channel</name>
		<pose>Unspecified</pose>
		<truncated>0</truncated>
		<difficult>0</difficult>
		<bndbox>
			<xmin>136</xmin>
			<ymin>458</ymin>
			<xmax>289</xmax>
			<ymax>579</ymax>
		</bndbox>
	</object>
</annotation>