<annotation>
	<folder>my-project-name</folder>
	<filename>12fafa77-eb62-46ac-860b-05f51c1ab5a2.jpg</filename>
	<path>/my-project-name/12fafa77-eb62-46ac-860b-05f51c1ab5a2.jpg</path>
	<source>
		<database>Unspecified</database>
	</source>
	<size>
		<width>559</width>
		<height>378</height>
		<depth>3</depth>
	</size>
	<object>
		<name>channel</name>
		<pose>Unspecified</pose>
		<truncated>0</truncated>
		<difficult>0</difficult>
		<bndbox>
			<xmin>268</xmin>
			<ymin>209</ymin>
			<xmax>337</xmax>
			<ymax>262</ymax>
		</bndbox>
	</object>
	<object>
		<name>channel</name>
		<pose>Unspecified</pose>
		<truncated>0</truncated>
		<difficult>0</difficult>
		<bndbox>
			<xmin>120</xmin>
			<ymin>116</ymin>
			<xmax>493</xmax>
			<ymax>346</ymax>
		</bndbox>
	</object>
	<object>
		<name>channel</name>
		<pose>Unspecified</pose>
		<truncated>0</truncated>
		<difficult>0</difficult>
		<bndbox>
			<xmin>129</xmin>
			<ymin>206</ymin>
			<xmax>166</xmax>
			<ymax>297</ymax>
		</bndbox>
	</object>
</annotation>