<annotation>
	<folder>my-project-name</folder>
	<filename>1470305644_b_1_IMG_0027.JPG.jpg</filename>
	<path>/my-project-name/1470305644_b_1_IMG_0027.JPG.jpg</path>
	<source>
		<database>Unspecified</database>
	</source>
	<size>
		<width>600</width>
		<height>600</height>
		<depth>3</depth>
	</size>
	<object>
		<name>channel</name>
		<pose>Unspecified</pose>
		<truncated>0</truncated>
		<difficult>0</difficult>
		<bndbox>
			<xmin>90</xmin>
			<ymin>316</ymin>
			<xmax>319</xmax>
			<ymax>529</ymax>
		</bndbox>
	</object>
	<object>
		<name>channel</name>
		<pose>Unspecified</pose>
		<truncated>0</truncated>
		<difficult>0</difficult>
		<bndbox>
			<xmin>68</xmin>
			<ymin>212</ymin>
			<xmax>497</xmax>
			<ymax>600</ymax>
		</bndbox>
	</object>
</annotation>