<annotation>
	<folder>my-project-name</folder>
	<filename>1491818340_b_1_2.JPG.jpg</filename>
	<path>/my-project-name/1491818340_b_1_2.JPG.jpg</path>
	<source>
		<database>Unspecified</database>
	</source>
	<size>
		<width>600</width>
		<height>600</height>
		<depth>3</depth>
	</size>
	<object>
		<name>channel</name>
		<pose>Unspecified</pose>
		<truncated>0</truncated>
		<difficult>0</difficult>
		<bndbox>
			<xmin>269</xmin>
			<ymin>275</ymin>
			<xmax>329</xmax>
			<ymax>321</ymax>
		</bndbox>
	</object>
	<object>
		<name>channel</name>
		<pose>Unspecified</pose>
		<truncated>0</truncated>
		<difficult>0</difficult>
		<bndbox>
			<xmin>60</xmin>
			<ymin>215</ymin>
			<xmax>535</xmax>
			<ymax>591</ymax>
		</bndbox>
	</object>
</annotation>