<annotation>
	<folder>my-project-name</folder>
	<filename>14b41ab06b0320967c8a4f3d5a8b57da.jpg</filename>
	<path>/my-project-name/14b41ab06b0320967c8a4f3d5a8b57da.jpg</path>
	<source>
		<database>Unspecified</database>
	</source>
	<size>
		<width>715</width>
		<height>1000</height>
		<depth>3</depth>
	</size>
	<object>
		<name>channel</name>
		<pose>Unspecified</pose>
		<truncated>0</truncated>
		<difficult>0</difficult>
		<bndbox>
			<xmin>184</xmin>
			<ymin>772</ymin>
			<xmax>247</xmax>
			<ymax>814</ymax>
		</bndbox>
	</object>
	<object>
		<name>channel</name>
		<pose>Unspecified</pose>
		<truncated>0</truncated>
		<difficult>0</difficult>
		<bndbox>
			<xmin>81</xmin>
			<ymin>689</ymin>
			<xmax>335</xmax>
			<ymax>877</ymax>
		</bndbox>
	</object>
	<object>
		<name>channel</name>
		<pose>Unspecified</pose>
		<truncated>0</truncated>
		<difficult>0</difficult>
		<bndbox>
			<xmin>208</xmin>
			<ymin>463</ymin>
			<xmax>264</xmax>
			<ymax>684</ymax>
		</bndbox>
	</object>
</annotation>