<annotation>
	<folder>my-project-name</folder>
	<filename>1511856748_b_1_3_32.JPG.jpg</filename>
	<path>/my-project-name/1511856748_b_1_3_32.JPG.jpg</path>
	<source>
		<database>Unspecified</database>
	</source>
	<size>
		<width>600</width>
		<height>600</height>
		<depth>3</depth>
	</size>
	<object>
		<name>channel</name>
		<pose>Unspecified</pose>
		<truncated>0</truncated>
		<difficult>0</difficult>
		<bndbox>
			<xmin>262</xmin>
			<ymin>324</ymin>
			<xmax>365</xmax>
			<ymax>418</ymax>
		</bndbox>
	</object>
	<object>
		<name>channel</name>
		<pose>Unspecified</pose>
		<truncated>0</truncated>
		<difficult>0</difficult>
		<bndbox>
			<xmin>138</xmin>
			<ymin>271</ymin>
			<xmax>459</xmax>
			<ymax>326</ymax>
		</bndbox>
	</object>
	<object>
		<name>channel</name>
		<pose>Unspecified</pose>
		<truncated>0</truncated>
		<difficult>0</difficult>
		<bndbox>
			<xmin>9</xmin>
			<ymin>162</ymin>
			<xmax>600</xmax>
			<ymax>538</ymax>
		</bndbox>
	</object>
</annotation>