<annotation>
	<folder>my-project-name</folder>
	<filename>1545036871_b_1_2.JPG.jpg</filename>
	<path>/my-project-name/1545036871_b_1_2.JPG.jpg</path>
	<source>
		<database>Unspecified</database>
	</source>
	<size>
		<width>600</width>
		<height>600</height>
		<depth>3</depth>
	</size>
	<object>
		<name>channel</name>
		<pose>Unspecified</pose>
		<truncated>0</truncated>
		<difficult>0</difficult>
		<bndbox>
			<xmin>160</xmin>
			<ymin>351</ymin>
			<xmax>225</xmax>
			<ymax>393</ymax>
		</bndbox>
	</object>
	<object>
		<name>channel</name>
		<pose>Unspecified</pose>
		<truncated>0</truncated>
		<difficult>0</difficult>
		<bndbox>
			<xmin>218</xmin>
			<ymin>538</ymin>
			<xmax>382</xmax>
			<ymax>560</ymax>
		</bndbox>
	</object>
	<object>
		<name>channel</name>
		<pose>Unspecified</pose>
		<truncated>0</truncated>
		<difficult>0</difficult>
		<bndbox>
			<xmin>90</xmin>
			<ymin>210</ymin>
			<xmax>549</xmax>
			<ymax>529</ymax>
		</bndbox>
	</object>
</annotation>