<annotation>
	<folder>my-project-name</folder>
	<filename>1552295900_b_1_2.JPG.jpg</filename>
	<path>/my-project-name/1552295900_b_1_2.JPG.jpg</path>
	<source>
		<database>Unspecified</database>
	</source>
	<size>
		<width>600</width>
		<height>600</height>
		<depth>3</depth>
	</size>
	<object>
		<name>channel</name>
		<pose>Unspecified</pose>
		<truncated>0</truncated>
		<difficult>0</difficult>
		<bndbox>
			<xmin>175</xmin>
			<ymin>285</ymin>
			<xmax>437</xmax>
			<ymax>457</ymax>
		</bndbox>
	</object>
	<object>
		<name>channel</name>
		<pose>Unspecified</pose>
		<truncated>0</truncated>
		<difficult>0</difficult>
		<bndbox>
			<xmin>187</xmin>
			<ymin>490</ymin>
			<xmax>387</xmax>
			<ymax>525</ymax>
		</bndbox>
	</object>
	<object>
		<name>channel</name>
		<pose>Unspecified</pose>
		<truncated>0</truncated>
		<difficult>0</difficult>
		<bndbox>
			<xmin>126</xmin>
			<ymin>234</ymin>
			<xmax>485</xmax>
			<ymax>500</ymax>
		</bndbox>
	</object>
</annotation>