<annotation>
	<folder>my-project-name</folder>
	<filename>1593772854_b_1_2.JPG.jpg</filename>
	<path>/my-project-name/1593772854_b_1_2.JPG.jpg</path>
	<source>
		<database>Unspecified</database>
	</source>
	<size>
		<width>600</width>
		<height>600</height>
		<depth>3</depth>
	</size>
	<object>
		<name>channel</name>
		<pose>Unspecified</pose>
		<truncated>0</truncated>
		<difficult>0</difficult>
		<bndbox>
			<xmin>279</xmin>
			<ymin>296</ymin>
			<xmax>334</xmax>
			<ymax>329</ymax>
		</bndbox>
	</object>
	<object>
		<name>channel</name>
		<pose>Unspecified</pose>
		<truncated>0</truncated>
		<difficult>0</difficult>
		<bndbox>
			<xmin>103</xmin>
			<ymin>253</ymin>
			<xmax>524</xmax>
			<ymax>597</ymax>
		</bndbox>
	</object>
</annotation>