<annotation>
	<folder>my-project-name</folder>
	<filename>1594891236_b_1_IMG_1037.JPG.jpg</filename>
	<path>/my-project-name/1594891236_b_1_IMG_1037.JPG.jpg</path>
	<source>
		<database>Unspecified</database>
	</source>
	<size>
		<width>600</width>
		<height>600</height>
		<depth>3</depth>
	</size>
	<object>
		<name>channel</name>
		<pose>Unspecified</pose>
		<truncated>0</truncated>
		<difficult>0</difficult>
		<bndbox>
			<xmin>268</xmin>
			<ymin>310</ymin>
			<xmax>357</xmax>
			<ymax>362</ymax>
		</bndbox>
	</object>
	<object>
		<name>channel</name>
		<pose>Unspecified</pose>
		<truncated>0</truncated>
		<difficult>0</difficult>
		<bndbox>
			<xmin>50</xmin>
			<ymin>69</ymin>
			<xmax>554</xmax>
			<ymax>594</ymax>
		</bndbox>
	</object>
</annotation>