<annotation>
	<folder>my-project-name</folder>
	<filename>1599287153_b_1_IMG_6609.JPG.jpg</filename>
	<path>/my-project-name/1599287153_b_1_IMG_6609.JPG.jpg</path>
	<source>
		<database>Unspecified</database>
	</source>
	<size>
		<width>600</width>
		<height>600</height>
		<depth>3</depth>
	</size>
	<object>
		<name>channel</name>
		<pose>Unspecified</pose>
		<truncated>0</truncated>
		<difficult>0</difficult>
		<bndbox>
			<xmin>266</xmin>
			<ymin>287</ymin>
			<xmax>351</xmax>
			<ymax>347</ymax>
		</bndbox>
	</object>
	<object>
		<name>channel</name>
		<pose>Unspecified</pose>
		<truncated>0</truncated>
		<difficult>0</difficult>
		<bndbox>
			<xmin>63</xmin>
			<ymin>329</ymin>
			<xmax>104</xmax>
			<ymax>501</ymax>
		</bndbox>
	</object>
	<object>
		<name>channel</name>
		<pose>Unspecified</pose>
		<truncated>0</truncated>
		<difficult>0</difficult>
		<bndbox>
			<xmin>37</xmin>
			<ymin>71</ymin>
			<xmax>560</xmax>
			<ymax>541</ymax>
		</bndbox>
	</object>
</annotation>