<annotation>
	<folder>my-project-name</folder>
	<filename>16.jpg</filename>
	<path>/my-project-name/16.jpg</path>
	<source>
		<database>Unspecified</database>
	</source>
	<size>
		<width>560</width>
		<height>618</height>
		<depth>3</depth>
	</size>
	<object>
		<name>channel</name>
		<pose>Unspecified</pose>
		<truncated>0</truncated>
		<difficult>0</difficult>
		<bndbox>
			<xmin>100</xmin>
			<ymin>524</ymin>
			<xmax>200</xmax>
			<ymax>577</ymax>
		</bndbox>
	</object>
	<object>
		<name>channel</name>
		<pose>Unspecified</pose>
		<truncated>0</truncated>
		<difficult>0</difficult>
		<bndbox>
			<xmin>497</xmin>
			<ymin>359</ymin>
			<xmax>531</xmax>
			<ymax>379</ymax>
		</bndbox>
	</object>
	<object>
		<name>channel</name>
		<pose>Unspecified</pose>
		<truncated>0</truncated>
		<difficult>0</difficult>
		<bndbox>
			<xmin>463</xmin>
			<ymin>332</ymin>
			<xmax>557</xmax>
			<ymax>404</ymax>
		</bndbox>
	</object>
</annotation>