<annotation>
	<folder>my-project-name</folder>
	<filename>1600160643_temp_16166007431836view.jpg</filename>
	<path>/my-project-name/1600160643_temp_16166007431836view.jpg</path>
	<source>
		<database>Unspecified</database>
	</source>
	<size>
		<width>800</width>
		<height>614</height>
		<depth>3</depth>
	</size>
	<object>
		<name>channel</name>
		<pose>Unspecified</pose>
		<truncated>0</truncated>
		<difficult>0</difficult>
		<bndbox>
			<xmin>356</xmin>
			<ymin>363</ymin>
			<xmax>447</xmax>
			<ymax>430</ymax>
		</bndbox>
	</object>
	<object>
		<name>channel</name>
		<pose>Unspecified</pose>
		<truncated>0</truncated>
		<difficult>0</difficult>
		<bndbox>
			<xmin>147</xmin>
			<ymin>296</ymin>
			<xmax>671</xmax>
			<ymax>599</ymax>
		</bndbox>
	</object>
	<object>
		<name>channel</name>
		<pose>Unspecified</pose>
		<truncated>0</truncated>
		<difficult>0</difficult>
		<bndbox>
			<xmin>376</xmin>
			<ymin>12</ymin>
			<xmax>463</xmax>
			<ymax>218</ymax>
		</bndbox>
	</object>
</annotation>