<annotation>
	<folder>my-project-name</folder>
	<filename>1600164808_temp_16625692971337view.jpg</filename>
	<path>/my-project-name/1600164808_temp_16625692971337view.jpg</path>
	<source>
		<database>Unspecified</database>
	</source>
	<size>
		<width>800</width>
		<height>800</height>
		<depth>3</depth>
	</size>
	<object>
		<name>channel</name>
		<pose>Unspecified</pose>
		<truncated>0</truncated>
		<difficult>0</difficult>
		<bndbox>
			<xmin>175</xmin>
			<ymin>427</ymin>
			<xmax>271</xmax>
			<ymax>500</ymax>
		</bndbox>
	</object>
	<object>
		<name>channel</name>
		<pose>Unspecified</pose>
		<truncated>0</truncated>
		<difficult>0</difficult>
		<bndbox>
			<xmin>31</xmin>
			<ymin>259</ymin>
			<xmax>743</xmax>
			<ymax>710</ymax>
		</bndbox>
	</object>
</annotation>