<annotation>
	<folder>my-project-name</folder>
	<filename>1600164939_temp_16642031852929view.jpg</filename>
	<path>/my-project-name/1600164939_temp_16642031852929view.jpg</path>
	<source>
		<database>Unspecified</database>
	</source>
	<size>
		<width>800</width>
		<height>800</height>
		<depth>3</depth>
	</size>
	<object>
		<name>channel</name>
		<pose>Unspecified</pose>
		<truncated>0</truncated>
		<difficult>0</difficult>
		<bndbox>
			<xmin>120</xmin>
			<ymin>290</ymin>
			<xmax>702</xmax>
			<ymax>729</ymax>
		</bndbox>
	</object>
	<object>
		<name>channel</name>
		<pose>Unspecified</pose>
		<truncated>0</truncated>
		<difficult>0</difficult>
		<bndbox>
			<xmin>145</xmin>
			<ymin>329</ymin>
			<xmax>649</xmax>
			<ymax>692</ymax>
		</bndbox>
	</object>
</annotation>