<annotation>
	<folder>my-project-name</folder>
	<filename>16425999737446E8_ikmGs.jpg</filename>
	<path>/my-project-name/16425999737446E8_ikmGs.jpg</path>
	<source>
		<database>Unspecified</database>
	</source>
	<size>
		<width>1024</width>
		<height>768</height>
		<depth>3</depth>
	</size>
	<object>
		<name>channel</name>
		<pose>Unspecified</pose>
		<truncated>0</truncated>
		<difficult>0</difficult>
		<bndbox>
			<xmin>471</xmin>
			<ymin>309</ymin>
			<xmax>602</xmax>
			<ymax>384</ymax>
		</bndbox>
	</object>
	<object>
		<name>channel</name>
		<pose>Unspecified</pose>
		<truncated>0</truncated>
		<difficult>0</difficult>
		<bndbox>
			<xmin>139</xmin>
			<ymin>23</ymin>
			<xmax>902</xmax>
			<ymax>536</ymax>
		</bndbox>
	</object>
</annotation>