<annotation>
	<folder>my-project-name</folder>
	<filename>1651228830_b_1_IMG_0523.JPG.jpg</filename>
	<path>/my-project-name/1651228830_b_1_IMG_0523.JPG.jpg</path>
	<source>
		<database>Unspecified</database>
	</source>
	<size>
		<width>600</width>
		<height>600</height>
		<depth>3</depth>
	</size>
	<object>
		<name>channel</name>
		<pose>Unspecified</pose>
		<truncated>0</truncated>
		<difficult>0</difficult>
		<bndbox>
			<xmin>259</xmin>
			<ymin>290</ymin>
			<xmax>338</xmax>
			<ymax>340</ymax>
		</bndbox>
	</object>
	<object>
		<name>channel</name>
		<pose>Unspecified</pose>
		<truncated>0</truncated>
		<difficult>0</difficult>
		<bndbox>
			<xmin>59</xmin>
			<ymin>204</ymin>
			<xmax>554</xmax>
			<ymax>600</ymax>
		</bndbox>
	</object>
</annotation>