<annotation>
	<folder>my-project-name</folder>
	<filename>1655206657568X4j_7oOCM.jpg</filename>
	<path>/my-project-name/1655206657568X4j_7oOCM.jpg</path>
	<source>
		<database>Unspecified</database>
	</source>
	<size>
		<width>1024</width>
		<height>768</height>
		<depth>3</depth>
	</size>
	<object>
		<name>channel</name>
		<pose>Unspecified</pose>
		<truncated>0</truncated>
		<difficult>0</difficult>
		<bndbox>
			<xmin>459</xmin>
			<ymin>412</ymin>
			<xmax>646</xmax>
			<ymax>548</ymax>
		</bndbox>
	</object>
	<object>
		<name>channel</name>
		<pose>Unspecified</pose>
		<truncated>0</truncated>
		<difficult>0</difficult>
		<bndbox>
			<xmin>88</xmin>
			<ymin>53</ymin>
			<xmax>1001</xmax>
			<ymax>599</ymax>
		</bndbox>
	</object>
	<object>
		<name>channel</name>
		<pose>Unspecified</pose>
		<truncated>0</truncated>
		<difficult>0</difficult>
		<bndbox>
			<xmin>418</xmin>
			<ymin>122</ymin>
			<xmax>710</xmax>
			<ymax>239</ymax>
		</bndbox>
	</object>
</annotation>