<annotation>
	<folder>my-project-name</folder>
	<filename>1665307791164L8c_PCv4G.jpg</filename>
	<path>/my-project-name/1665307791164L8c_PCv4G.jpg</path>
	<source>
		<database>Unspecified</database>
	</source>
	<size>
		<width>768</width>
		<height>1024</height>
		<depth>3</depth>
	</size>
	<object>
		<name>channel</name>
		<pose>Unspecified</pose>
		<truncated>0</truncated>
		<difficult>0</difficult>
		<bndbox>
			<xmin>309</xmin>
			<ymin>582</ymin>
			<xmax>449</xmax>
			<ymax>680</ymax>
		</bndbox>
	</object>
	<object>
		<name>channel</name>
		<pose>Unspecified</pose>
		<truncated>0</truncated>
		<difficult>0</difficult>
		<bndbox>
			<xmin>48</xmin>
			<ymin>459</ymin>
			<xmax>725</xmax>
			<ymax>856</ymax>
		</bndbox>
	</object>
</annotation>