<annotation>
	<folder>my-project-name</folder>
	<filename>1667140423362000Khx_ZTlHh.jpg</filename>
	<path>/my-project-name/1667140423362000Khx_ZTlHh.jpg</path>
	<source>
		<database>Unspecified</database>
	</source>
	<size>
		<width>800</width>
		<height>1067</height>
		<depth>3</depth>
	</size>
	<object>
		<name>channel</name>
		<pose>Unspecified</pose>
		<truncated>0</truncated>
		<difficult>0</difficult>
		<bndbox>
			<xmin>173</xmin>
			<ymin>421</ymin>
			<xmax>580</xmax>
			<ymax>769</ymax>
		</bndbox>
	</object>
	<object>
		<name>channel</name>
		<pose>Unspecified</pose>
		<truncated>0</truncated>
		<difficult>0</difficult>
		<bndbox>
			<xmin>50</xmin>
			<ymin>290</ymin>
			<xmax>795</xmax>
			<ymax>907</ymax>
		</bndbox>
	</object>
</annotation>