<annotation>
	<folder>my-project-name</folder>
	<filename>18.jpg</filename>
	<path>/my-project-name/18.jpg</path>
	<source>
		<database>Unspecified</database>
	</source>
	<size>
		<width>530</width>
		<height>797</height>
		<depth>3</depth>
	</size>
	<object>
		<name>channel</name>
		<pose>Unspecified</pose>
		<truncated>0</truncated>
		<difficult>0</difficult>
		<bndbox>
			<xmin>263</xmin>
			<ymin>606</ymin>
			<xmax>351</xmax>
			<ymax>672</ymax>
		</bndbox>
	</object>
	<object>
		<name>channel</name>
		<pose>Unspecified</pose>
		<truncated>0</truncated>
		<difficult>0</difficult>
		<bndbox>
			<xmin>214</xmin>
			<ymin>563</ymin>
			<xmax>413</xmax>
			<ymax>711</ymax>
		</bndbox>
	</object>
</annotation>