<annotation>
	<folder>my-project-name</folder>
	<filename>1bd6pd1586181191ed2.jpg</filename>
	<path>/my-project-name/1bd6pd1586181191ed2.jpg</path>
	<source>
		<database>Unspecified</database>
	</source>
	<size>
		<width>900</width>
		<height>900</height>
		<depth>3</depth>
	</size>
	<object>
		<name>channel</name>
		<pose>Unspecified</pose>
		<truncated>0</truncated>
		<difficult>0</difficult>
		<bndbox>
			<xmin>223</xmin>
			<ymin>413</ymin>
			<xmax>346</xmax>
			<ymax>499</ymax>
		</bndbox>
	</object>
	<object>
		<name>channel</name>
		<pose>Unspecified</pose>
		<truncated>0</truncated>
		<difficult>0</difficult>
		<bndbox>
			<xmin>66</xmin>
			<ymin>260</ymin>
			<xmax>785</xmax>
			<ymax>807</ymax>
		</bndbox>
	</object>
</annotation>