<annotation>
	<folder>my-project-name</folder>
	<filename>1f78e2b7-d7f8-4db0-9dc1-86346df3c4e3.jpg</filename>
	<path>/my-project-name/1f78e2b7-d7f8-4db0-9dc1-86346df3c4e3.jpg</path>
	<source>
		<database>Unspecified</database>
	</source>
	<size>
		<width>600</width>
		<height>879</height>
		<depth>3</depth>
	</size>
	<object>
		<name>channel</name>
		<pose>Unspecified</pose>
		<truncated>0</truncated>
		<difficult>0</difficult>
		<bndbox>
			<xmin>300</xmin>
			<ymin>233</ymin>
			<xmax>391</xmax>
			<ymax>287</ymax>
		</bndbox>
	</object>
	<object>
		<name>channel</name>
		<pose>Unspecified</pose>
		<truncated>0</truncated>
		<difficult>0</difficult>
		<bndbox>
			<xmin>229</xmin>
			<ymin>702</ymin>
			<xmax>330</xmax>
			<ymax>767</ymax>
		</bndbox>
	</object>
	<object>
		<name>channel</name>
		<pose>Unspecified</pose>
		<truncated>0</truncated>
		<difficult>0</difficult>
		<bndbox>
			<xmin>110</xmin>
			<ymin>506</ymin>
			<xmax>222</xmax>
			<ymax>608</ymax>
		</bndbox>
	</object>
	<object>
		<name>channel</name>
		<pose>Unspecified</pose>
		<truncated>0</truncated>
		<difficult>0</difficult>
		<bndbox>
			<xmin>61</xmin>
			<ymin>491</ymin>
			<xmax>561</xmax>
			<ymax>791</ymax>
		</bndbox>
	</object>
	<object>
		<name>channel</name>
		<pose>Unspecified</pose>
		<truncated>0</truncated>
		<difficult>0</difficult>
		<bndbox>
			<xmin>85</xmin>
			<ymin>93</ymin>
			<xmax>524</xmax>
			<ymax>388</ymax>
		</bndbox>
	</object>
</annotation>