<annotation>
	<folder>my-project-name</folder>
	<filename>2.jpg</filename>
	<path>/my-project-name/2.jpg</path>
	<source>
		<database>Unspecified</database>
	</source>
	<size>
		<width>1076</width>
		<height>1850</height>
		<depth>3</depth>
	</size>
	<object>
		<name>channel</name>
		<pose>Unspecified</pose>
		<truncated>0</truncated>
		<difficult>0</difficult>
		<bndbox>
			<xmin>388</xmin>
			<ymin>748</ymin>
			<xmax>524</xmax>
			<ymax>852</ymax>
		</bndbox>
	</object>
	<object>
		<name>channel</name>
		<pose>Unspecified</pose>
		<truncated>0</truncated>
		<difficult>0</difficult>
		<bndbox>
			<xmin>257</xmin>
			<ymin>521</ymin>
			<xmax>728</xmax>
			<ymax>930</ymax>
		</bndbox>
	</object>
</annotation>