<annotation>
	<folder>my-project-name</folder>
	<filename>2002045046_0000091.jpg</filename>
	<path>/my-project-name/2002045046_0000091.jpg</path>
	<source>
		<database>Unspecified</database>
	</source>
	<size>
		<width>600</width>
		<height>600</height>
		<depth>3</depth>
	</size>
	<object>
		<name>channel</name>
		<pose>Unspecified</pose>
		<truncated>0</truncated>
		<difficult>0</difficult>
		<bndbox>
			<xmin>137</xmin>
			<ymin>306</ymin>
			<xmax>428</xmax>
			<ymax>524</ymax>
		</bndbox>
	</object>
	<object>
		<name>channel</name>
		<pose>Unspecified</pose>
		<truncated>0</truncated>
		<difficult>0</difficult>
		<bndbox>
			<xmin>3</xmin>
			<ymin>212</ymin>
			<xmax>588</xmax>
			<ymax>594</ymax>
		</bndbox>
	</object>
</annotation>