<annotation>
	<folder>my-project-name</folder>
	<filename>2002045457_0000079.jpg</filename>
	<path>/my-project-name/2002045457_0000079.jpg</path>
	<source>
		<database>Unspecified</database>
	</source>
	<size>
		<width>600</width>
		<height>600</height>
		<depth>3</depth>
	</size>
	<object>
		<name>channel</name>
		<pose>Unspecified</pose>
		<truncated>0</truncated>
		<difficult>0</difficult>
		<bndbox>
			<xmin>268</xmin>
			<ymin>432</ymin>
			<xmax>337</xmax>
			<ymax>476</ymax>
		</bndbox>
	</object>
	<object>
		<name>channel</name>
		<pose>Unspecified</pose>
		<truncated>0</truncated>
		<difficult>0</difficult>
		<bndbox>
			<xmin>81</xmin>
			<ymin>221</ymin>
			<xmax>490</xmax>
			<ymax>496</ymax>
		</bndbox>
	</object>
</annotation>