<annotation>
	<folder>my-project-name</folder>
	<filename>201401290500000_1.jpg</filename>
	<path>/my-project-name/201401290500000_1.jpg</path>
	<source>
		<database>Unspecified</database>
	</source>
	<size>
		<width>600</width>
		<height>720</height>
		<depth>3</depth>
	</size>
	<object>
		<name>channel</name>
		<pose>Unspecified</pose>
		<truncated>0</truncated>
		<difficult>0</difficult>
		<bndbox>
			<xmin>265</xmin>
			<ymin>575</ymin>
			<xmax>344</xmax>
			<ymax>632</ymax>
		</bndbox>
	</object>
	<object>
		<name>channel</name>
		<pose>Unspecified</pose>
		<truncated>0</truncated>
		<difficult>0</difficult>
		<bndbox>
			<xmin>85</xmin>
			<ymin>314</ymin>
			<xmax>535</xmax>
			<ymax>683</ymax>
		</bndbox>
	</object>
</annotation>