<annotation>
	<folder>my-project-name</folder>
	<filename>2017-10-12_004342_alex.jpg</filename>
	<path>/my-project-name/2017-10-12_004342_alex.jpg</path>
	<source>
		<database>Unspecified</database>
	</source>
	<size>
		<width>600</width>
		<height>600</height>
		<depth>3</depth>
	</size>
	<object>
		<name>channel</name>
		<pose>Unspecified</pose>
		<truncated>0</truncated>
		<difficult>0</difficult>
		<bndbox>
			<xmin>290</xmin>
			<ymin>438</ymin>
			<xmax>328</xmax>
			<ymax>465</ymax>
		</bndbox>
	</object>
	<object>
		<name>channel</name>
		<pose>Unspecified</pose>
		<truncated>0</truncated>
		<difficult>0</difficult>
		<bndbox>
			<xmin>259</xmin>
			<ymin>399</ymin>
			<xmax>385</xmax>
			<ymax>496</ymax>
		</bndbox>
	</object>
</annotation>