<annotation>
	<folder>my-project-name</folder>
	<filename>2020051307581620687_1.jpg</filename>
	<path>/my-project-name/2020051307581620687_1.jpg</path>
	<source>
		<database>Unspecified</database>
	</source>
	<size>
		<width>522</width>
		<height>321</height>
		<depth>3</depth>
	</size>
	<object>
		<name>channel</name>
		<pose>Unspecified</pose>
		<truncated>0</truncated>
		<difficult>0</difficult>
		<bndbox>
			<xmin>244</xmin>
			<ymin>179</ymin>
			<xmax>302</xmax>
			<ymax>230</ymax>
		</bndbox>
	</object>
	<object>
		<name>channel</name>
		<pose>Unspecified</pose>
		<truncated>0</truncated>
		<difficult>0</difficult>
		<bndbox>
			<xmin>209</xmin>
			<ymin>106</ymin>
			<xmax>336</xmax>
			<ymax>171</ymax>
		</bndbox>
	</object>
	<object>
		<name>channel</name>
		<pose>Unspecified</pose>
		<truncated>0</truncated>
		<difficult>0</difficult>
		<bndbox>
			<xmin>126</xmin>
			<ymin>77</ymin>
			<xmax>406</xmax>
			<ymax>264</ymax>
		</bndbox>
	</object>
</annotation>