<annotation>
	<folder>my-project-name</folder>
	<filename>2021100117295357085_1633076993_0016323491.jpg</filename>
	<path>/my-project-name/2021100117295357085_1633076993_0016323491.jpg</path>
	<source>
		<database>Unspecified</database>
	</source>
	<size>
		<width>640</width>
		<height>362</height>
		<depth>3</depth>
	</size>
	<object>
		<name>channel</name>
		<pose>Unspecified</pose>
		<truncated>0</truncated>
		<difficult>0</difficult>
		<bndbox>
			<xmin>313</xmin>
			<ymin>226</ymin>
			<xmax>403</xmax>
			<ymax>287</ymax>
		</bndbox>
	</object>
	<object>
		<name>channel</name>
		<pose>Unspecified</pose>
		<truncated>0</truncated>
		<difficult>0</difficult>
		<bndbox>
			<xmin>101</xmin>
			<ymin>19</ymin>
			<xmax>584</xmax>
			<ymax>345</ymax>
		</bndbox>
	</object>
</annotation>