<annotation>
	<folder>my-project-name</folder>
	<filename>20220712_637932121507134048_12799517_0.jpg</filename>
	<path>/my-project-name/20220712_637932121507134048_12799517_0.jpg</path>
	<source>
		<database>Unspecified</database>
	</source>
	<size>
		<width>840</width>
		<height>840</height>
		<depth>3</depth>
	</size>
	<object>
		<name>channel</name>
		<pose>Unspecified</pose>
		<truncated>0</truncated>
		<difficult>0</difficult>
		<bndbox>
			<xmin>369</xmin>
			<ymin>457</ymin>
			<xmax>515</xmax>
			<ymax>570</ymax>
		</bndbox>
	</object>
	<object>
		<name>channel</name>
		<pose>Unspecified</pose>
		<truncated>0</truncated>
		<difficult>0</difficult>
		<bndbox>
			<xmin>113</xmin>
			<ymin>311</ymin>
			<xmax>727</xmax>
			<ymax>758</ymax>
		</bndbox>
	</object>
</annotation>