<annotation>
	<folder>my-project-name</folder>
	<filename>20220712_637932120632972811_12799283_1.jpg</filename>
	<path>/my-project-name/20220712_637932120632972811_12799283_1.jpg</path>
	<source>
		<database>Unspecified</database>
	</source>
	<size>
		<width>840</width>
		<height>840</height>
		<depth>3</depth>
	</size>
	<object>
		<name>channel</name>
		<pose>Unspecified</pose>
		<truncated>0</truncated>
		<difficult>0</difficult>
		<bndbox>
			<xmin>165</xmin>
			<ymin>296</ymin>
			<xmax>651</xmax>
			<ymax>758</ymax>
		</bndbox>
	</object>
	<object>
		<name>channel</name>
		<pose>Unspecified</pose>
		<truncated>0</truncated>
		<difficult>0</difficult>
		<bndbox>
			<xmin>486</xmin>
			<ymin>447</ymin>
			<xmax>583</xmax>
			<ymax>564</ymax>
		</bndbox>
	</object>
</annotation>