<annotation>
	<folder>my-project-name</folder>
	<filename>203974038_1_1669621195_w7Bres7D.jpg</filename>
	<path>/my-project-name/203974038_1_1669621195_w7Bres7D.jpg</path>
	<source>
		<database>Unspecified</database>
	</source>
	<size>
		<width>1200</width>
		<height>1200</height>
		<depth>3</depth>
	</size>
	<object>
		<name>channel</name>
		<pose>Unspecified</pose>
		<truncated>0</truncated>
		<difficult>0</difficult>
		<bndbox>
			<xmin>47</xmin>
			<ymin>285</ymin>
			<xmax>1135</xmax>
			<ymax>1168</ymax>
		</bndbox>
	</object>
</annotation>