<annotation>
	<folder>my-project-name</folder>
	<filename>2686587678_front_a3804b1e98.jpg</filename>
	<path>/my-project-name/2686587678_front_a3804b1e98.jpg</path>
	<source>
		<database>Unspecified</database>
	</source>
	<size>
		<width>720</width>
		<height>758</height>
		<depth>3</depth>
	</size>
	<object>
		<name>channel</name>
		<pose>Unspecified</pose>
		<truncated>0</truncated>
		<difficult>0</difficult>
		<bndbox>
			<xmin>360</xmin>
			<ymin>453</ymin>
			<xmax>419</xmax>
			<ymax>518</ymax>
		</bndbox>
	</object>
	<object>
		<name>channel</name>
		<pose>Unspecified</pose>
		<truncated>0</truncated>
		<difficult>0</difficult>
		<bndbox>
			<xmin>158</xmin>
			<ymin>271</ymin>
			<xmax>585</xmax>
			<ymax>567</ymax>
		</bndbox>
	</object>
</annotation>