<annotation>
	<folder>my-project-name</folder>
	<filename>2728486942_front_7762d515b8.jpg</filename>
	<path>/my-project-name/2728486942_front_7762d515b8.jpg</path>
	<source>
		<database>Unspecified</database>
	</source>
	<size>
		<width>720</width>
		<height>758</height>
		<depth>3</depth>
	</size>
	<object>
		<name>channel</name>
		<pose>Unspecified</pose>
		<truncated>0</truncated>
		<difficult>0</difficult>
		<bndbox>
			<xmin>254</xmin>
			<ymin>435</ymin>
			<xmax>321</xmax>
			<ymax>490</ymax>
		</bndbox>
	</object>
	<object>
		<name>channel</name>
		<pose>Unspecified</pose>
		<truncated>0</truncated>
		<difficult>0</difficult>
		<bndbox>
			<xmin>471</xmin>
			<ymin>243</ymin>
			<xmax>537</xmax>
			<ymax>295</ymax>
		</bndbox>
	</object>
	<object>
		<name>channel</name>
		<pose>Unspecified</pose>
		<truncated>0</truncated>
		<difficult>0</difficult>
		<bndbox>
			<xmin>271</xmin>
			<ymin>74</ymin>
			<xmax>646</xmax>
			<ymax>364</ymax>
		</bndbox>
	</object>
	<object>
		<name>channel</name>
		<pose>Unspecified</pose>
		<truncated>0</truncated>
		<difficult>0</difficult>
		<bndbox>
			<xmin>102</xmin>
			<ymin>230</ymin>
			<xmax>492</xmax>
			<ymax>585</ymax>
		</bndbox>
	</object>
</annotation>