<annotation>
	<folder>my-project-name</folder>
	<filename>28539145_g.jpg</filename>
	<path>/my-project-name/28539145_g.jpg</path>
	<source>
		<database>Unspecified</database>
	</source>
	<size>
		<width>500</width>
		<height>500</height>
		<depth>3</depth>
	</size>
	<object>
		<name>channel</name>
		<pose>Unspecified</pose>
		<truncated>0</truncated>
		<difficult>0</difficult>
		<bndbox>
			<xmin>223</xmin>
			<ymin>290</ymin>
			<xmax>294</xmax>
			<ymax>369</ymax>
		</bndbox>
	</object>
	<object>
		<name>channel</name>
		<pose>Unspecified</pose>
		<truncated>0</truncated>
		<difficult>0</difficult>
		<bndbox>
			<xmin>29</xmin>
			<ymin>150</ymin>
			<xmax>478</xmax>
			<ymax>444</ymax>
		</bndbox>
	</object>
</annotation>