<annotation>
	<folder>my-project-name</folder>
	<filename>29.jpg</filename>
	<path>/my-project-name/29.jpg</path>
	<source>
		<database>Unspecified</database>
	</source>
	<size>
		<width>900</width>
		<height>674</height>
		<depth>3</depth>
	</size>
	<object>
		<name>channel</name>
		<pose>Unspecified</pose>
		<truncated>0</truncated>
		<difficult>0</difficult>
		<bndbox>
			<xmin>192</xmin>
			<ymin>398</ymin>
			<xmax>270</xmax>
			<ymax>458</ymax>
		</bndbox>
	</object>
	<object>
		<name>channel</name>
		<pose>Unspecified</pose>
		<truncated>0</truncated>
		<difficult>0</difficult>
		<bndbox>
			<xmin>623</xmin>
			<ymin>385</ymin>
			<xmax>711</xmax>
			<ymax>448</ymax>
		</bndbox>
	</object>
	<object>
		<name>channel</name>
		<pose>Unspecified</pose>
		<truncated>0</truncated>
		<difficult>0</difficult>
		<bndbox>
			<xmin>529</xmin>
			<ymin>289</ymin>
			<xmax>817</xmax>
			<ymax>565</ymax>
		</bndbox>
	</object>
	<object>
		<name>channel</name>
		<pose>Unspecified</pose>
		<truncated>0</truncated>
		<difficult>0</difficult>
		<bndbox>
			<xmin>57</xmin>
			<ymin>314</ymin>
			<xmax>402</xmax>
			<ymax>570</ymax>
		</bndbox>
	</object>
</annotation>