<annotation>
	<folder>my-project-name</folder>
	<filename>2bd6pd4311483274ed4.jpg</filename>
	<path>/my-project-name/2bd6pd4311483274ed4.jpg</path>
	<source>
		<database>Unspecified</database>
	</source>
	<size>
		<width>1000</width>
		<height>1000</height>
		<depth>3</depth>
	</size>
	<object>
		<name>channel</name>
		<pose>Unspecified</pose>
		<truncated>0</truncated>
		<difficult>0</difficult>
		<bndbox>
			<xmin>365</xmin>
			<ymin>186</ymin>
			<xmax>748</xmax>
			<ymax>458</ymax>
		</bndbox>
	</object>
	<object>
		<name>channel</name>
		<pose>Unspecified</pose>
		<truncated>0</truncated>
		<difficult>0</difficult>
		<bndbox>
			<xmin>10</xmin>
			<ymin>5</ymin>
			<xmax>993</xmax>
			<ymax>826</ymax>
		</bndbox>
	</object>
</annotation>