<annotation>
	<folder>my-project-name</folder>
	<filename>415bd70452a05fd611fb134c7eed6cbd--executive-outfit-chanel-black.jpg</filename>
	<path>/my-project-name/415bd70452a05fd611fb134c7eed6cbd--executive-outfit-chanel-black.jpg</path>
	<source>
		<database>Unspecified</database>
	</source>
	<size>
		<width>373</width>
		<height>560</height>
		<depth>3</depth>
	</size>
	<object>
		<name>channel</name>
		<pose>Unspecified</pose>
		<truncated>0</truncated>
		<difficult>0</difficult>
		<bndbox>
			<xmin>178</xmin>
			<ymin>343</ymin>
			<xmax>229</xmax>
			<ymax>385</ymax>
		</bndbox>
	</object>
	<object>
		<name>channel</name>
		<pose>Unspecified</pose>
		<truncated>0</truncated>
		<difficult>0</difficult>
		<bndbox>
			<xmin>152</xmin>
			<ymin>321</ymin>
			<xmax>266</xmax>
			<ymax>410</ymax>
		</bndbox>
	</object>
</annotation>