<annotation>
	<folder>my-project-name</folder>
	<filename>444a368b78cb025b6d761b601b328510.jpg</filename>
	<path>/my-project-name/444a368b78cb025b6d761b601b328510.jpg</path>
	<source>
		<database>Unspecified</database>
	</source>
	<size>
		<width>728</width>
		<height>1000</height>
		<depth>3</depth>
	</size>
	<object>
		<name>channel</name>
		<pose>Unspecified</pose>
		<truncated>0</truncated>
		<difficult>0</difficult>
		<bndbox>
			<xmin>121</xmin>
			<ymin>679</ymin>
			<xmax>165</xmax>
			<ymax>743</ymax>
		</bndbox>
	</object>
	<object>
		<name>channel</name>
		<pose>Unspecified</pose>
		<truncated>0</truncated>
		<difficult>0</difficult>
		<bndbox>
			<xmin>55</xmin>
			<ymin>561</ymin>
			<xmax>283</xmax>
			<ymax>841</ymax>
		</bndbox>
	</object>
</annotation>