<annotation>
	<folder>my-project-name</folder>
	<filename>482027cf83f584566723a92186d5f4a4.jpg</filename>
	<path>/my-project-name/482027cf83f584566723a92186d5f4a4.jpg</path>
	<source>
		<database>Unspecified</database>
	</source>
	<size>
		<width>573</width>
		<height>750</height>
		<depth>3</depth>
	</size>
	<object>
		<name>channel</name>
		<pose>Unspecified</pose>
		<truncated>0</truncated>
		<difficult>0</difficult>
		<bndbox>
			<xmin>371</xmin>
			<ymin>553</ymin>
			<xmax>417</xmax>
			<ymax>588</ymax>
		</bndbox>
	</object>
	<object>
		<name>channel</name>
		<pose>Unspecified</pose>
		<truncated>0</truncated>
		<difficult>0</difficult>
		<bndbox>
			<xmin>301</xmin>
			<ymin>482</ymin>
			<xmax>514</xmax>
			<ymax>654</ymax>
		</bndbox>
	</object>
</annotation>