<annotation>
	<folder>my-project-name</folder>
	<filename>4a3a58ee5711e969ba43b34bc9a465e9.jpg</filename>
	<path>/my-project-name/4a3a58ee5711e969ba43b34bc9a465e9.jpg</path>
	<source>
		<database>Unspecified</database>
	</source>
	<size>
		<width>782</width>
		<height>1000</height>
		<depth>3</depth>
	</size>
	<object>
		<name>channel</name>
		<pose>Unspecified</pose>
		<truncated>0</truncated>
		<difficult>0</difficult>
		<bndbox>
			<xmin>238</xmin>
			<ymin>483</ymin>
			<xmax>289</xmax>
			<ymax>517</ymax>
		</bndbox>
	</object>
	<object>
		<name>channel</name>
		<pose>Unspecified</pose>
		<truncated>0</truncated>
		<difficult>0</difficult>
		<bndbox>
			<xmin>170</xmin>
			<ymin>371</ymin>
			<xmax>374</xmax>
			<ymax>562</ymax>
		</bndbox>
	</object>
</annotation>