<annotation>
	<folder>my-project-name</folder>
	<filename>4aa38b28acdf12e4e8354e79e47a5eb3_1606709996_0148.JPG.jpg</filename>
	<path>/my-project-name/4aa38b28acdf12e4e8354e79e47a5eb3_1606709996_0148.JPG.jpg</path>
	<source>
		<database>Unspecified</database>
	</source>
	<size>
		<width>700</width>
		<height>700</height>
		<depth>3</depth>
	</size>
	<object>
		<name>channel</name>
		<pose>Unspecified</pose>
		<truncated>0</truncated>
		<difficult>0</difficult>
		<bndbox>
			<xmin>293</xmin>
			<ymin>245</ymin>
			<xmax>371</xmax>
			<ymax>314</ymax>
		</bndbox>
	</object>
	<object>
		<name>channel</name>
		<pose>Unspecified</pose>
		<truncated>0</truncated>
		<difficult>0</difficult>
		<bndbox>
			<xmin>70</xmin>
			<ymin>137</ymin>
			<xmax>556</xmax>
			<ymax>532</ymax>
		</bndbox>
	</object>
</annotation>