<annotation>
	<folder>my-project-name</folder>
	<filename>4c18df3d841518fb84d48e5f57782844.jpg</filename>
	<path>/my-project-name/4c18df3d841518fb84d48e5f57782844.jpg</path>
	<source>
		<database>Unspecified</database>
	</source>
	<size>
		<width>500</width>
		<height>324</height>
		<depth>3</depth>
	</size>
	<object>
		<name>channel</name>
		<pose>Unspecified</pose>
		<truncated>0</truncated>
		<difficult>0</difficult>
		<bndbox>
			<xmin>235</xmin>
			<ymin>122</ymin>
			<xmax>277</xmax>
			<ymax>151</ymax>
		</bndbox>
	</object>
	<object>
		<name>channel</name>
		<pose>Unspecified</pose>
		<truncated>0</truncated>
		<difficult>0</difficult>
		<bndbox>
			<xmin>82</xmin>
			<ymin>68</ymin>
			<xmax>413</xmax>
			<ymax>303</ymax>
		</bndbox>
	</object>
</annotation>