<annotation>
	<folder>my-project-name</folder>
	<filename>4ea187ffb3f6d53fb22739278ba5ce8e.jpg</filename>
	<path>/my-project-name/4ea187ffb3f6d53fb22739278ba5ce8e.jpg</path>
	<source>
		<database>Unspecified</database>
	</source>
	<size>
		<width>550</width>
		<height>458</height>
		<depth>3</depth>
	</size>
	<object>
		<name>channel</name>
		<pose>Unspecified</pose>
		<truncated>0</truncated>
		<difficult>0</difficult>
		<bndbox>
			<xmin>222</xmin>
			<ymin>256</ymin>
			<xmax>324</xmax>
			<ymax>318</ymax>
		</bndbox>
	</object>
	<object>
		<name>channel</name>
		<pose>Unspecified</pose>
		<truncated>0</truncated>
		<difficult>0</difficult>
		<bndbox>
			<xmin>34</xmin>
			<ymin>56</ymin>
			<xmax>491</xmax>
			<ymax>375</ymax>
		</bndbox>
	</object>
</annotation>