<annotation>
	<folder>my-project-name</folder>
	<filename>50-Celebrities-Carrying-Chanel-BaGS-23.jpg</filename>
	<path>/my-project-name/50-Celebrities-Carrying-Chanel-BaGS-23.jpg</path>
	<source>
		<database>Unspecified</database>
	</source>
	<size>
		<width>711</width>
		<height>1000</height>
		<depth>3</depth>
	</size>
	<object>
		<name>channel</name>
		<pose>Unspecified</pose>
		<truncated>0</truncated>
		<difficult>0</difficult>
		<bndbox>
			<xmin>341</xmin>
			<ymin>654</ymin>
			<xmax>429</xmax>
			<ymax>743</ymax>
		</bndbox>
	</object>
	<object>
		<name>channel</name>
		<pose>Unspecified</pose>
		<truncated>0</truncated>
		<difficult>0</difficult>
		<bndbox>
			<xmin>162</xmin>
			<ymin>581</ymin>
			<xmax>571</xmax>
			<ymax>882</ymax>
		</bndbox>
	</object>
</annotation>