<annotation>
	<folder>my-project-name</folder>
	<filename>50-Celebrities-Carrying-Chanel-BaGS-24.jpg</filename>
	<path>/my-project-name/50-Celebrities-Carrying-Chanel-BaGS-24.jpg</path>
	<source>
		<database>Unspecified</database>
	</source>
	<size>
		<width>688</width>
		<height>1000</height>
		<depth>3</depth>
	</size>
	<object>
		<name>channel</name>
		<pose>Unspecified</pose>
		<truncated>0</truncated>
		<difficult>0</difficult>
		<bndbox>
			<xmin>104</xmin>
			<ymin>449</ymin>
			<xmax>185</xmax>
			<ymax>696</ymax>
		</bndbox>
	</object>
	<object>
		<name>channel</name>
		<pose>Unspecified</pose>
		<truncated>0</truncated>
		<difficult>0</difficult>
		<bndbox>
			<xmin>126</xmin>
			<ymin>777</ymin>
			<xmax>192</xmax>
			<ymax>848</ymax>
		</bndbox>
	</object>
	<object>
		<name>channel</name>
		<pose>Unspecified</pose>
		<truncated>0</truncated>
		<difficult>0</difficult>
		<bndbox>
			<xmin>35</xmin>
			<ymin>679</ymin>
			<xmax>378</xmax>
			<ymax>914</ymax>
		</bndbox>
	</object>
</annotation>