<annotation>
	<folder>my-project-name</folder>
	<filename>50-Celebrities-Carrying-Chanel-BaGS-46.jpg</filename>
	<path>/my-project-name/50-Celebrities-Carrying-Chanel-BaGS-46.jpg</path>
	<source>
		<database>Unspecified</database>
	</source>
	<size>
		<width>707</width>
		<height>1000</height>
		<depth>3</depth>
	</size>
	<object>
		<name>channel</name>
		<pose>Unspecified</pose>
		<truncated>0</truncated>
		<difficult>0</difficult>
		<bndbox>
			<xmin>108</xmin>
			<ymin>814</ymin>
			<xmax>189</xmax>
			<ymax>873</ymax>
		</bndbox>
	</object>
	<object>
		<name>channel</name>
		<pose>Unspecified</pose>
		<truncated>0</truncated>
		<difficult>0</difficult>
		<bndbox>
			<xmin>55</xmin>
			<ymin>691</ymin>
			<xmax>309</xmax>
			<ymax>922</ymax>
		</bndbox>
	</object>
</annotation>