<annotation>
	<folder>my-project-name</folder>
	<filename>57190429-2_800x.jpg</filename>
	<path>/my-project-name/57190429-2_800x.jpg</path>
	<source>
		<database>Unspecified</database>
	</source>
	<size>
		<width>800</width>
		<height>800</height>
		<depth>3</depth>
	</size>
	<object>
		<name>channel</name>
		<pose>Unspecified</pose>
		<truncated>0</truncated>
		<difficult>0</difficult>
		<bndbox>
			<xmin>294</xmin>
			<ymin>416</ymin>
			<xmax>476</xmax>
			<ymax>553</ymax>
		</bndbox>
	</object>
	<object>
		<name>channel</name>
		<pose>Unspecified</pose>
		<truncated>0</truncated>
		<difficult>0</difficult>
		<bndbox>
			<xmin>112</xmin>
			<ymin>320</ymin>
			<xmax>655</xmax>
			<ymax>800</ymax>
		</bndbox>
	</object>
</annotation>