<annotation>
	<folder>my-project-name</folder>
	<filename>5c58b8c7175ff7833ed204abfe914987.jpg</filename>
	<path>/my-project-name/5c58b8c7175ff7833ed204abfe914987.jpg</path>
	<source>
		<database>Unspecified</database>
	</source>
	<size>
		<width>640</width>
		<height>708</height>
		<depth>3</depth>
	</size>
	<object>
		<name>channel</name>
		<pose>Unspecified</pose>
		<truncated>0</truncated>
		<difficult>0</difficult>
		<bndbox>
			<xmin>89</xmin>
			<ymin>333</ymin>
			<xmax>367</xmax>
			<ymax>574</ymax>
		</bndbox>
	</object>
	<object>
		<name>channel</name>
		<pose>Unspecified</pose>
		<truncated>0</truncated>
		<difficult>0</difficult>
		<bndbox>
			<xmin>192</xmin>
			<ymin>269</ymin>
			<xmax>226</xmax>
			<ymax>361</ymax>
		</bndbox>
	</object>
</annotation>