<annotation>
	<folder>my-project-name</folder>
	<filename>5f669eb0-e8be-44d3-8011-79d5ba8d302e.jpg</filename>
	<path>/my-project-name/5f669eb0-e8be-44d3-8011-79d5ba8d302e.jpg</path>
	<source>
		<database>Unspecified</database>
	</source>
	<size>
		<width>558</width>
		<height>327</height>
		<depth>3</depth>
	</size>
	<object>
		<name>channel</name>
		<pose>Unspecified</pose>
		<truncated>0</truncated>
		<difficult>0</difficult>
		<bndbox>
			<xmin>242</xmin>
			<ymin>183</ymin>
			<xmax>314</xmax>
			<ymax>238</ymax>
		</bndbox>
	</object>
	<object>
		<name>channel</name>
		<pose>Unspecified</pose>
		<truncated>0</truncated>
		<difficult>0</difficult>
		<bndbox>
			<xmin>194</xmin>
			<ymin>65</ymin>
			<xmax>353</xmax>
			<ymax>139</ymax>
		</bndbox>
	</object>
	<object>
		<name>channel</name>
		<pose>Unspecified</pose>
		<truncated>0</truncated>
		<difficult>0</difficult>
		<bndbox>
			<xmin>98</xmin>
			<ymin>41</ymin>
			<xmax>502</xmax>
			<ymax>285</ymax>
		</bndbox>
	</object>
</annotation>