<annotation>
	<folder>my-project-name</folder>
	<filename>6fda41fc721f278631a2c56da94c4d52.jpg</filename>
	<path>/my-project-name/6fda41fc721f278631a2c56da94c4d52.jpg</path>
	<source>
		<database>Unspecified</database>
	</source>
	<size>
		<width>496</width>
		<height>750</height>
		<depth>3</depth>
	</size>
	<object>
		<name>channel</name>
		<pose>Unspecified</pose>
		<truncated>0</truncated>
		<difficult>0</difficult>
		<bndbox>
			<xmin>324</xmin>
			<ymin>602</ymin>
			<xmax>363</xmax>
			<ymax>640</ymax>
		</bndbox>
	</object>
	<object>
		<name>channel</name>
		<pose>Unspecified</pose>
		<truncated>0</truncated>
		<difficult>0</difficult>
		<bndbox>
			<xmin>218</xmin>
			<ymin>503</ymin>
			<xmax>437</xmax>
			<ymax>695</ymax>
		</bndbox>
	</object>
	<object>
		<name>channel</name>
		<pose>Unspecified</pose>
		<truncated>0</truncated>
		<difficult>0</difficult>
		<bndbox>
			<xmin>417</xmin>
			<ymin>381</ymin>
			<xmax>434</xmax>
			<ymax>607</ymax>
		</bndbox>
	</object>
</annotation>