<annotation>
	<folder>my-project-name</folder>
	<filename>7d2b221abfcb0c36ed905d5edd04cc04--kardashian-fashion-kardashian-style.jpg</filename>
	<path>/my-project-name/7d2b221abfcb0c36ed905d5edd04cc04--kardashian-fashion-kardashian-style.jpg</path>
	<source>
		<database>Unspecified</database>
	</source>
	<size>
		<width>522</width>
		<height>750</height>
		<depth>3</depth>
	</size>
	<object>
		<name>channel</name>
		<pose>Unspecified</pose>
		<truncated>0</truncated>
		<difficult>0</difficult>
		<bndbox>
			<xmin>264</xmin>
			<ymin>536</ymin>
			<xmax>298</xmax>
			<ymax>561</ymax>
		</bndbox>
	</object>
	<object>
		<name>channel</name>
		<pose>Unspecified</pose>
		<truncated>0</truncated>
		<difficult>0</difficult>
		<bndbox>
			<xmin>280</xmin>
			<ymin>431</ymin>
			<xmax>305</xmax>
			<ymax>507</ymax>
		</bndbox>
	</object>
	<object>
		<name>channel</name>
		<pose>Unspecified</pose>
		<truncated>0</truncated>
		<difficult>0</difficult>
		<bndbox>
			<xmin>211</xmin>
			<ymin>507</ymin>
			<xmax>330</xmax>
			<ymax>583</ymax>
		</bndbox>
	</object>
</annotation>