<annotation>
	<folder>my-project-name</folder>
	<filename>7e35d53a5230d7572971ddd5d7857fa4.jpg</filename>
	<path>/my-project-name/7e35d53a5230d7572971ddd5d7857fa4.jpg</path>
	<source>
		<database>Unspecified</database>
	</source>
	<size>
		<width>615</width>
		<height>1000</height>
		<depth>3</depth>
	</size>
	<object>
		<name>channel</name>
		<pose>Unspecified</pose>
		<truncated>0</truncated>
		<difficult>0</difficult>
		<bndbox>
			<xmin>196</xmin>
			<ymin>878</ymin>
			<xmax>240</xmax>
			<ymax>908</ymax>
		</bndbox>
	</object>
	<object>
		<name>channel</name>
		<pose>Unspecified</pose>
		<truncated>0</truncated>
		<difficult>0</difficult>
		<bndbox>
			<xmin>121</xmin>
			<ymin>792</ymin>
			<xmax>323</xmax>
			<ymax>944</ymax>
		</bndbox>
	</object>
	<object>
		<name>channel</name>
		<pose>Unspecified</pose>
		<truncated>0</truncated>
		<difficult>0</difficult>
		<bndbox>
			<xmin>143</xmin>
			<ymin>705</ymin>
			<xmax>165</xmax>
			<ymax>807</ymax>
		</bndbox>
	</object>
</annotation>