<annotation>
	<folder>my-project-name</folder>
	<filename>86322230132022035114332627.jpg</filename>
	<path>/my-project-name/86322230132022035114332627.jpg</path>
	<source>
		<database>Unspecified</database>
	</source>
	<size>
		<width>800</width>
		<height>800</height>
		<depth>3</depth>
	</size>
	<object>
		<name>channel</name>
		<pose>Unspecified</pose>
		<truncated>0</truncated>
		<difficult>0</difficult>
		<bndbox>
			<xmin>349</xmin>
			<ymin>406</ymin>
			<xmax>453</xmax>
			<ymax>476</ymax>
		</bndbox>
	</object>
	<object>
		<name>channel</name>
		<pose>Unspecified</pose>
		<truncated>0</truncated>
		<difficult>0</difficult>
		<bndbox>
			<xmin>175</xmin>
			<ymin>335</ymin>
			<xmax>639</xmax>
			<ymax>710</ymax>
		</bndbox>
	</object>
</annotation>