<annotation>
	<folder>my-project-name</folder>
	<filename>93176925_M_1500.jpg</filename>
	<path>/my-project-name/93176925_M_1500.jpg</path>
	<source>
		<database>Unspecified</database>
	</source>
	<size>
		<width>1500</width>
		<height>1500</height>
		<depth>3</depth>
	</size>
	<object>
		<name>channel</name>
		<pose>Unspecified</pose>
		<truncated>0</truncated>
		<difficult>0</difficult>
		<bndbox>
			<xmin>585</xmin>
			<ymin>849</ymin>
			<xmax>956</xmax>
			<ymax>1125</ymax>
		</bndbox>
	</object>
	<object>
		<name>channel</name>
		<pose>Unspecified</pose>
		<truncated>0</truncated>
		<difficult>0</difficult>
		<bndbox>
			<xmin>434</xmin>
			<ymin>504</ymin>
			<xmax>1011</xmax>
			<ymax>743</ymax>
		</bndbox>
	</object>
	<object>
		<name>channel</name>
		<pose>Unspecified</pose>
		<truncated>0</truncated>
		<difficult>0</difficult>
		<bndbox>
			<xmin>55</xmin>
			<ymin>412</ymin>
			<xmax>1338</xmax>
			<ymax>1331</ymax>
		</bndbox>
	</object>
</annotation>