<annotation>
	<folder>my-project-name</folder>
	<filename>_tmp_4485d8ac8593085ca6144018b58601b60201view.jpg</filename>
	<path>/my-project-name/_tmp_4485d8ac8593085ca6144018b58601b60201view.jpg</path>
	<source>
		<database>Unspecified</database>
	</source>
	<size>
		<width>600</width>
		<height>600</height>
		<depth>3</depth>
	</size>
	<object>
		<name>channel</name>
		<pose>Unspecified</pose>
		<truncated>0</truncated>
		<difficult>0</difficult>
		<bndbox>
			<xmin>203</xmin>
			<ymin>282</ymin>
			<xmax>306</xmax>
			<ymax>338</ymax>
		</bndbox>
	</object>
	<object>
		<name>channel</name>
		<pose>Unspecified</pose>
		<truncated>0</truncated>
		<difficult>0</difficult>
		<bndbox>
			<xmin>87</xmin>
			<ymin>235</ymin>
			<xmax>535</xmax>
			<ymax>550</ymax>
		</bndbox>
	</object>
</annotation>