<annotation>
	<folder>my-project-name</folder>
	<filename>_tmp_93da2b493ad342be91ff551e5939da853162view.jpg</filename>
	<path>/my-project-name/_tmp_93da2b493ad342be91ff551e5939da853162view.jpg</path>
	<source>
		<database>Unspecified</database>
	</source>
	<size>
		<width>600</width>
		<height>600</height>
		<depth>3</depth>
	</size>
	<object>
		<name>channel</name>
		<pose>Unspecified</pose>
		<truncated>0</truncated>
		<difficult>0</difficult>
		<bndbox>
			<xmin>90</xmin>
			<ymin>216</ymin>
			<xmax>496</xmax>
			<ymax>560</ymax>
		</bndbox>
	</object>
	<object>
		<name>channel</name>
		<pose>Unspecified</pose>
		<truncated>0</truncated>
		<difficult>0</difficult>
		<bndbox>
			<xmin>218</xmin>
			<ymin>312</ymin>
			<xmax>378</xmax>
			<ymax>453</ymax>
		</bndbox>
	</object>
</annotation>