<annotation>
	<folder>my-project-name</folder>
	<filename>a4160d3d8f780698a3877181a1706d4d--chanel-handbags-chanel-bags.jpg</filename>
	<path>/my-project-name/a4160d3d8f780698a3877181a1706d4d--chanel-handbags-chanel-bags.jpg</path>
	<source>
		<database>Unspecified</database>
	</source>
	<size>
		<width>556</width>
		<height>750</height>
		<depth>3</depth>
	</size>
	<object>
		<name>channel</name>
		<pose>Unspecified</pose>
		<truncated>0</truncated>
		<difficult>0</difficult>
		<bndbox>
			<xmin>287</xmin>
			<ymin>513</ymin>
			<xmax>491</xmax>
			<ymax>700</ymax>
		</bndbox>
	</object>
	<object>
		<name>channel</name>
		<pose>Unspecified</pose>
		<truncated>0</truncated>
		<difficult>0</difficult>
		<bndbox>
			<xmin>341</xmin>
			<ymin>577</ymin>
			<xmax>403</xmax>
			<ymax>673</ymax>
		</bndbox>
	</object>
	<object>
		<name>channel</name>
		<pose>Unspecified</pose>
		<truncated>0</truncated>
		<difficult>0</difficult>
		<bndbox>
			<xmin>315</xmin>
			<ymin>526</ymin>
			<xmax>352</xmax>
			<ymax>619</ymax>
		</bndbox>
	</object>
</annotation>