<annotation>
	<folder>my-project-name</folder>
	<filename>al-lambskin-gold-tone-metal-packshot-default-a35200y0405994305-8860278947870.jpg</filename>
	<path>/my-project-name/al-lambskin-gold-tone-metal-packshot-default-a35200y0405994305-8860278947870.jpg</path>
	<source>
		<database>Unspecified</database>
	</source>
	<size>
		<width>428</width>
		<height>428</height>
		<depth>3</depth>
	</size>
	<object>
		<name>channel</name>
		<pose>Unspecified</pose>
		<truncated>0</truncated>
		<difficult>0</difficult>
		<bndbox>
			<xmin>186</xmin>
			<ymin>238</ymin>
			<xmax>253</xmax>
			<ymax>295</ymax>
		</bndbox>
	</object>
	<object>
		<name>channel</name>
		<pose>Unspecified</pose>
		<truncated>0</truncated>
		<difficult>0</difficult>
		<bndbox>
			<xmin>133</xmin>
			<ymin>147</ymin>
			<xmax>254</xmax>
			<ymax>190</ymax>
		</bndbox>
	</object>
	<object>
		<name>channel</name>
		<pose>Unspecified</pose>
		<truncated>0</truncated>
		<difficult>0</difficult>
		<bndbox>
			<xmin>249</xmin>
			<ymin>162</ymin>
			<xmax>328</xmax>
			<ymax>295</ymax>
		</bndbox>
	</object>
	<object>
		<name>channel</name>
		<pose>Unspecified</pose>
		<truncated>0</truncated>
		<difficult>0</difficult>
		<bndbox>
			<xmin>83</xmin>
			<ymin>119</ymin>
			<xmax>346</xmax>
			<ymax>309</ymax>
		</bndbox>
	</object>
</annotation>