<annotation>
	<folder>my-project-name</folder>
	<filename>al-lambskin-gold-tone-metal-packshot-default-a01112y0129594305-8855279566878.jpg</filename>
	<path>/my-project-name/al-lambskin-gold-tone-metal-packshot-default-a01112y0129594305-8855279566878.jpg</path>
	<source>
		<database>Unspecified</database>
	</source>
	<size>
		<width>150</width>
		<height>150</height>
		<depth>3</depth>
	</size>
	<object>
		<name>channel</name>
		<pose>Unspecified</pose>
		<truncated>0</truncated>
		<difficult>0</difficult>
		<bndbox>
			<xmin>61</xmin>
			<ymin>77</ymin>
			<xmax>86</xmax>
			<ymax>103</ymax>
		</bndbox>
	</object>
	<object>
		<name>channel</name>
		<pose>Unspecified</pose>
		<truncated>0</truncated>
		<difficult>0</difficult>
		<bndbox>
			<xmin>45</xmin>
			<ymin>57</ymin>
			<xmax>95</xmax>
			<ymax>73</ymax>
		</bndbox>
	</object>
	<object>
		<name>channel</name>
		<pose>Unspecified</pose>
		<truncated>0</truncated>
		<difficult>0</difficult>
		<bndbox>
			<xmin>101</xmin>
			<ymin>65</ymin>
			<xmax>118</xmax>
			<ymax>95</ymax>
		</bndbox>
	</object>
	<object>
		<name>channel</name>
		<pose>Unspecified</pose>
		<truncated>0</truncated>
		<difficult>0</difficult>
		<bndbox>
			<xmin>26</xmin>
			<ymin>46</ymin>
			<xmax>135</xmax>
			<ymax>114</ymax>
		</bndbox>
	</object>
</annotation>