<annotation>
	<folder>my-project-name</folder>
	<filename>al-lambskin-gold-tone-metal-packshot-default-a92236y6076794305-9516520767518.jpg</filename>
	<path>/my-project-name/al-lambskin-gold-tone-metal-packshot-default-a92236y6076794305-9516520767518.jpg</path>
	<source>
		<database>Unspecified</database>
	</source>
	<size>
		<width>150</width>
		<height>150</height>
		<depth>3</depth>
	</size>
	<object>
		<name>channel</name>
		<pose>Unspecified</pose>
		<truncated>0</truncated>
		<difficult>0</difficult>
		<bndbox>
			<xmin>66</xmin>
			<ymin>75</ymin>
			<xmax>88</xmax>
			<ymax>92</ymax>
		</bndbox>
	</object>
	<object>
		<name>channel</name>
		<pose>Unspecified</pose>
		<truncated>0</truncated>
		<difficult>0</difficult>
		<bndbox>
			<xmin>38</xmin>
			<ymin>64</ymin>
			<xmax>63</xmax>
			<ymax>109</ymax>
		</bndbox>
	</object>
	<object>
		<name>channel</name>
		<pose>Unspecified</pose>
		<truncated>0</truncated>
		<difficult>0</difficult>
		<bndbox>
			<xmin>100</xmin>
			<ymin>82</ymin>
			<xmax>117</xmax>
			<ymax>125</ymax>
		</bndbox>
	</object>
	<object>
		<name>channel</name>
		<pose>Unspecified</pose>
		<truncated>0</truncated>
		<difficult>0</difficult>
		<bndbox>
			<xmin>25</xmin>
			<ymin>57</ymin>
			<xmax>126</xmax>
			<ymax>132</ymax>
		</bndbox>
	</object>
</annotation>