<annotation>
	<folder>my-project-name</folder>
	<filename>alfskin-gold-tone-metal-packshot-alternative-a58601y01864c3906-8855284187166.jpg</filename>
	<path>/my-project-name/alfskin-gold-tone-metal-packshot-alternative-a58601y01864c3906-8855284187166.jpg</path>
	<source>
		<database>Unspecified</database>
	</source>
	<size>
		<width>428</width>
		<height>428</height>
		<depth>3</depth>
	</size>
	<object>
		<name>channel</name>
		<pose>Unspecified</pose>
		<truncated>0</truncated>
		<difficult>0</difficult>
		<bndbox>
			<xmin>77</xmin>
			<ymin>157</ymin>
			<xmax>376</xmax>
			<ymax>305</ymax>
		</bndbox>
	</object>
	<object>
		<name>channel</name>
		<pose>Unspecified</pose>
		<truncated>0</truncated>
		<difficult>0</difficult>
		<bndbox>
			<xmin>80</xmin>
			<ymin>109</ymin>
			<xmax>346</xmax>
			<ymax>157</ymax>
		</bndbox>
	</object>
	<object>
		<name>channel</name>
		<pose>Unspecified</pose>
		<truncated>0</truncated>
		<difficult>0</difficult>
		<bndbox>
			<xmin>56</xmin>
			<ymin>89</ymin>
			<xmax>387</xmax>
			<ymax>346</ymax>
		</bndbox>
	</object>
</annotation>