<annotation>
	<folder>my-project-name</folder>
	<filename>alfskin-gold-tone-metal-packshot-alternative-a37586y04634c3906-8855279861790.jpg</filename>
	<path>/my-project-name/alfskin-gold-tone-metal-packshot-alternative-a37586y04634c3906-8855279861790.jpg</path>
	<source>
		<database>Unspecified</database>
	</source>
	<size>
		<width>228</width>
		<height>228</height>
		<depth>3</depth>
	</size>
	<object>
		<name>channel</name>
		<pose>Unspecified</pose>
		<truncated>0</truncated>
		<difficult>0</difficult>
		<bndbox>
			<xmin>44</xmin>
			<ymin>69</ymin>
			<xmax>194</xmax>
			<ymax>168</ymax>
		</bndbox>
	</object>
	<object>
		<name>channel</name>
		<pose>Unspecified</pose>
		<truncated>0</truncated>
		<difficult>0</difficult>
		<bndbox>
			<xmin>47</xmin>
			<ymin>92</ymin>
			<xmax>172</xmax>
			<ymax>153</ymax>
		</bndbox>
	</object>
</annotation>