<annotation>
	<folder>my-project-name</folder>
	<filename>alfskin-gold-tone-metal-packshot-alternative-a01113y01864c3906-8855279337502.jpg</filename>
	<path>/my-project-name/alfskin-gold-tone-metal-packshot-alternative-a01113y01864c3906-8855279337502.jpg</path>
	<source>
		<database>Unspecified</database>
	</source>
	<size>
		<width>228</width>
		<height>228</height>
		<depth>3</depth>
	</size>
	<object>
		<name>channel</name>
		<pose>Unspecified</pose>
		<truncated>0</truncated>
		<difficult>0</difficult>
		<bndbox>
			<xmin>68</xmin>
			<ymin>110</ymin>
			<xmax>164</xmax>
			<ymax>135</ymax>
		</bndbox>
	</object>
	<object>
		<name>channel</name>
		<pose>Unspecified</pose>
		<truncated>0</truncated>
		<difficult>0</difficult>
		<bndbox>
			<xmin>46</xmin>
			<ymin>100</ymin>
			<xmax>194</xmax>
			<ymax>187</ymax>
		</bndbox>
	</object>
</annotation>