<annotation>
	<folder>my-project-name</folder>
	<filename>ambskin-gold-metal--packshot-artistique-vue2-as3714b09837nl555-9516411158558.jpg</filename>
	<path>/my-project-name/ambskin-gold-metal--packshot-artistique-vue2-as3714b09837nl555-9516411158558.jpg</path>
	<source>
		<database>Unspecified</database>
	</source>
	<size>
		<width>228</width>
		<height>266</height>
		<depth>3</depth>
	</size>
	<object>
		<name>channel</name>
		<pose>Unspecified</pose>
		<truncated>0</truncated>
		<difficult>0</difficult>
		<bndbox>
			<xmin>55</xmin>
			<ymin>111</ymin>
			<xmax>78</xmax>
			<ymax>136</ymax>
		</bndbox>
	</object>
	<object>
		<name>channel</name>
		<pose>Unspecified</pose>
		<truncated>0</truncated>
		<difficult>0</difficult>
		<bndbox>
			<xmin>14</xmin>
			<ymin>27</ymin>
			<xmax>155</xmax>
			<ymax>156</ymax>
		</bndbox>
	</object>
</annotation>