<annotation>
	<folder>my-project-name</folder>
	<filename>ambskin-black-metal-packshot-artistique-vue1-a69923b0896010601-8855847796766.jpg</filename>
	<path>/my-project-name/ambskin-black-metal-packshot-artistique-vue1-a69923b0896010601-8855847796766.jpg</path>
	<source>
		<database>Unspecified</database>
	</source>
	<size>
		<width>150</width>
		<height>175</height>
		<depth>3</depth>
	</size>
	<object>
		<name>channel</name>
		<pose>Unspecified</pose>
		<truncated>0</truncated>
		<difficult>0</difficult>
		<bndbox>
			<xmin>55</xmin>
			<ymin>75</ymin>
			<xmax>82</xmax>
			<ymax>93</ymax>
		</bndbox>
	</object>
	<object>
		<name>channel</name>
		<pose>Unspecified</pose>
		<truncated>0</truncated>
		<difficult>0</difficult>
		<bndbox>
			<xmin>38</xmin>
			<ymin>62</ymin>
			<xmax>59</xmax>
			<ymax>116</ymax>
		</bndbox>
	</object>
	<object>
		<name>channel</name>
		<pose>Unspecified</pose>
		<truncated>0</truncated>
		<difficult>0</difficult>
		<bndbox>
			<xmin>14</xmin>
			<ymin>57</ymin>
			<xmax>128</xmax>
			<ymax>127</ymax>
		</bndbox>
	</object>
</annotation>