<annotation>
	<folder>my-project-name</folder>
	<filename>ambskin-gold-tone-metal-packshot-alternative-a69900y0405994305-8855283433502.jpg</filename>
	<path>/my-project-name/ambskin-gold-tone-metal-packshot-alternative-a69900y0405994305-8855283433502.jpg</path>
	<source>
		<database>Unspecified</database>
	</source>
	<size>
		<width>228</width>
		<height>228</height>
		<depth>3</depth>
	</size>
	<object>
		<name>channel</name>
		<pose>Unspecified</pose>
		<truncated>0</truncated>
		<difficult>0</difficult>
		<bndbox>
			<xmin>39</xmin>
			<ymin>70</ymin>
			<xmax>187</xmax>
			<ymax>161</ymax>
		</bndbox>
	</object>
	<object>
		<name>channel</name>
		<pose>Unspecified</pose>
		<truncated>0</truncated>
		<difficult>0</difficult>
		<bndbox>
			<xmin>70</xmin>
			<ymin>98</ymin>
			<xmax>169</xmax>
			<ymax>141</ymax>
		</bndbox>
	</object>
</annotation>