<annotation>
	<folder>my-project-name</folder>
	<filename>ambskin-gold-metal--packshot-artistique-vue1-as3713b09837nl555-9516416204830.jpg</filename>
	<path>/my-project-name/ambskin-gold-metal--packshot-artistique-vue1-as3713b09837nl555-9516416204830.jpg</path>
	<source>
		<database>Unspecified</database>
	</source>
	<size>
		<width>150</width>
		<height>175</height>
		<depth>3</depth>
	</size>
	<object>
		<name>channel</name>
		<pose>Unspecified</pose>
		<truncated>0</truncated>
		<difficult>0</difficult>
		<bndbox>
			<xmin>69</xmin>
			<ymin>132</ymin>
			<xmax>85</xmax>
			<ymax>142</ymax>
		</bndbox>
	</object>
	<object>
		<name>channel</name>
		<pose>Unspecified</pose>
		<truncated>0</truncated>
		<difficult>0</difficult>
		<bndbox>
			<xmin>45</xmin>
			<ymin>103</ymin>
			<xmax>112</xmax>
			<ymax>158</ymax>
		</bndbox>
	</object>
</annotation>