<annotation>
	<folder>my-project-name</folder>
	<filename>ambskin-black-metal-packshot-artistique-vue2-a92236b0896094305-8855830757406.jpg</filename>
	<path>/my-project-name/ambskin-black-metal-packshot-artistique-vue2-a92236b0896094305-8855830757406.jpg</path>
	<source>
		<database>Unspecified</database>
	</source>
	<size>
		<width>228</width>
		<height>266</height>
		<depth>3</depth>
	</size>
	<object>
		<name>channel</name>
		<pose>Unspecified</pose>
		<truncated>0</truncated>
		<difficult>0</difficult>
		<bndbox>
			<xmin>75</xmin>
			<ymin>121</ymin>
			<xmax>110</xmax>
			<ymax>162</ymax>
		</bndbox>
	</object>
	<object>
		<name>channel</name>
		<pose>Unspecified</pose>
		<truncated>0</truncated>
		<difficult>0</difficult>
		<bndbox>
			<xmin>26</xmin>
			<ymin>69</ymin>
			<xmax>190</xmax>
			<ymax>213</ymax>
		</bndbox>
	</object>
</annotation>