<annotation>
	<folder>my-project-name</folder>
	<filename>arl-gold-tone-metal-packshot-artistique-vue2-as3715b09838nl556-9516406603806.jpg</filename>
	<path>/my-project-name/arl-gold-tone-metal-packshot-artistique-vue2-as3715b09838nl556-9516406603806.jpg</path>
	<source>
		<database>Unspecified</database>
	</source>
	<size>
		<width>428</width>
		<height>500</height>
		<depth>3</depth>
	</size>
	<object>
		<name>channel</name>
		<pose>Unspecified</pose>
		<truncated>0</truncated>
		<difficult>0</difficult>
		<bndbox>
			<xmin>77</xmin>
			<ymin>53</ymin>
			<xmax>275</xmax>
			<ymax>326</ymax>
		</bndbox>
	</object>
	<object>
		<name>channel</name>
		<pose>Unspecified</pose>
		<truncated>0</truncated>
		<difficult>0</difficult>
		<bndbox>
			<xmin>143</xmin>
			<ymin>93</ymin>
			<xmax>194</xmax>
			<ymax>132</ymax>
		</bndbox>
	</object>
</annotation>