<annotation>
	<folder>my-project-name</folder>
	<filename>ass-gold-tone-metal-packshot-artistique-vue1-as3720b1005894305-9516413943838.jpg</filename>
	<path>/my-project-name/ass-gold-tone-metal-packshot-artistique-vue1-as3720b1005894305-9516413943838.jpg</path>
	<source>
		<database>Unspecified</database>
	</source>
	<size>
		<width>428</width>
		<height>500</height>
		<depth>3</depth>
	</size>
	<object>
		<name>channel</name>
		<pose>Unspecified</pose>
		<truncated>0</truncated>
		<difficult>0</difficult>
		<bndbox>
			<xmin>188</xmin>
			<ymin>232</ymin>
			<xmax>257</xmax>
			<ymax>286</ymax>
		</bndbox>
	</object>
	<object>
		<name>channel</name>
		<pose>Unspecified</pose>
		<truncated>0</truncated>
		<difficult>0</difficult>
		<bndbox>
			<xmin>136</xmin>
			<ymin>156</ymin>
			<xmax>181</xmax>
			<ymax>279</ymax>
		</bndbox>
	</object>
	<object>
		<name>channel</name>
		<pose>Unspecified</pose>
		<truncated>0</truncated>
		<difficult>0</difficult>
		<bndbox>
			<xmin>104</xmin>
			<ymin>127</ymin>
			<xmax>357</xmax>
			<ymax>325</ymax>
		</bndbox>
	</object>
</annotation>