<annotation>
	<folder>my-project-name</folder>
	<filename>ass-gold-tone-metal-packshot-artistique-vue2-as3720b10058nl303-9516414369822.jpg</filename>
	<path>/my-project-name/ass-gold-tone-metal-packshot-artistique-vue2-as3720b10058nl303-9516414369822.jpg</path>
	<source>
		<database>Unspecified</database>
	</source>
	<size>
		<width>228</width>
		<height>266</height>
		<depth>3</depth>
	</size>
	<object>
		<name>channel</name>
		<pose>Unspecified</pose>
		<truncated>0</truncated>
		<difficult>0</difficult>
		<bndbox>
			<xmin>79</xmin>
			<ymin>130</ymin>
			<xmax>138</xmax>
			<ymax>171</ymax>
		</bndbox>
	</object>
	<object>
		<name>channel</name>
		<pose>Unspecified</pose>
		<truncated>0</truncated>
		<difficult>0</difficult>
		<bndbox>
			<xmin>47</xmin>
			<ymin>52</ymin>
			<xmax>212</xmax>
			<ymax>200</ymax>
		</bndbox>
	</object>
	<object>
		<name>channel</name>
		<pose>Unspecified</pose>
		<truncated>0</truncated>
		<difficult>0</difficult>
		<bndbox>
			<xmin>139</xmin>
			<ymin>84</ymin>
			<xmax>183</xmax>
			<ymax>145</ymax>
		</bndbox>
	</object>
</annotation>