<annotation>
	<folder>my-project-name</folder>
	<filename>ass-gold-tone-metal-packshot-artistique-vue2-as3732b1011194305-9516407062558.jpg</filename>
	<path>/my-project-name/ass-gold-tone-metal-packshot-artistique-vue2-as3732b1011194305-9516407062558.jpg</path>
	<source>
		<database>Unspecified</database>
	</source>
	<size>
		<width>428</width>
		<height>500</height>
		<depth>3</depth>
	</size>
	<object>
		<name>channel</name>
		<pose>Unspecified</pose>
		<truncated>0</truncated>
		<difficult>0</difficult>
		<bndbox>
			<xmin>145</xmin>
			<ymin>145</ymin>
			<xmax>248</xmax>
			<ymax>181</ymax>
		</bndbox>
	</object>
	<object>
		<name>channel</name>
		<pose>Unspecified</pose>
		<truncated>0</truncated>
		<difficult>0</difficult>
		<bndbox>
			<xmin>18</xmin>
			<ymin>64</ymin>
			<xmax>354</xmax>
			<ymax>354</ymax>
		</bndbox>
	</object>
	<object>
		<name>channel</name>
		<pose>Unspecified</pose>
		<truncated>0</truncated>
		<difficult>0</difficult>
		<bndbox>
			<xmin>55</xmin>
			<ymin>197</ymin>
			<xmax>214</xmax>
			<ymax>295</ymax>
		</bndbox>
	</object>
	<object>
		<name>channel</name>
		<pose>Unspecified</pose>
		<truncated>0</truncated>
		<difficult>0</difficult>
		<bndbox>
			<xmin>281</xmin>
			<ymin>184</ymin>
			<xmax>322</xmax>
			<ymax>286</ymax>
		</bndbox>
	</object>
</annotation>