<annotation>
	<folder>my-project-name</folder>
	<filename>ass-gold-tone-metal-packshot-artistique-vue1-as3748b1011394305-9516410863646.jpg</filename>
	<path>/my-project-name/ass-gold-tone-metal-packshot-artistique-vue1-as3748b1011394305-9516410863646.jpg</path>
	<source>
		<database>Unspecified</database>
	</source>
	<size>
		<width>150</width>
		<height>175</height>
		<depth>3</depth>
	</size>
	<object>
		<name>channel</name>
		<pose>Unspecified</pose>
		<truncated>0</truncated>
		<difficult>0</difficult>
		<bndbox>
			<xmin>67</xmin>
			<ymin>99</ymin>
			<xmax>91</xmax>
			<ymax>118</ymax>
		</bndbox>
	</object>
	<object>
		<name>channel</name>
		<pose>Unspecified</pose>
		<truncated>0</truncated>
		<difficult>0</difficult>
		<bndbox>
			<xmin>74</xmin>
			<ymin>75</ymin>
			<xmax>106</xmax>
			<ymax>98</ymax>
		</bndbox>
	</object>
	<object>
		<name>channel</name>
		<pose>Unspecified</pose>
		<truncated>0</truncated>
		<difficult>0</difficult>
		<bndbox>
			<xmin>35</xmin>
			<ymin>57</ymin>
			<xmax>126</xmax>
			<ymax>130</ymax>
		</bndbox>
	</object>
</annotation>