<annotation>
	<folder>my-project-name</folder>
	<filename>bd541f002df819e0d096e9bf88997ec5.jpg</filename>
	<path>/my-project-name/bd541f002df819e0d096e9bf88997ec5.jpg</path>
	<source>
		<database>Unspecified</database>
	</source>
	<size>
		<width>404</width>
		<height>594</height>
		<depth>3</depth>
	</size>
	<object>
		<name>channel</name>
		<pose>Unspecified</pose>
		<truncated>0</truncated>
		<difficult>0</difficult>
		<bndbox>
			<xmin>23</xmin>
			<ymin>406</ymin>
			<xmax>196</xmax>
			<ymax>528</ymax>
		</bndbox>
	</object>
	<object>
		<name>channel</name>
		<pose>Unspecified</pose>
		<truncated>0</truncated>
		<difficult>0</difficult>
		<bndbox>
			<xmin>75</xmin>
			<ymin>470</ymin>
			<xmax>103</xmax>
			<ymax>505</ymax>
		</bndbox>
	</object>
</annotation>