<annotation>
	<folder>my-project-name</folder>
	<filename>bd6pd3855358414ed1.jpg</filename>
	<path>/my-project-name/bd6pd3855358414ed1.jpg</path>
	<source>
		<database>Unspecified</database>
	</source>
	<size>
		<width>828</width>
		<height>1013</height>
		<depth>3</depth>
	</size>
	<object>
		<name>channel</name>
		<pose>Unspecified</pose>
		<truncated>0</truncated>
		<difficult>0</difficult>
		<bndbox>
			<xmin>332</xmin>
			<ymin>593</ymin>
			<xmax>496</xmax>
			<ymax>710</ymax>
		</bndbox>
	</object>
	<object>
		<name>channel</name>
		<pose>Unspecified</pose>
		<truncated>0</truncated>
		<difficult>0</difficult>
		<bndbox>
			<xmin>349</xmin>
			<ymin>415</ymin>
			<xmax>553</xmax>
			<ymax>499</ymax>
		</bndbox>
	</object>
	<object>
		<name>channel</name>
		<pose>Unspecified</pose>
		<truncated>0</truncated>
		<difficult>0</difficult>
		<bndbox>
			<xmin>86</xmin>
			<ymin>348</ymin>
			<xmax>764</xmax>
			<ymax>842</ymax>
		</bndbox>
	</object>
</annotation>