<annotation>
	<folder>my-project-name</folder>
	<filename>bd6pd3421501937ed6.jpg</filename>
	<path>/my-project-name/bd6pd3421501937ed6.jpg</path>
	<source>
		<database>Unspecified</database>
	</source>
	<size>
		<width>870</width>
		<height>1160</height>
		<depth>3</depth>
	</size>
	<object>
		<name>channel</name>
		<pose>Unspecified</pose>
		<truncated>0</truncated>
		<difficult>0</difficult>
		<bndbox>
			<xmin>139</xmin>
			<ymin>395</ymin>
			<xmax>771</xmax>
			<ymax>1100</ymax>
		</bndbox>
	</object>
	<object>
		<name>channel</name>
		<pose>Unspecified</pose>
		<truncated>0</truncated>
		<difficult>0</difficult>
		<bndbox>
			<xmin>313</xmin>
			<ymin>594</ymin>
			<xmax>537</xmax>
			<ymax>847</ymax>
		</bndbox>
	</object>
</annotation>