<annotation>
	<folder>my-project-name</folder>
	<filename>bd6pd3958195847ed8.jpg</filename>
	<path>/my-project-name/bd6pd3958195847ed8.jpg</path>
	<source>
		<database>Unspecified</database>
	</source>
	<size>
		<width>930</width>
		<height>698</height>
		<depth>3</depth>
	</size>
	<object>
		<name>channel</name>
		<pose>Unspecified</pose>
		<truncated>0</truncated>
		<difficult>0</difficult>
		<bndbox>
			<xmin>391</xmin>
			<ymin>438</ymin>
			<xmax>554</xmax>
			<ymax>553</ymax>
		</bndbox>
	</object>
	<object>
		<name>channel</name>
		<pose>Unspecified</pose>
		<truncated>0</truncated>
		<difficult>0</difficult>
		<bndbox>
			<xmin>314</xmin>
			<ymin>361</ymin>
			<xmax>663</xmax>
			<ymax>447</ymax>
		</bndbox>
	</object>
	<object>
		<name>channel</name>
		<pose>Unspecified</pose>
		<truncated>0</truncated>
		<difficult>0</difficult>
		<bndbox>
			<xmin>82</xmin>
			<ymin>176</ymin>
			<xmax>835</xmax>
			<ymax>660</ymax>
		</bndbox>
	</object>
	<object>
		<name>channel</name>
		<pose>Unspecified</pose>
		<truncated>0</truncated>
		<difficult>0</difficult>
		<bndbox>
			<xmin>270</xmin>
			<ymin>212</ymin>
			<xmax>434</xmax>
			<ymax>337</ymax>
		</bndbox>
	</object>
</annotation>