<annotation>
	<folder>my-project-name</folder>
	<filename>bd6pd2293685120ed3.jpg</filename>
	<path>/my-project-name/bd6pd2293685120ed3.jpg</path>
	<source>
		<database>Unspecified</database>
	</source>
	<size>
		<width>700</width>
		<height>758</height>
		<depth>3</depth>
	</size>
	<object>
		<name>channel</name>
		<pose>Unspecified</pose>
		<truncated>0</truncated>
		<difficult>0</difficult>
		<bndbox>
			<xmin>105</xmin>
			<ymin>258</ymin>
			<xmax>463</xmax>
			<ymax>706</ymax>
		</bndbox>
	</object>
	<object>
		<name>channel</name>
		<pose>Unspecified</pose>
		<truncated>0</truncated>
		<difficult>0</difficult>
		<bndbox>
			<xmin>179</xmin>
			<ymin>381</ymin>
			<xmax>361</xmax>
			<ymax>613</ymax>
		</bndbox>
	</object>
</annotation>