<annotation>
	<folder>my-project-name</folder>
	<filename>bea-alonzo-bags-1.jpg</filename>
	<path>/my-project-name/bea-alonzo-bags-1.jpg</path>
	<source>
		<database>Unspecified</database>
	</source>
	<size>
		<width>1000</width>
		<height>1245</height>
		<depth>3</depth>
	</size>
	<object>
		<name>channel</name>
		<pose>Unspecified</pose>
		<truncated>0</truncated>
		<difficult>0</difficult>
		<bndbox>
			<xmin>311</xmin>
			<ymin>976</ymin>
			<xmax>381</xmax>
			<ymax>1044</ymax>
		</bndbox>
	</object>
	<object>
		<name>channel</name>
		<pose>Unspecified</pose>
		<truncated>0</truncated>
		<difficult>0</difficult>
		<bndbox>
			<xmin>253</xmin>
			<ymin>799</ymin>
			<xmax>509</xmax>
			<ymax>1102</ymax>
		</bndbox>
	</object>
</annotation>