<annotation>
	<folder>my-project-name</folder>
	<filename>Bella-Thorne-Chanel-Classic-Flap-Bag.jpg</filename>
	<path>/my-project-name/Bella-Thorne-Chanel-Classic-Flap-Bag.jpg</path>
	<source>
		<database>Unspecified</database>
	</source>
	<size>
		<width>747</width>
		<height>1000</height>
		<depth>3</depth>
	</size>
	<object>
		<name>channel</name>
		<pose>Unspecified</pose>
		<truncated>0</truncated>
		<difficult>0</difficult>
		<bndbox>
			<xmin>384</xmin>
			<ymin>595</ymin>
			<xmax>413</xmax>
			<ymax>685</ymax>
		</bndbox>
	</object>
	<object>
		<name>channel</name>
		<pose>Unspecified</pose>
		<truncated>0</truncated>
		<difficult>0</difficult>
		<bndbox>
			<xmin>371</xmin>
			<ymin>738</ymin>
			<xmax>396</xmax>
			<ymax>766</ymax>
		</bndbox>
	</object>
	<object>
		<name>channel</name>
		<pose>Unspecified</pose>
		<truncated>0</truncated>
		<difficult>0</difficult>
		<bndbox>
			<xmin>269</xmin>
			<ymin>665</ymin>
			<xmax>474</xmax>
			<ymax>838</ymax>
		</bndbox>
	</object>
</annotation>