<annotation>
	<folder>my-project-name</folder>
	<filename>Best-Chanel-Bags.jpg</filename>
	<path>/my-project-name/Best-Chanel-Bags.jpg</path>
	<source>
		<database>Unspecified</database>
	</source>
	<size>
		<width>728</width>
		<height>1091</height>
		<depth>3</depth>
	</size>
	<object>
		<name>channel</name>
		<pose>Unspecified</pose>
		<truncated>0</truncated>
		<difficult>0</difficult>
		<bndbox>
			<xmin>316</xmin>
			<ymin>669</ymin>
			<xmax>426</xmax>
			<ymax>765</ymax>
		</bndbox>
	</object>
	<object>
		<name>channel</name>
		<pose>Unspecified</pose>
		<truncated>0</truncated>
		<difficult>0</difficult>
		<bndbox>
			<xmin>220</xmin>
			<ymin>115</ymin>
			<xmax>289</xmax>
			<ymax>492</ymax>
		</bndbox>
	</object>
	<object>
		<name>channel</name>
		<pose>Unspecified</pose>
		<truncated>0</truncated>
		<difficult>0</difficult>
		<bndbox>
			<xmin>129</xmin>
			<ymin>471</ymin>
			<xmax>591</xmax>
			<ymax>923</ymax>
		</bndbox>
	</object>
	<object>
		<name>channel</name>
		<pose>Unspecified</pose>
		<truncated>0</truncated>
		<difficult>0</difficult>
		<bndbox>
			<xmin>171</xmin>
			<ymin>599</ymin>
			<xmax>300</xmax>
			<ymax>786</ymax>
		</bndbox>
	</object>
</annotation>