<annotation>
	<folder>my-project-name</folder>
	<filename>best-chanel-shoes-and-handbags-282852-1569976401765-image.700x0c.jpg</filename>
	<path>/my-project-name/best-chanel-shoes-and-handbags-282852-1569976401765-image.700x0c.jpg</path>
	<source>
		<database>Unspecified</database>
	</source>
	<size>
		<width>700</width>
		<height>1050</height>
		<depth>3</depth>
	</size>
	<object>
		<name>channel</name>
		<pose>Unspecified</pose>
		<truncated>0</truncated>
		<difficult>0</difficult>
		<bndbox>
			<xmin>175</xmin>
			<ymin>659</ymin>
			<xmax>314</xmax>
			<ymax>751</ymax>
		</bndbox>
	</object>
	<object>
		<name>channel</name>
		<pose>Unspecified</pose>
		<truncated>0</truncated>
		<difficult>0</difficult>
		<bndbox>
			<xmin>216</xmin>
			<ymin>690</ymin>
			<xmax>265</xmax>
			<ymax>731</ymax>
		</bndbox>
	</object>
</annotation>