<annotation>
	<folder>my-project-name</folder>
	<filename>best-chanel-shoes-and-handbags-282852-1569974019949-promo.700x0c.jpg</filename>
	<path>/my-project-name/best-chanel-shoes-and-handbags-282852-1569974019949-promo.700x0c.jpg</path>
	<source>
		<database>Unspecified</database>
	</source>
	<size>
		<width>700</width>
		<height>933</height>
		<depth>3</depth>
	</size>
	<object>
		<name>channel</name>
		<pose>Unspecified</pose>
		<truncated>0</truncated>
		<difficult>0</difficult>
		<bndbox>
			<xmin>256</xmin>
			<ymin>661</ymin>
			<xmax>325</xmax>
			<ymax>713</ymax>
		</bndbox>
	</object>
	<object>
		<name>channel</name>
		<pose>Unspecified</pose>
		<truncated>0</truncated>
		<difficult>0</difficult>
		<bndbox>
			<xmin>112</xmin>
			<ymin>572</ymin>
			<xmax>377</xmax>
			<ymax>807</ymax>
		</bndbox>
	</object>
</annotation>