<annotation>
	<folder>my-project-name</folder>
	<filename>best-chanel-shoes-and-handbags-282852-1570036069414-image.700x0c.jpg</filename>
	<path>/my-project-name/best-chanel-shoes-and-handbags-282852-1570036069414-image.700x0c.jpg</path>
	<source>
		<database>Unspecified</database>
	</source>
	<size>
		<width>700</width>
		<height>866</height>
		<depth>3</depth>
	</size>
	<object>
		<name>channel</name>
		<pose>Unspecified</pose>
		<truncated>0</truncated>
		<difficult>0</difficult>
		<bndbox>
			<xmin>322</xmin>
			<ymin>465</ymin>
			<xmax>386</xmax>
			<ymax>497</ymax>
		</bndbox>
	</object>
	<object>
		<name>channel</name>
		<pose>Unspecified</pose>
		<truncated>0</truncated>
		<difficult>0</difficult>
		<bndbox>
			<xmin>288</xmin>
			<ymin>422</ymin>
			<xmax>496</xmax>
			<ymax>605</ymax>
		</bndbox>
	</object>
</annotation>