<annotation>
	<folder>my-project-name</folder>
	<filename>best-chanel-shoes-and-handbags-282852-1570036358716-image.700x0c.jpg</filename>
	<path>/my-project-name/best-chanel-shoes-and-handbags-282852-1570036358716-image.700x0c.jpg</path>
	<source>
		<database>Unspecified</database>
	</source>
	<size>
		<width>700</width>
		<height>1024</height>
		<depth>3</depth>
	</size>
	<object>
		<name>channel</name>
		<pose>Unspecified</pose>
		<truncated>0</truncated>
		<difficult>0</difficult>
		<bndbox>
			<xmin>425</xmin>
			<ymin>602</ymin>
			<xmax>504</xmax>
			<ymax>736</ymax>
		</bndbox>
	</object>
</annotation>