<annotation>
	<folder>my-project-name</folder>
	<filename>Best-Chanel-Bags2.jpg</filename>
	<path>/my-project-name/Best-Chanel-Bags2.jpg</path>
	<source>
		<database>Unspecified</database>
	</source>
	<size>
		<width>2048</width>
		<height>2048</height>
		<depth>3</depth>
	</size>
	<object>
		<name>channel</name>
		<pose>Unspecified</pose>
		<truncated>0</truncated>
		<difficult>0</difficult>
		<bndbox>
			<xmin>959</xmin>
			<ymin>1185</ymin>
			<xmax>1155</xmax>
			<ymax>1330</ymax>
		</bndbox>
	</object>
	<object>
		<name>channel</name>
		<pose>Unspecified</pose>
		<truncated>0</truncated>
		<difficult>0</difficult>
		<bndbox>
			<xmin>638</xmin>
			<ymin>85</ymin>
			<xmax>848</xmax>
			<ymax>733</ymax>
		</bndbox>
	</object>
	<object>
		<name>channel</name>
		<pose>Unspecified</pose>
		<truncated>0</truncated>
		<difficult>0</difficult>
		<bndbox>
			<xmin>507</xmin>
			<ymin>738</ymin>
			<xmax>1737</xmax>
			<ymax>1636</ymax>
		</bndbox>
	</object>
	<object>
		<name>channel</name>
		<pose>Unspecified</pose>
		<truncated>0</truncated>
		<difficult>0</difficult>
		<bndbox>
			<xmin>1375</xmin>
			<ymin>969</ymin>
			<xmax>1611</xmax>
			<ymax>1436</ymax>
		</bndbox>
	</object>
</annotation>