<annotation>
	<folder>my-project-name</folder>
	<filename>Beyonce-Chanel-Boy-Bag.jpg</filename>
	<path>/my-project-name/Beyonce-Chanel-Boy-Bag.jpg</path>
	<source>
		<database>Unspecified</database>
	</source>
	<size>
		<width>661</width>
		<height>1000</height>
		<depth>3</depth>
	</size>
	<object>
		<name>channel</name>
		<pose>Unspecified</pose>
		<truncated>0</truncated>
		<difficult>0</difficult>
		<bndbox>
			<xmin>374</xmin>
			<ymin>390</ymin>
			<xmax>414</xmax>
			<ymax>558</ymax>
		</bndbox>
	</object>
	<object>
		<name>channel</name>
		<pose>Unspecified</pose>
		<truncated>0</truncated>
		<difficult>0</difficult>
		<bndbox>
			<xmin>242</xmin>
			<ymin>655</ymin>
			<xmax>301</xmax>
			<ymax>694</ymax>
		</bndbox>
	</object>
	<object>
		<name>channel</name>
		<pose>Unspecified</pose>
		<truncated>0</truncated>
		<difficult>0</difficult>
		<bndbox>
			<xmin>197</xmin>
			<ymin>575</ymin>
			<xmax>269</xmax>
			<ymax>635</ymax>
		</bndbox>
	</object>
	<object>
		<name>channel</name>
		<pose>Unspecified</pose>
		<truncated>0</truncated>
		<difficult>0</difficult>
		<bndbox>
			<xmin>155</xmin>
			<ymin>534</ymin>
			<xmax>405</xmax>
			<ymax>709</ymax>
		</bndbox>
	</object>
</annotation>