<annotation>
	<folder>my-project-name</folder>
	<filename>c3084fd92091eb04549658ea473c4ddd.jpg</filename>
	<path>/my-project-name/c3084fd92091eb04549658ea473c4ddd.jpg</path>
	<source>
		<database>Unspecified</database>
	</source>
	<size>
		<width>450</width>
		<height>450</height>
		<depth>3</depth>
	</size>
	<object>
		<name>channel</name>
		<pose>Unspecified</pose>
		<truncated>0</truncated>
		<difficult>0</difficult>
		<bndbox>
			<xmin>77</xmin>
			<ymin>163</ymin>
			<xmax>395</xmax>
			<ymax>450</ymax>
		</bndbox>
	</object>
	<object>
		<name>channel</name>
		<pose>Unspecified</pose>
		<truncated>0</truncated>
		<difficult>0</difficult>
		<bndbox>
			<xmin>122</xmin>
			<ymin>219</ymin>
			<xmax>301</xmax>
			<ymax>366</ymax>
		</bndbox>
	</object>
</annotation>