<annotation>
	<folder>my-project-name</folder>
	<filename>c75f72e35abe7cabcb2e86fb824a5913.jpg</filename>
	<path>/my-project-name/c75f72e35abe7cabcb2e86fb824a5913.jpg</path>
	<source>
		<database>Unspecified</database>
	</source>
	<size>
		<width>595</width>
		<height>750</height>
		<depth>3</depth>
	</size>
	<object>
		<name>channel</name>
		<pose>Unspecified</pose>
		<truncated>0</truncated>
		<difficult>0</difficult>
		<bndbox>
			<xmin>141</xmin>
			<ymin>443</ymin>
			<xmax>391</xmax>
			<ymax>658</ymax>
		</bndbox>
	</object>
	<object>
		<name>channel</name>
		<pose>Unspecified</pose>
		<truncated>0</truncated>
		<difficult>0</difficult>
		<bndbox>
			<xmin>231</xmin>
			<ymin>533</ymin>
			<xmax>268</xmax>
			<ymax>553</ymax>
		</bndbox>
	</object>
</annotation>