<annotation>
	<folder>my-project-name</folder>
	<filename>Celebrities-and-Their-Chanel-Bags-77.jpg</filename>
	<path>/my-project-name/Celebrities-and-Their-Chanel-Bags-77.jpg</path>
	<source>
		<database>Unspecified</database>
	</source>
	<size>
		<width>571</width>
		<height>750</height>
		<depth>3</depth>
	</size>
	<object>
		<name>channel</name>
		<pose>Unspecified</pose>
		<truncated>0</truncated>
		<difficult>0</difficult>
		<bndbox>
			<xmin>354</xmin>
			<ymin>498</ymin>
			<xmax>394</xmax>
			<ymax>540</ymax>
		</bndbox>
	</object>
	<object>
		<name>channel</name>
		<pose>Unspecified</pose>
		<truncated>0</truncated>
		<difficult>0</difficult>
		<bndbox>
			<xmin>206</xmin>
			<ymin>447</ymin>
			<xmax>510</xmax>
			<ymax>686</ymax>
		</bndbox>
	</object>
</annotation>