<annotation>
	<folder>my-project-name</folder>
	<filename>Celebrity-Chanel-Gabrielle-Bags.jpg</filename>
	<path>/my-project-name/Celebrity-Chanel-Gabrielle-Bags.jpg</path>
	<source>
		<database>Unspecified</database>
	</source>
	<size>
		<width>1000</width>
		<height>750</height>
		<depth>3</depth>
	</size>
	<object>
		<name>channel</name>
		<pose>Unspecified</pose>
		<truncated>0</truncated>
		<difficult>0</difficult>
		<bndbox>
			<xmin>390</xmin>
			<ymin>509</ymin>
			<xmax>640</xmax>
			<ymax>693</ymax>
		</bndbox>
	</object>
	<object>
		<name>channel</name>
		<pose>Unspecified</pose>
		<truncated>0</truncated>
		<difficult>0</difficult>
		<bndbox>
			<xmin>680</xmin>
			<ymin>426</ymin>
			<xmax>864</xmax>
			<ymax>586</ymax>
		</bndbox>
	</object>
	<object>
		<name>channel</name>
		<pose>Unspecified</pose>
		<truncated>0</truncated>
		<difficult>0</difficult>
		<bndbox>
			<xmin>706</xmin>
			<ymin>476</ymin>
			<xmax>776</xmax>
			<ymax>563</ymax>
		</bndbox>
	</object>
	<object>
		<name>channel</name>
		<pose>Unspecified</pose>
		<truncated>0</truncated>
		<difficult>0</difficult>
		<bndbox>
			<xmin>485</xmin>
			<ymin>537</ymin>
			<xmax>553</xmax>
			<ymax>621</ymax>
		</bndbox>
	</object>
</annotation>