<annotation>
	<folder>my-project-name</folder>
	<filename>Celebrities-and-Their-Chanel-Bags-60.jpg</filename>
	<path>/my-project-name/Celebrities-and-Their-Chanel-Bags-60.jpg</path>
	<source>
		<database>Unspecified</database>
	</source>
	<size>
		<width>578</width>
		<height>750</height>
		<depth>3</depth>
	</size>
	<object>
		<name>channel</name>
		<pose>Unspecified</pose>
		<truncated>0</truncated>
		<difficult>0</difficult>
		<bndbox>
			<xmin>284</xmin>
			<ymin>415</ymin>
			<xmax>530</xmax>
			<ymax>695</ymax>
		</bndbox>
	</object>
	<object>
		<name>channel</name>
		<pose>Unspecified</pose>
		<truncated>0</truncated>
		<difficult>0</difficult>
		<bndbox>
			<xmin>416</xmin>
			<ymin>524</ymin>
			<xmax>462</xmax>
			<ymax>570</ymax>
		</bndbox>
	</object>
</annotation>