<annotation>
	<folder>my-project-name</folder>
	<filename>Celebrities-and-Their-Chanel-Bags-95.jpg</filename>
	<path>/my-project-name/Celebrities-and-Their-Chanel-Bags-95.jpg</path>
	<source>
		<database>Unspecified</database>
	</source>
	<size>
		<width>519</width>
		<height>750</height>
		<depth>3</depth>
	</size>
	<object>
		<name>channel</name>
		<pose>Unspecified</pose>
		<truncated>0</truncated>
		<difficult>0</difficult>
		<bndbox>
			<xmin>116</xmin>
			<ymin>460</ymin>
			<xmax>173</xmax>
			<ymax>522</ymax>
		</bndbox>
	</object>
	<object>
		<name>channel</name>
		<pose>Unspecified</pose>
		<truncated>0</truncated>
		<difficult>0</difficult>
		<bndbox>
			<xmin>83</xmin>
			<ymin>406</ymin>
			<xmax>282</xmax>
			<ymax>610</ymax>
		</bndbox>
	</object>
	<object>
		<name>channel</name>
		<pose>Unspecified</pose>
		<truncated>0</truncated>
		<difficult>0</difficult>
		<bndbox>
			<xmin>204</xmin>
			<ymin>449</ymin>
			<xmax>243</xmax>
			<ymax>574</ymax>
		</bndbox>
	</object>
</annotation>