<annotation>
	<folder>my-project-name</folder>
	<filename>Celebrities-and-Their-Chanel-Bags-63.jpg</filename>
	<path>/my-project-name/Celebrities-and-Their-Chanel-Bags-63.jpg</path>
	<source>
		<database>Unspecified</database>
	</source>
	<size>
		<width>488</width>
		<height>750</height>
		<depth>3</depth>
	</size>
	<object>
		<name>channel</name>
		<pose>Unspecified</pose>
		<truncated>0</truncated>
		<difficult>0</difficult>
		<bndbox>
			<xmin>183</xmin>
			<ymin>476</ymin>
			<xmax>255</xmax>
			<ymax>553</ymax>
		</bndbox>
	</object>
	<object>
		<name>channel</name>
		<pose>Unspecified</pose>
		<truncated>0</truncated>
		<difficult>0</difficult>
		<bndbox>
			<xmin>91</xmin>
			<ymin>450</ymin>
			<xmax>336</xmax>
			<ymax>700</ymax>
		</bndbox>
	</object>
</annotation>