<annotation>
	<folder>my-project-name</folder>
	<filename>Celebrities-and-Their-Chanel-Bags-16.jpg</filename>
	<path>/my-project-name/Celebrities-and-Their-Chanel-Bags-16.jpg</path>
	<source>
		<database>Unspecified</database>
	</source>
	<size>
		<width>569</width>
		<height>750</height>
		<depth>3</depth>
	</size>
	<object>
		<name>channel</name>
		<pose>Unspecified</pose>
		<truncated>0</truncated>
		<difficult>0</difficult>
		<bndbox>
			<xmin>323</xmin>
			<ymin>607</ymin>
			<xmax>397</xmax>
			<ymax>649</ymax>
		</bndbox>
	</object>
	<object>
		<name>channel</name>
		<pose>Unspecified</pose>
		<truncated>0</truncated>
		<difficult>0</difficult>
		<bndbox>
			<xmin>224</xmin>
			<ymin>540</ymin>
			<xmax>485</xmax>
			<ymax>700</ymax>
		</bndbox>
	</object>
</annotation>