<annotation>
	<folder>my-project-name</folder>
	<filename>Celebrities-and-Their-Chanel-Bags-96.jpg</filename>
	<path>/my-project-name/Celebrities-and-Their-Chanel-Bags-96.jpg</path>
	<source>
		<database>Unspecified</database>
	</source>
	<size>
		<width>496</width>
		<height>750</height>
		<depth>3</depth>
	</size>
	<object>
		<name>channel</name>
		<pose>Unspecified</pose>
		<truncated>0</truncated>
		<difficult>0</difficult>
		<bndbox>
			<xmin>314</xmin>
			<ymin>559</ymin>
			<xmax>364</xmax>
			<ymax>612</ymax>
		</bndbox>
	</object>
	<object>
		<name>channel</name>
		<pose>Unspecified</pose>
		<truncated>0</truncated>
		<difficult>0</difficult>
		<bndbox>
			<xmin>165</xmin>
			<ymin>443</ymin>
			<xmax>448</xmax>
			<ymax>693</ymax>
		</bndbox>
	</object>
</annotation>