<annotation>
	<folder>my-project-name</folder>
	<filename>Celebrities-and-Their-Chanel-Bags-82.jpg</filename>
	<path>/my-project-name/Celebrities-and-Their-Chanel-Bags-82.jpg</path>
	<source>
		<database>Unspecified</database>
	</source>
	<size>
		<width>508</width>
		<height>750</height>
		<depth>3</depth>
	</size>
	<object>
		<name>channel</name>
		<pose>Unspecified</pose>
		<truncated>0</truncated>
		<difficult>0</difficult>
		<bndbox>
			<xmin>217</xmin>
			<ymin>542</ymin>
			<xmax>353</xmax>
			<ymax>656</ymax>
		</bndbox>
	</object>
	<object>
		<name>channel</name>
		<pose>Unspecified</pose>
		<truncated>0</truncated>
		<difficult>0</difficult>
		<bndbox>
			<xmin>175</xmin>
			<ymin>491</ymin>
			<xmax>416</xmax>
			<ymax>710</ymax>
		</bndbox>
	</object>
	<object>
		<name>channel</name>
		<pose>Unspecified</pose>
		<truncated>0</truncated>
		<difficult>0</difficult>
		<bndbox>
			<xmin>328</xmin>
			<ymin>430</ymin>
			<xmax>362</xmax>
			<ymax>548</ymax>
		</bndbox>
	</object>
</annotation>