<annotation>
	<folder>my-project-name</folder>
	<filename>Celebrities-and-Their-Chanel-Bags-100.jpg</filename>
	<path>/my-project-name/Celebrities-and-Their-Chanel-Bags-100.jpg</path>
	<source>
		<database>Unspecified</database>
	</source>
	<size>
		<width>557</width>
		<height>750</height>
		<depth>3</depth>
	</size>
	<object>
		<name>channel</name>
		<pose>Unspecified</pose>
		<truncated>0</truncated>
		<difficult>0</difficult>
		<bndbox>
			<xmin>284</xmin>
			<ymin>526</ymin>
			<xmax>341</xmax>
			<ymax>654</ymax>
		</bndbox>
	</object>
	<object>
		<name>channel</name>
		<pose>Unspecified</pose>
		<truncated>0</truncated>
		<difficult>0</difficult>
		<bndbox>
			<xmin>359</xmin>
			<ymin>526</ymin>
			<xmax>405</xmax>
			<ymax>561</ymax>
		</bndbox>
	</object>
	<object>
		<name>channel</name>
		<pose>Unspecified</pose>
		<truncated>0</truncated>
		<difficult>0</difficult>
		<bndbox>
			<xmin>238</xmin>
			<ymin>460</ymin>
			<xmax>475</xmax>
			<ymax>689</ymax>
		</bndbox>
	</object>
</annotation>