<annotation>
	<folder>my-project-name</folder>
	<filename>Celebrities-and-Their-Chanel-Bags-93.jpg</filename>
	<path>/my-project-name/Celebrities-and-Their-Chanel-Bags-93.jpg</path>
	<source>
		<database>Unspecified</database>
	</source>
	<size>
		<width>542</width>
		<height>750</height>
		<depth>3</depth>
	</size>
	<object>
		<name>channel</name>
		<pose>Unspecified</pose>
		<truncated>0</truncated>
		<difficult>0</difficult>
		<bndbox>
			<xmin>181</xmin>
			<ymin>469</ymin>
			<xmax>346</xmax>
			<ymax>623</ymax>
		</bndbox>
	</object>
	<object>
		<name>channel</name>
		<pose>Unspecified</pose>
		<truncated>0</truncated>
		<difficult>0</difficult>
		<bndbox>
			<xmin>197</xmin>
			<ymin>357</ymin>
			<xmax>242</xmax>
			<ymax>472</ymax>
		</bndbox>
	</object>
	<object>
		<name>channel</name>
		<pose>Unspecified</pose>
		<truncated>0</truncated>
		<difficult>0</difficult>
		<bndbox>
			<xmin>72</xmin>
			<ymin>393</ymin>
			<xmax>411</xmax>
			<ymax>728</ymax>
		</bndbox>
	</object>
</annotation>