<annotation>
	<folder>my-project-name</folder>
	<filename>Celebrities-and-Their-Chanel-Bags-28.jpg</filename>
	<path>/my-project-name/Celebrities-and-Their-Chanel-Bags-28.jpg</path>
	<source>
		<database>Unspecified</database>
	</source>
	<size>
		<width>489</width>
		<height>750</height>
		<depth>3</depth>
	</size>
	<object>
		<name>channel</name>
		<pose>Unspecified</pose>
		<truncated>0</truncated>
		<difficult>0</difficult>
		<bndbox>
			<xmin>347</xmin>
			<ymin>596</ymin>
			<xmax>388</xmax>
			<ymax>638</ymax>
		</bndbox>
	</object>
	<object>
		<name>channel</name>
		<pose>Unspecified</pose>
		<truncated>0</truncated>
		<difficult>0</difficult>
		<bndbox>
			<xmin>215</xmin>
			<ymin>517</ymin>
			<xmax>458</xmax>
			<ymax>680</ymax>
		</bndbox>
	</object>
	<object>
		<name>channel</name>
		<pose>Unspecified</pose>
		<truncated>0</truncated>
		<difficult>0</difficult>
		<bndbox>
			<xmin>235</xmin>
			<ymin>232</ymin>
			<xmax>287</xmax>
			<ymax>432</ymax>
		</bndbox>
	</object>
</annotation>