<annotation>
	<folder>my-project-name</folder>
	<filename>Celebrities-and-Their-Chanel-Bags-51.jpg</filename>
	<path>/my-project-name/Celebrities-and-Their-Chanel-Bags-51.jpg</path>
	<source>
		<database>Unspecified</database>
	</source>
	<size>
		<width>614</width>
		<height>750</height>
		<depth>3</depth>
	</size>
	<object>
		<name>channel</name>
		<pose>Unspecified</pose>
		<truncated>0</truncated>
		<difficult>0</difficult>
		<bndbox>
			<xmin>92</xmin>
			<ymin>454</ymin>
			<xmax>331</xmax>
			<ymax>689</ymax>
		</bndbox>
	</object>
	<object>
		<name>channel</name>
		<pose>Unspecified</pose>
		<truncated>0</truncated>
		<difficult>0</difficult>
		<bndbox>
			<xmin>129</xmin>
			<ymin>410</ymin>
			<xmax>169</xmax>
			<ymax>540</ymax>
		</bndbox>
	</object>
</annotation>