<annotation>
	<folder>my-project-name</folder>
	<filename>Celebrities-and-Their-Chanel-Bags-66.jpg</filename>
	<path>/my-project-name/Celebrities-and-Their-Chanel-Bags-66.jpg</path>
	<source>
		<database>Unspecified</database>
	</source>
	<size>
		<width>565</width>
		<height>750</height>
		<depth>3</depth>
	</size>
	<object>
		<name>channel</name>
		<pose>Unspecified</pose>
		<truncated>0</truncated>
		<difficult>0</difficult>
		<bndbox>
			<xmin>124</xmin>
			<ymin>494</ymin>
			<xmax>284</xmax>
			<ymax>625</ymax>
		</bndbox>
	</object>
	<object>
		<name>channel</name>
		<pose>Unspecified</pose>
		<truncated>0</truncated>
		<difficult>0</difficult>
		<bndbox>
			<xmin>174</xmin>
			<ymin>540</ymin>
			<xmax>233</xmax>
			<ymax>588</ymax>
		</bndbox>
	</object>
	<object>
		<name>channel</name>
		<pose>Unspecified</pose>
		<truncated>0</truncated>
		<difficult>0</difficult>
		<bndbox>
			<xmin>66</xmin>
			<ymin>450</ymin>
			<xmax>354</xmax>
			<ymax>665</ymax>
		</bndbox>
	</object>
</annotation>