<annotation>
	<folder>my-project-name</folder>
	<filename>channel (6).jpg</filename>
	<path>/my-project-name/channel (6).jpg</path>
	<source>
		<database>Unspecified</database>
	</source>
	<size>
		<width>428</width>
		<height>342</height>
		<depth>3</depth>
	</size>
	<object>
		<name>channel</name>
		<pose>Unspecified</pose>
		<truncated>0</truncated>
		<difficult>0</difficult>
		<bndbox>
			<xmin>222</xmin>
			<ymin>218</ymin>
			<xmax>277</xmax>
			<ymax>257</ymax>
		</bndbox>
	</object>
	<object>
		<name>channel</name>
		<pose>Unspecified</pose>
		<truncated>0</truncated>
		<difficult>0</difficult>
		<bndbox>
			<xmin>153</xmin>
			<ymin>101</ymin>
			<xmax>378</xmax>
			<ymax>308</ymax>
		</bndbox>
	</object>
	<object>
		<name>channel</name>
		<pose>Unspecified</pose>
		<truncated>0</truncated>
		<difficult>0</difficult>
		<bndbox>
			<xmin>277</xmin>
			<ymin>117</ymin>
			<xmax>331</xmax>
			<ymax>218</ymax>
		</bndbox>
	</object>
</annotation>