<annotation>
	<folder>my-project-name</folder>
	<filename>channel (18).jpg</filename>
	<path>/my-project-name/channel (18).jpg</path>
	<source>
		<database>Unspecified</database>
	</source>
	<size>
		<width>228</width>
		<height>266</height>
		<depth>3</depth>
	</size>
	<object>
		<name>channel</name>
		<pose>Unspecified</pose>
		<truncated>0</truncated>
		<difficult>0</difficult>
		<bndbox>
			<xmin>64</xmin>
			<ymin>166</ymin>
			<xmax>108</xmax>
			<ymax>196</ymax>
		</bndbox>
	</object>
	<object>
		<name>channel</name>
		<pose>Unspecified</pose>
		<truncated>0</truncated>
		<difficult>0</difficult>
		<bndbox>
			<xmin>31</xmin>
			<ymin>44</ymin>
			<xmax>212</xmax>
			<ymax>244</ymax>
		</bndbox>
	</object>
	<object>
		<name>channel</name>
		<pose>Unspecified</pose>
		<truncated>0</truncated>
		<difficult>0</difficult>
		<bndbox>
			<xmin>121</xmin>
			<ymin>89</ymin>
			<xmax>153</xmax>
			<ymax>187</ymax>
		</bndbox>
	</object>
</annotation>