<annotation>
	<folder>my-project-name</folder>
	<filename>channel (24).jpg</filename>
	<path>/my-project-name/channel (24).jpg</path>
	<source>
		<database>Unspecified</database>
	</source>
	<size>
		<width>150</width>
		<height>175</height>
		<depth>3</depth>
	</size>
	<object>
		<name>channel</name>
		<pose>Unspecified</pose>
		<truncated>0</truncated>
		<difficult>0</difficult>
		<bndbox>
			<xmin>29</xmin>
			<ymin>31</ymin>
			<xmax>134</xmax>
			<ymax>141</ymax>
		</bndbox>
	</object>
	<object>
		<name>channel</name>
		<pose>Unspecified</pose>
		<truncated>0</truncated>
		<difficult>0</difficult>
		<bndbox>
			<xmin>67</xmin>
			<ymin>92</ymin>
			<xmax>93</xmax>
			<ymax>107</ymax>
		</bndbox>
	</object>
	<object>
		<name>channel</name>
		<pose>Unspecified</pose>
		<truncated>0</truncated>
		<difficult>0</difficult>
		<bndbox>
			<xmin>102</xmin>
			<ymin>99</ymin>
			<xmax>124</xmax>
			<ymax>104</ymax>
		</bndbox>
	</object>
</annotation>