<annotation>
	<folder>my-project-name</folder>
	<filename>channel (7).jpg</filename>
	<path>/my-project-name/channel (7).jpg</path>
	<source>
		<database>Unspecified</database>
	</source>
	<size>
		<width>428</width>
		<height>342</height>
		<depth>3</depth>
	</size>
	<object>
		<name>channel</name>
		<pose>Unspecified</pose>
		<truncated>0</truncated>
		<difficult>0</difficult>
		<bndbox>
			<xmin>195</xmin>
			<ymin>220</ymin>
			<xmax>237</xmax>
			<ymax>247</ymax>
		</bndbox>
	</object>
	<object>
		<name>channel</name>
		<pose>Unspecified</pose>
		<truncated>0</truncated>
		<difficult>0</difficult>
		<bndbox>
			<xmin>46</xmin>
			<ymin>136</ymin>
			<xmax>311</xmax>
			<ymax>310</ymax>
		</bndbox>
	</object>
</annotation>