<annotation>
	<folder>my-project-name</folder>
	<filename>channel (17).jpg</filename>
	<path>/my-project-name/channel (17).jpg</path>
	<source>
		<database>Unspecified</database>
	</source>
	<size>
		<width>228</width>
		<height>266</height>
		<depth>3</depth>
	</size>
	<object>
		<name>channel</name>
		<pose>Unspecified</pose>
		<truncated>0</truncated>
		<difficult>0</difficult>
		<bndbox>
			<xmin>97</xmin>
			<ymin>81</ymin>
			<xmax>121</xmax>
			<ymax>108</ymax>
		</bndbox>
	</object>
	<object>
		<name>channel</name>
		<pose>Unspecified</pose>
		<truncated>0</truncated>
		<difficult>0</difficult>
		<bndbox>
			<xmin>68</xmin>
			<ymin>84</ymin>
			<xmax>97</xmax>
			<ymax>121</ymax>
		</bndbox>
	</object>
	<object>
		<name>channel</name>
		<pose>Unspecified</pose>
		<truncated>0</truncated>
		<difficult>0</difficult>
		<bndbox>
			<xmin>34</xmin>
			<ymin>68</ymin>
			<xmax>173</xmax>
			<ymax>188</ymax>
		</bndbox>
	</object>
</annotation>