<annotation>
	<folder>my-project-name</folder>
	<filename>channel (16).jpg</filename>
	<path>/my-project-name/channel (16).jpg</path>
	<source>
		<database>Unspecified</database>
	</source>
	<size>
		<width>428</width>
		<height>500</height>
		<depth>3</depth>
	</size>
	<object>
		<name>channel</name>
		<pose>Unspecified</pose>
		<truncated>0</truncated>
		<difficult>0</difficult>
		<bndbox>
			<xmin>178</xmin>
			<ymin>221</ymin>
			<xmax>236</xmax>
			<ymax>276</ymax>
		</bndbox>
	</object>
	<object>
		<name>channel</name>
		<pose>Unspecified</pose>
		<truncated>0</truncated>
		<difficult>0</difficult>
		<bndbox>
			<xmin>62</xmin>
			<ymin>113</ymin>
			<xmax>371</xmax>
			<ymax>369</ymax>
		</bndbox>
	</object>
	<object>
		<name>channel</name>
		<pose>Unspecified</pose>
		<truncated>0</truncated>
		<difficult>0</difficult>
		<bndbox>
			<xmin>239</xmin>
			<ymin>131</ymin>
			<xmax>303</xmax>
			<ymax>225</ymax>
		</bndbox>
	</object>
</annotation>