<annotation>
	<folder>my-project-name</folder>
	<filename>channel (8).jpg</filename>
	<path>/my-project-name/channel (8).jpg</path>
	<source>
		<database>Unspecified</database>
	</source>
	<size>
		<width>428</width>
		<height>342</height>
		<depth>3</depth>
	</size>
	<object>
		<name>channel</name>
		<pose>Unspecified</pose>
		<truncated>0</truncated>
		<difficult>0</difficult>
		<bndbox>
			<xmin>226</xmin>
			<ymin>205</ymin>
			<xmax>272</xmax>
			<ymax>228</ymax>
		</bndbox>
	</object>
	<object>
		<name>channel</name>
		<pose>Unspecified</pose>
		<truncated>0</truncated>
		<difficult>0</difficult>
		<bndbox>
			<xmin>137</xmin>
			<ymin>177</ymin>
			<xmax>384</xmax>
			<ymax>342</ymax>
		</bndbox>
	</object>
</annotation>