<annotation>
	<folder>my-project-name</folder>
	<filename>Chanel-Bags-Courtney-Cox.jpg</filename>
	<path>/my-project-name/Chanel-Bags-Courtney-Cox.jpg</path>
	<source>
		<database>Unspecified</database>
	</source>
	<size>
		<width>600</width>
		<height>872</height>
		<depth>3</depth>
	</size>
	<object>
		<name>channel</name>
		<pose>Unspecified</pose>
		<truncated>0</truncated>
		<difficult>0</difficult>
		<bndbox>
			<xmin>439</xmin>
			<ymin>487</ymin>
			<xmax>497</xmax>
			<ymax>545</ymax>
		</bndbox>
	</object>
	<object>
		<name>channel</name>
		<pose>Unspecified</pose>
		<truncated>0</truncated>
		<difficult>0</difficult>
		<bndbox>
			<xmin>298</xmin>
			<ymin>468</ymin>
			<xmax>589</xmax>
			<ymax>690</ymax>
		</bndbox>
	</object>
</annotation>