<annotation>
	<folder>my-project-name</folder>
	<filename>channel (26).jpg</filename>
	<path>/my-project-name/channel (26).jpg</path>
	<source>
		<database>Unspecified</database>
	</source>
	<size>
		<width>228</width>
		<height>266</height>
		<depth>3</depth>
	</size>
	<object>
		<name>channel</name>
		<pose>Unspecified</pose>
		<truncated>0</truncated>
		<difficult>0</difficult>
		<bndbox>
			<xmin>134</xmin>
			<ymin>145</ymin>
			<xmax>162</xmax>
			<ymax>172</ymax>
		</bndbox>
	</object>
	<object>
		<name>channel</name>
		<pose>Unspecified</pose>
		<truncated>0</truncated>
		<difficult>0</difficult>
		<bndbox>
			<xmin>61</xmin>
			<ymin>83</ymin>
			<xmax>192</xmax>
			<ymax>195</ymax>
		</bndbox>
	</object>
</annotation>