<annotation>
	<folder>my-project-name</folder>
	<filename>Chanel-Bags-Goldie-Hawn.jpg</filename>
	<path>/my-project-name/Chanel-Bags-Goldie-Hawn.jpg</path>
	<source>
		<database>Unspecified</database>
	</source>
	<size>
		<width>600</width>
		<height>795</height>
		<depth>3</depth>
	</size>
	<object>
		<name>channel</name>
		<pose>Unspecified</pose>
		<truncated>0</truncated>
		<difficult>0</difficult>
		<bndbox>
			<xmin>88</xmin>
			<ymin>538</ymin>
			<xmax>150</xmax>
			<ymax>602</ymax>
		</bndbox>
	</object>
	<object>
		<name>channel</name>
		<pose>Unspecified</pose>
		<truncated>0</truncated>
		<difficult>0</difficult>
		<bndbox>
			<xmin>23</xmin>
			<ymin>411</ymin>
			<xmax>263</xmax>
			<ymax>672</ymax>
		</bndbox>
	</object>
</annotation>