<annotation>
	<folder>my-project-name</folder>
	<filename>Chanel-Bags-Ali-Larter.jpg</filename>
	<path>/my-project-name/Chanel-Bags-Ali-Larter.jpg</path>
	<source>
		<database>Unspecified</database>
	</source>
	<size>
		<width>600</width>
		<height>836</height>
		<depth>3</depth>
	</size>
	<object>
		<name>channel</name>
		<pose>Unspecified</pose>
		<truncated>0</truncated>
		<difficult>0</difficult>
		<bndbox>
			<xmin>282</xmin>
			<ymin>463</ymin>
			<xmax>562</xmax>
			<ymax>727</ymax>
		</bndbox>
	</object>
	<object>
		<name>channel</name>
		<pose>Unspecified</pose>
		<truncated>0</truncated>
		<difficult>0</difficult>
		<bndbox>
			<xmin>370</xmin>
			<ymin>463</ymin>
			<xmax>413</xmax>
			<ymax>650</ymax>
		</bndbox>
	</object>
	<object>
		<name>channel</name>
		<pose>Unspecified</pose>
		<truncated>0</truncated>
		<difficult>0</difficult>
		<bndbox>
			<xmin>386</xmin>
			<ymin>469</ymin>
			<xmax>445</xmax>
			<ymax>514</ymax>
		</bndbox>
	</object>
</annotation>