<annotation>
	<folder>my-project-name</folder>
	<filename>channel (3).jpg</filename>
	<path>/my-project-name/channel (3).jpg</path>
	<source>
		<database>Unspecified</database>
	</source>
	<size>
		<width>150</width>
		<height>175</height>
		<depth>3</depth>
	</size>
	<object>
		<name>channel</name>
		<pose>Unspecified</pose>
		<truncated>0</truncated>
		<difficult>0</difficult>
		<bndbox>
			<xmin>70</xmin>
			<ymin>61</ymin>
			<xmax>90</xmax>
			<ymax>73</ymax>
		</bndbox>
	</object>
	<object>
		<name>channel</name>
		<pose>Unspecified</pose>
		<truncated>0</truncated>
		<difficult>0</difficult>
		<bndbox>
			<xmin>15</xmin>
			<ymin>40</ymin>
			<xmax>139</xmax>
			<ymax>133</ymax>
		</bndbox>
	</object>
</annotation>