<annotation>
	<folder>my-project-name</folder>
	<filename>channel (13).jpg</filename>
	<path>/my-project-name/channel (13).jpg</path>
	<source>
		<database>Unspecified</database>
	</source>
	<size>
		<width>428</width>
		<height>500</height>
		<depth>3</depth>
	</size>
	<object>
		<name>channel</name>
		<pose>Unspecified</pose>
		<truncated>0</truncated>
		<difficult>0</difficult>
		<bndbox>
			<xmin>99</xmin>
			<ymin>267</ymin>
			<xmax>202</xmax>
			<ymax>319</ymax>
		</bndbox>
	</object>
	<object>
		<name>channel</name>
		<pose>Unspecified</pose>
		<truncated>0</truncated>
		<difficult>0</difficult>
		<bndbox>
			<xmin>215</xmin>
			<ymin>265</ymin>
			<xmax>246</xmax>
			<ymax>303</ymax>
		</bndbox>
	</object>
	<object>
		<name>channel</name>
		<pose>Unspecified</pose>
		<truncated>0</truncated>
		<difficult>0</difficult>
		<bndbox>
			<xmin>71</xmin>
			<ymin>104</ymin>
			<xmax>322</xmax>
			<ymax>371</ymax>
		</bndbox>
	</object>
</annotation>