<annotation>
	<folder>my-project-name</folder>
	<filename>channel (14).jpg</filename>
	<path>/my-project-name/channel (14).jpg</path>
	<source>
		<database>Unspecified</database>
	</source>
	<size>
		<width>150</width>
		<height>175</height>
		<depth>3</depth>
	</size>
	<object>
		<name>channel</name>
		<pose>Unspecified</pose>
		<truncated>0</truncated>
		<difficult>0</difficult>
		<bndbox>
			<xmin>66</xmin>
			<ymin>47</ymin>
			<xmax>87</xmax>
			<ymax>61</ymax>
		</bndbox>
	</object>
	<object>
		<name>channel</name>
		<pose>Unspecified</pose>
		<truncated>0</truncated>
		<difficult>0</difficult>
		<bndbox>
			<xmin>28</xmin>
			<ymin>36</ymin>
			<xmax>118</xmax>
			<ymax>99</ymax>
		</bndbox>
	</object>
</annotation>