<annotation>
	<folder>my-project-name</folder>
	<filename>channel (1).jpg</filename>
	<path>/my-project-name/channel (1).jpg</path>
	<source>
		<database>Unspecified</database>
	</source>
	<size>
		<width>150</width>
		<height>175</height>
		<depth>3</depth>
	</size>
	<object>
		<name>channel</name>
		<pose>Unspecified</pose>
		<truncated>0</truncated>
		<difficult>0</difficult>
		<bndbox>
			<xmin>50</xmin>
			<ymin>87</ymin>
			<xmax>101</xmax>
			<ymax>112</ymax>
		</bndbox>
	</object>
	<object>
		<name>channel</name>
		<pose>Unspecified</pose>
		<truncated>0</truncated>
		<difficult>0</difficult>
		<bndbox>
			<xmin>23</xmin>
			<ymin>18</ymin>
			<xmax>135</xmax>
			<ymax>151</ymax>
		</bndbox>
	</object>
</annotation>