<annotation>
	<folder>my-project-name</folder>
	<filename>channel (15).jpg</filename>
	<path>/my-project-name/channel (15).jpg</path>
	<source>
		<database>Unspecified</database>
	</source>
	<size>
		<width>428</width>
		<height>500</height>
		<depth>3</depth>
	</size>
	<object>
		<name>channel</name>
		<pose>Unspecified</pose>
		<truncated>0</truncated>
		<difficult>0</difficult>
		<bndbox>
			<xmin>181</xmin>
			<ymin>208</ymin>
			<xmax>236</xmax>
			<ymax>246</ymax>
		</bndbox>
	</object>
	<object>
		<name>channel</name>
		<pose>Unspecified</pose>
		<truncated>0</truncated>
		<difficult>0</difficult>
		<bndbox>
			<xmin>33</xmin>
			<ymin>93</ymin>
			<xmax>399</xmax>
			<ymax>386</ymax>
		</bndbox>
	</object>
</annotation>