<annotation>
	<folder>my-project-name</folder>
	<filename>Chanel-Bags-Update_Hero.jpg</filename>
	<path>/my-project-name/Chanel-Bags-Update_Hero.jpg</path>
	<source>
		<database>Unspecified</database>
	</source>
	<size>
		<width>1200</width>
		<height>820</height>
		<depth>3</depth>
	</size>
	<object>
		<name>channel</name>
		<pose>Unspecified</pose>
		<truncated>0</truncated>
		<difficult>0</difficult>
		<bndbox>
			<xmin>439</xmin>
			<ymin>255</ymin>
			<xmax>594</xmax>
			<ymax>348</ymax>
		</bndbox>
	</object>
	<object>
		<name>channel</name>
		<pose>Unspecified</pose>
		<truncated>0</truncated>
		<difficult>0</difficult>
		<bndbox>
			<xmin>212</xmin>
			<ymin>113</ymin>
			<xmax>739</xmax>
			<ymax>404</ymax>
		</bndbox>
	</object>
	<object>
		<name>channel</name>
		<pose>Unspecified</pose>
		<truncated>0</truncated>
		<difficult>0</difficult>
		<bndbox>
			<xmin>351</xmin>
			<ymin>338</ymin>
			<xmax>415</xmax>
			<ymax>523</ymax>
		</bndbox>
	</object>
</annotation>