<annotation>
	<folder>my-project-name</folder>
	<filename>Chanel-Bags-Kristin-Cavallari.jpg</filename>
	<path>/my-project-name/Chanel-Bags-Kristin-Cavallari.jpg</path>
	<source>
		<database>Unspecified</database>
	</source>
	<size>
		<width>600</width>
		<height>812</height>
		<depth>3</depth>
	</size>
	<object>
		<name>channel</name>
		<pose>Unspecified</pose>
		<truncated>0</truncated>
		<difficult>0</difficult>
		<bndbox>
			<xmin>407</xmin>
			<ymin>390</ymin>
			<xmax>481</xmax>
			<ymax>450</ymax>
		</bndbox>
	</object>
	<object>
		<name>channel</name>
		<pose>Unspecified</pose>
		<truncated>0</truncated>
		<difficult>0</difficult>
		<bndbox>
			<xmin>374</xmin>
			<ymin>303</ymin>
			<xmax>407</xmax>
			<ymax>412</ymax>
		</bndbox>
	</object>
	<object>
		<name>channel</name>
		<pose>Unspecified</pose>
		<truncated>0</truncated>
		<difficult>0</difficult>
		<bndbox>
			<xmin>332</xmin>
			<ymin>332</ymin>
			<xmax>519</xmax>
			<ymax>502</ymax>
		</bndbox>
	</object>
</annotation>