<annotation>
	<folder>my-project-name</folder>
	<filename>channel (19).jpg</filename>
	<path>/my-project-name/channel (19).jpg</path>
	<source>
		<database>Unspecified</database>
	</source>
	<size>
		<width>228</width>
		<height>228</height>
		<depth>3</depth>
	</size>
	<object>
		<name>channel</name>
		<pose>Unspecified</pose>
		<truncated>0</truncated>
		<difficult>0</difficult>
		<bndbox>
			<xmin>122</xmin>
			<ymin>125</ymin>
			<xmax>151</xmax>
			<ymax>143</ymax>
		</bndbox>
	</object>
	<object>
		<name>channel</name>
		<pose>Unspecified</pose>
		<truncated>0</truncated>
		<difficult>0</difficult>
		<bndbox>
			<xmin>109</xmin>
			<ymin>142</ymin>
			<xmax>172</xmax>
			<ymax>159</ymax>
		</bndbox>
	</object>
	<object>
		<name>channel</name>
		<pose>Unspecified</pose>
		<truncated>0</truncated>
		<difficult>0</difficult>
		<bndbox>
			<xmin>59</xmin>
			<ymin>40</ymin>
			<xmax>211</xmax>
			<ymax>180</ymax>
		</bndbox>
	</object>
	<object>
		<name>channel</name>
		<pose>Unspecified</pose>
		<truncated>0</truncated>
		<difficult>0</difficult>
		<bndbox>
			<xmin>65</xmin>
			<ymin>64</ymin>
			<xmax>91</xmax>
			<ymax>121</ymax>
		</bndbox>
	</object>
</annotation>