<annotation>
	<folder>my-project-name</folder>
	<filename>channel (2).jpg</filename>
	<path>/my-project-name/channel (2).jpg</path>
	<source>
		<database>Unspecified</database>
	</source>
	<size>
		<width>428</width>
		<height>500</height>
		<depth>3</depth>
	</size>
	<object>
		<name>channel</name>
		<pose>Unspecified</pose>
		<truncated>0</truncated>
		<difficult>0</difficult>
		<bndbox>
			<xmin>41</xmin>
			<ymin>109</ymin>
			<xmax>410</xmax>
			<ymax>369</ymax>
		</bndbox>
	</object>
	<object>
		<name>channel</name>
		<pose>Unspecified</pose>
		<truncated>0</truncated>
		<difficult>0</difficult>
		<bndbox>
			<xmin>190</xmin>
			<ymin>137</ymin>
			<xmax>236</xmax>
			<ymax>186</ymax>
		</bndbox>
	</object>
</annotation>