<annotation>
	<folder>my-project-name</folder>
	<filename>channel (12).jpg</filename>
	<path>/my-project-name/channel (12).jpg</path>
	<source>
		<database>Unspecified</database>
	</source>
	<size>
		<width>428</width>
		<height>500</height>
		<depth>3</depth>
	</size>
	<object>
		<name>channel</name>
		<pose>Unspecified</pose>
		<truncated>0</truncated>
		<difficult>0</difficult>
		<bndbox>
			<xmin>159</xmin>
			<ymin>163</ymin>
			<xmax>250</xmax>
			<ymax>261</ymax>
		</bndbox>
	</object>
	<object>
		<name>channel</name>
		<pose>Unspecified</pose>
		<truncated>0</truncated>
		<difficult>0</difficult>
		<bndbox>
			<xmin>117</xmin>
			<ymin>298</ymin>
			<xmax>234</xmax>
			<ymax>335</ymax>
		</bndbox>
	</object>
	<object>
		<name>channel</name>
		<pose>Unspecified</pose>
		<truncated>0</truncated>
		<difficult>0</difficult>
		<bndbox>
			<xmin>251</xmin>
			<ymin>275</ymin>
			<xmax>289</xmax>
			<ymax>314</ymax>
		</bndbox>
	</object>
	<object>
		<name>channel</name>
		<pose>Unspecified</pose>
		<truncated>0</truncated>
		<difficult>0</difficult>
		<bndbox>
			<xmin>67</xmin>
			<ymin>104</ymin>
			<xmax>359</xmax>
			<ymax>400</ymax>
		</bndbox>
	</object>
</annotation>