<annotation>
	<folder>my-project-name</folder>
	<filename>chrissy_teigen__chanel.jpg</filename>
	<path>/my-project-name/chrissy_teigen__chanel.jpg</path>
	<source>
		<database>Unspecified</database>
	</source>
	<size>
		<width>600</width>
		<height>900</height>
		<depth>3</depth>
	</size>
	<object>
		<name>channel</name>
		<pose>Unspecified</pose>
		<truncated>0</truncated>
		<difficult>0</difficult>
		<bndbox>
			<xmin>150</xmin>
			<ymin>488</ymin>
			<xmax>205</xmax>
			<ymax>516</ymax>
		</bndbox>
	</object>
	<object>
		<name>channel</name>
		<pose>Unspecified</pose>
		<truncated>0</truncated>
		<difficult>0</difficult>
		<bndbox>
			<xmin>75</xmin>
			<ymin>410</ymin>
			<xmax>280</xmax>
			<ymax>578</ymax>
		</bndbox>
	</object>
</annotation>