<annotation>
	<folder>my-project-name</folder>
	<filename>classic-chanel-bags-287980-1599431586184-main.700x0c.jpg</filename>
	<path>/my-project-name/classic-chanel-bags-287980-1599431586184-main.700x0c.jpg</path>
	<source>
		<database>Unspecified</database>
	</source>
	<size>
		<width>700</width>
		<height>1050</height>
		<depth>3</depth>
	</size>
	<object>
		<name>channel</name>
		<pose>Unspecified</pose>
		<truncated>0</truncated>
		<difficult>0</difficult>
		<bndbox>
			<xmin>124</xmin>
			<ymin>898</ymin>
			<xmax>190</xmax>
			<ymax>952</ymax>
		</bndbox>
	</object>
	<object>
		<name>channel</name>
		<pose>Unspecified</pose>
		<truncated>0</truncated>
		<difficult>0</difficult>
		<bndbox>
			<xmin>80</xmin>
			<ymin>759</ymin>
			<xmax>291</xmax>
			<ymax>1019</ymax>
		</bndbox>
	</object>
</annotation>