<annotation>
	<folder>my-project-name</folder>
	<filename>d590d529c8cc24f46be90b89ecb078d8.jpg</filename>
	<path>/my-project-name/d590d529c8cc24f46be90b89ecb078d8.jpg</path>
	<source>
		<database>Unspecified</database>
	</source>
	<size>
		<width>564</width>
		<height>720</height>
		<depth>3</depth>
	</size>
	<object>
		<name>channel</name>
		<pose>Unspecified</pose>
		<truncated>0</truncated>
		<difficult>0</difficult>
		<bndbox>
			<xmin>227</xmin>
			<ymin>496</ymin>
			<xmax>321</xmax>
			<ymax>545</ymax>
		</bndbox>
	</object>
	<object>
		<name>channel</name>
		<pose>Unspecified</pose>
		<truncated>0</truncated>
		<difficult>0</difficult>
		<bndbox>
			<xmin>81</xmin>
			<ymin>386</ymin>
			<xmax>280</xmax>
			<ymax>466</ymax>
		</bndbox>
	</object>
	<object>
		<name>channel</name>
		<pose>Unspecified</pose>
		<truncated>0</truncated>
		<difficult>0</difficult>
		<bndbox>
			<xmin>58</xmin>
			<ymin>272</ymin>
			<xmax>515</xmax>
			<ymax>559</ymax>
		</bndbox>
	</object>
</annotation>