<annotation>
	<folder>my-project-name</folder>
	<filename>da0396fe33fd9448362096cbff143ecb.jpg</filename>
	<path>/my-project-name/da0396fe33fd9448362096cbff143ecb.jpg</path>
	<source>
		<database>Unspecified</database>
	</source>
	<size>
		<width>570</width>
		<height>750</height>
		<depth>3</depth>
	</size>
	<object>
		<name>channel</name>
		<pose>Unspecified</pose>
		<truncated>0</truncated>
		<difficult>0</difficult>
		<bndbox>
			<xmin>384</xmin>
			<ymin>656</ymin>
			<xmax>427</xmax>
			<ymax>686</ymax>
		</bndbox>
	</object>
	<object>
		<name>channel</name>
		<pose>Unspecified</pose>
		<truncated>0</truncated>
		<difficult>0</difficult>
		<bndbox>
			<xmin>254</xmin>
			<ymin>581</ymin>
			<xmax>515</xmax>
			<ymax>739</ymax>
		</bndbox>
	</object>
	<object>
		<name>channel</name>
		<pose>Unspecified</pose>
		<truncated>0</truncated>
		<difficult>0</difficult>
		<bndbox>
			<xmin>296</xmin>
			<ymin>498</ymin>
			<xmax>318</xmax>
			<ymax>599</ymax>
		</bndbox>
	</object>
</annotation>