<annotation>
	<folder>my-project-name</folder>
	<filename>ed-calfskin-gold-tone-metal-packshot-default-a37590y04634c3906-8855279271966.jpg</filename>
	<path>/my-project-name/ed-calfskin-gold-tone-metal-packshot-default-a37590y04634c3906-8855279271966.jpg</path>
	<source>
		<database>Unspecified</database>
	</source>
	<size>
		<width>150</width>
		<height>150</height>
		<depth>3</depth>
	</size>
	<object>
		<name>channel</name>
		<pose>Unspecified</pose>
		<truncated>0</truncated>
		<difficult>0</difficult>
		<bndbox>
			<xmin>64</xmin>
			<ymin>86</ymin>
			<xmax>90</xmax>
			<ymax>103</ymax>
		</bndbox>
	</object>
	<object>
		<name>channel</name>
		<pose>Unspecified</pose>
		<truncated>0</truncated>
		<difficult>0</difficult>
		<bndbox>
			<xmin>47</xmin>
			<ymin>47</ymin>
			<xmax>98</xmax>
			<ymax>77</ymax>
		</bndbox>
	</object>
	<object>
		<name>channel</name>
		<pose>Unspecified</pose>
		<truncated>0</truncated>
		<difficult>0</difficult>
		<bndbox>
			<xmin>101</xmin>
			<ymin>58</ymin>
			<xmax>122</xmax>
			<ymax>100</ymax>
		</bndbox>
	</object>
	<object>
		<name>channel</name>
		<pose>Unspecified</pose>
		<truncated>0</truncated>
		<difficult>0</difficult>
		<bndbox>
			<xmin>12</xmin>
			<ymin>41</ymin>
			<xmax>133</xmax>
			<ymax>113</ymax>
		</bndbox>
	</object>
</annotation>