<annotation>
	<folder>my-project-name</folder>
	<filename>ed-calfskin-gold-tone-metal-packshot-default-as0874y0463494305-8860362113054.jpg</filename>
	<path>/my-project-name/ed-calfskin-gold-tone-metal-packshot-default-as0874y0463494305-8860362113054.jpg</path>
	<source>
		<database>Unspecified</database>
	</source>
	<size>
		<width>428</width>
		<height>428</height>
		<depth>3</depth>
	</size>
	<object>
		<name>channel</name>
		<pose>Unspecified</pose>
		<truncated>0</truncated>
		<difficult>0</difficult>
		<bndbox>
			<xmin>169</xmin>
			<ymin>227</ymin>
			<xmax>255</xmax>
			<ymax>270</ymax>
		</bndbox>
	</object>
	<object>
		<name>channel</name>
		<pose>Unspecified</pose>
		<truncated>0</truncated>
		<difficult>0</difficult>
		<bndbox>
			<xmin>121</xmin>
			<ymin>135</ymin>
			<xmax>233</xmax>
			<ymax>189</ymax>
		</bndbox>
	</object>
	<object>
		<name>channel</name>
		<pose>Unspecified</pose>
		<truncated>0</truncated>
		<difficult>0</difficult>
		<bndbox>
			<xmin>64</xmin>
			<ymin>105</ymin>
			<xmax>382</xmax>
			<ymax>313</ymax>
		</bndbox>
	</object>
	<object>
		<name>channel</name>
		<pose>Unspecified</pose>
		<truncated>0</truncated>
		<difficult>0</difficult>
		<bndbox>
			<xmin>269</xmin>
			<ymin>161</ymin>
			<xmax>338</xmax>
			<ymax>297</ymax>
		</bndbox>
	</object>
</annotation>