<annotation>
	<folder>my-project-name</folder>
	<filename>ed-calfskin-gold-tone-metal-packshot-default-a37587y04634c3906-8855283925022.jpg</filename>
	<path>/my-project-name/ed-calfskin-gold-tone-metal-packshot-default-a37587y04634c3906-8855283925022.jpg</path>
	<source>
		<database>Unspecified</database>
	</source>
	<size>
		<width>150</width>
		<height>150</height>
		<depth>3</depth>
	</size>
	<object>
		<name>channel</name>
		<pose>Unspecified</pose>
		<truncated>0</truncated>
		<difficult>0</difficult>
		<bndbox>
			<xmin>22</xmin>
			<ymin>43</ymin>
			<xmax>136</xmax>
			<ymax>112</ymax>
		</bndbox>
	</object>
	<object>
		<name>channel</name>
		<pose>Unspecified</pose>
		<truncated>0</truncated>
		<difficult>0</difficult>
		<bndbox>
			<xmin>55</xmin>
			<ymin>53</ymin>
			<xmax>97</xmax>
			<ymax>74</ymax>
		</bndbox>
	</object>
	<object>
		<name>channel</name>
		<pose>Unspecified</pose>
		<truncated>0</truncated>
		<difficult>0</difficult>
		<bndbox>
			<xmin>94</xmin>
			<ymin>55</ymin>
			<xmax>122</xmax>
			<ymax>100</ymax>
		</bndbox>
	</object>
</annotation>