<annotation>
	<folder>my-project-name</folder>
	<filename>eed-gold-tone-metal-packshot-artistique-vue2-as3652b09403nk472-8857826852894.jpg</filename>
	<path>/my-project-name/eed-gold-tone-metal-packshot-artistique-vue2-as3652b09403nk472-8857826852894.jpg</path>
	<source>
		<database>Unspecified</database>
	</source>
	<size>
		<width>228</width>
		<height>266</height>
		<depth>3</depth>
	</size>
	<object>
		<name>channel</name>
		<pose>Unspecified</pose>
		<truncated>0</truncated>
		<difficult>0</difficult>
		<bndbox>
			<xmin>68</xmin>
			<ymin>66</ymin>
			<xmax>91</xmax>
			<ymax>177</ymax>
		</bndbox>
	</object>
	<object>
		<name>channel</name>
		<pose>Unspecified</pose>
		<truncated>0</truncated>
		<difficult>0</difficult>
		<bndbox>
			<xmin>115</xmin>
			<ymin>132</ymin>
			<xmax>143</xmax>
			<ymax>155</ymax>
		</bndbox>
	</object>
	<object>
		<name>channel</name>
		<pose>Unspecified</pose>
		<truncated>0</truncated>
		<difficult>0</difficult>
		<bndbox>
			<xmin>44</xmin>
			<ymin>38</ymin>
			<xmax>181</xmax>
			<ymax>186</ymax>
		</bndbox>
	</object>
</annotation>