<annotation>
	<folder>my-project-name</folder>
	<filename>eed-gold-tone-metal-packshot-artistique-vue2-as3640b0929094305-8857814499358.jpg</filename>
	<path>/my-project-name/eed-gold-tone-metal-packshot-artistique-vue2-as3640b0929094305-8857814499358.jpg</path>
	<source>
		<database>Unspecified</database>
	</source>
	<size>
		<width>228</width>
		<height>266</height>
		<depth>3</depth>
	</size>
	<object>
		<name>channel</name>
		<pose>Unspecified</pose>
		<truncated>0</truncated>
		<difficult>0</difficult>
		<bndbox>
			<xmin>45</xmin>
			<ymin>170</ymin>
			<xmax>152</xmax>
			<ymax>230</ymax>
		</bndbox>
	</object>
	<object>
		<name>channel</name>
		<pose>Unspecified</pose>
		<truncated>0</truncated>
		<difficult>0</difficult>
		<bndbox>
			<xmin>47</xmin>
			<ymin>32</ymin>
			<xmax>195</xmax>
			<ymax>184</ymax>
		</bndbox>
	</object>
</annotation>