<annotation>
	<folder>my-project-name</folder>
	<filename>eed-gold-tone-metal-packshot-artistique-vue1-as3611b09439nk522-9516009193502.jpg</filename>
	<path>/my-project-name/eed-gold-tone-metal-packshot-artistique-vue1-as3611b09439nk522-9516009193502.jpg</path>
	<source>
		<database>Unspecified</database>
	</source>
	<size>
		<width>150</width>
		<height>175</height>
		<depth>3</depth>
	</size>
	<object>
		<name>channel</name>
		<pose>Unspecified</pose>
		<truncated>0</truncated>
		<difficult>0</difficult>
		<bndbox>
			<xmin>49</xmin>
			<ymin>54</ymin>
			<xmax>104</xmax>
			<ymax>82</ymax>
		</bndbox>
	</object>
	<object>
		<name>channel</name>
		<pose>Unspecified</pose>
		<truncated>0</truncated>
		<difficult>0</difficult>
		<bndbox>
			<xmin>67</xmin>
			<ymin>85</ymin>
			<xmax>91</xmax>
			<ymax>107</ymax>
		</bndbox>
	</object>
	<object>
		<name>channel</name>
		<pose>Unspecified</pose>
		<truncated>0</truncated>
		<difficult>0</difficult>
		<bndbox>
			<xmin>28</xmin>
			<ymin>51</ymin>
			<xmax>128</xmax>
			<ymax>124</ymax>
		</bndbox>
	</object>
</annotation>