<annotation>
	<folder>my-project-name</folder>
	<filename>eed-gold-tone-metal-packshot-artistique-vue1-as3615b09679nj601-8857844514846.jpg</filename>
	<path>/my-project-name/eed-gold-tone-metal-packshot-artistique-vue1-as3615b09679nj601-8857844514846.jpg</path>
	<source>
		<database>Unspecified</database>
	</source>
	<size>
		<width>428</width>
		<height>500</height>
		<depth>3</depth>
	</size>
	<object>
		<name>channel</name>
		<pose>Unspecified</pose>
		<truncated>0</truncated>
		<difficult>0</difficult>
		<bndbox>
			<xmin>187</xmin>
			<ymin>289</ymin>
			<xmax>259</xmax>
			<ymax>353</ymax>
		</bndbox>
	</object>
	<object>
		<name>channel</name>
		<pose>Unspecified</pose>
		<truncated>0</truncated>
		<difficult>0</difficult>
		<bndbox>
			<xmin>137</xmin>
			<ymin>189</ymin>
			<xmax>187</xmax>
			<ymax>335</ymax>
		</bndbox>
	</object>
	<object>
		<name>channel</name>
		<pose>Unspecified</pose>
		<truncated>0</truncated>
		<difficult>0</difficult>
		<bndbox>
			<xmin>61</xmin>
			<ymin>121</ymin>
			<xmax>368</xmax>
			<ymax>453</ymax>
		</bndbox>
	</object>
</annotation>