<annotation>
	<folder>my-project-name</folder>
	<filename>eed-gold-tone-metal-packshot-artistique-vue1-as3546b09294nl078-8857814073374.jpg</filename>
	<path>/my-project-name/eed-gold-tone-metal-packshot-artistique-vue1-as3546b09294nl078-8857814073374.jpg</path>
	<source>
		<database>Unspecified</database>
	</source>
	<size>
		<width>150</width>
		<height>175</height>
		<depth>3</depth>
	</size>
	<object>
		<name>channel</name>
		<pose>Unspecified</pose>
		<truncated>0</truncated>
		<difficult>0</difficult>
		<bndbox>
			<xmin>66</xmin>
			<ymin>71</ymin>
			<xmax>89</xmax>
			<ymax>90</ymax>
		</bndbox>
	</object>
	<object>
		<name>channel</name>
		<pose>Unspecified</pose>
		<truncated>0</truncated>
		<difficult>0</difficult>
		<bndbox>
			<xmin>33</xmin>
			<ymin>30</ymin>
			<xmax>131</xmax>
			<ymax>110</ymax>
		</bndbox>
	</object>
	<object>
		<name>channel</name>
		<pose>Unspecified</pose>
		<truncated>0</truncated>
		<difficult>0</difficult>
		<bndbox>
			<xmin>55</xmin>
			<ymin>67</ymin>
			<xmax>64</xmax>
			<ymax>102</ymax>
		</bndbox>
	</object>
</annotation>