<annotation>
	<folder>my-project-name</folder>
	<filename>eed-gold-tone-metal-packshot-artistique-vue1-a01112b09421nk318-8857838813214.jpg</filename>
	<path>/my-project-name/eed-gold-tone-metal-packshot-artistique-vue1-a01112b09421nk318-8857838813214.jpg</path>
	<source>
		<database>Unspecified</database>
	</source>
	<size>
		<width>150</width>
		<height>175</height>
		<depth>3</depth>
	</size>
	<object>
		<name>channel</name>
		<pose>Unspecified</pose>
		<truncated>0</truncated>
		<difficult>0</difficult>
		<bndbox>
			<xmin>66</xmin>
			<ymin>108</ymin>
			<xmax>86</xmax>
			<ymax>123</ymax>
		</bndbox>
	</object>
	<object>
		<name>channel</name>
		<pose>Unspecified</pose>
		<truncated>0</truncated>
		<difficult>0</difficult>
		<bndbox>
			<xmin>50</xmin>
			<ymin>84</ymin>
			<xmax>67</xmax>
			<ymax>103</ymax>
		</bndbox>
	</object>
	<object>
		<name>channel</name>
		<pose>Unspecified</pose>
		<truncated>0</truncated>
		<difficult>0</difficult>
		<bndbox>
			<xmin>14</xmin>
			<ymin>71</ymin>
			<xmax>123</xmax>
			<ymax>138</ymax>
		</bndbox>
	</object>
</annotation>