<annotation>
	<folder>my-project-name</folder>
	<filename>eed-gold-tone-metal-packshot-artistique-vue2-a69900b09419nk523-8857828032542.jpg</filename>
	<path>/my-project-name/eed-gold-tone-metal-packshot-artistique-vue2-a69900b09419nk523-8857828032542.jpg</path>
	<source>
		<database>Unspecified</database>
	</source>
	<size>
		<width>428</width>
		<height>500</height>
		<depth>3</depth>
	</size>
	<object>
		<name>channel</name>
		<pose>Unspecified</pose>
		<truncated>0</truncated>
		<difficult>0</difficult>
		<bndbox>
			<xmin>203</xmin>
			<ymin>208</ymin>
			<xmax>253</xmax>
			<ymax>254</ymax>
		</bndbox>
	</object>
	<object>
		<name>channel</name>
		<pose>Unspecified</pose>
		<truncated>0</truncated>
		<difficult>0</difficult>
		<bndbox>
			<xmin>71</xmin>
			<ymin>140</ymin>
			<xmax>117</xmax>
			<ymax>267</ymax>
		</bndbox>
	</object>
	<object>
		<name>channel</name>
		<pose>Unspecified</pose>
		<truncated>0</truncated>
		<difficult>0</difficult>
		<bndbox>
			<xmin>45</xmin>
			<ymin>91</ymin>
			<xmax>335</xmax>
			<ymax>279</ymax>
		</bndbox>
	</object>
</annotation>