<annotation>
	<folder>my-project-name</folder>
	<filename>eed-gold-tone-metal-packshot-artistique-vue1-as3648b09396nk340-8857825738782.jpg</filename>
	<path>/my-project-name/eed-gold-tone-metal-packshot-artistique-vue1-as3648b09396nk340-8857825738782.jpg</path>
	<source>
		<database>Unspecified</database>
	</source>
	<size>
		<width>150</width>
		<height>175</height>
		<depth>3</depth>
	</size>
	<object>
		<name>channel</name>
		<pose>Unspecified</pose>
		<truncated>0</truncated>
		<difficult>0</difficult>
		<bndbox>
			<xmin>69</xmin>
			<ymin>52</ymin>
			<xmax>97</xmax>
			<ymax>73</ymax>
		</bndbox>
	</object>
	<object>
		<name>channel</name>
		<pose>Unspecified</pose>
		<truncated>0</truncated>
		<difficult>0</difficult>
		<bndbox>
			<xmin>36</xmin>
			<ymin>46</ymin>
			<xmax>44</xmax>
			<ymax>94</ymax>
		</bndbox>
	</object>
	<object>
		<name>channel</name>
		<pose>Unspecified</pose>
		<truncated>0</truncated>
		<difficult>0</difficult>
		<bndbox>
			<xmin>28</xmin>
			<ymin>18</ymin>
			<xmax>118</xmax>
			<ymax>94</ymax>
		</bndbox>
	</object>
</annotation>