<annotation>
	<folder>my-project-name</folder>
	<filename>eed-gold-tone-metal-packshot-artistique-vue2-a66941b0927494305-8857824067614.jpg</filename>
	<path>/my-project-name/eed-gold-tone-metal-packshot-artistique-vue2-a66941b0927494305-8857824067614.jpg</path>
	<source>
		<database>Unspecified</database>
	</source>
	<size>
		<width>228</width>
		<height>266</height>
		<depth>3</depth>
	</size>
	<object>
		<name>channel</name>
		<pose>Unspecified</pose>
		<truncated>0</truncated>
		<difficult>0</difficult>
		<bndbox>
			<xmin>31</xmin>
			<ymin>110</ymin>
			<xmax>162</xmax>
			<ymax>147</ymax>
		</bndbox>
	</object>
	<object>
		<name>channel</name>
		<pose>Unspecified</pose>
		<truncated>0</truncated>
		<difficult>0</difficult>
		<bndbox>
			<xmin>77</xmin>
			<ymin>143</ymin>
			<xmax>121</xmax>
			<ymax>195</ymax>
		</bndbox>
	</object>
	<object>
		<name>channel</name>
		<pose>Unspecified</pose>
		<truncated>0</truncated>
		<difficult>0</difficult>
		<bndbox>
			<xmin>8</xmin>
			<ymin>47</ymin>
			<xmax>220</xmax>
			<ymax>226</ymax>
		</bndbox>
	</object>
</annotation>