<annotation>
	<folder>my-project-name</folder>
	<filename>ers-gold-tone-metal-packshot-artistique-vue1-as3778b09797nl798-9516412469278.jpg</filename>
	<path>/my-project-name/ers-gold-tone-metal-packshot-artistique-vue1-as3778b09797nl798-9516412469278.jpg</path>
	<source>
		<database>Unspecified</database>
	</source>
	<size>
		<width>150</width>
		<height>175</height>
		<depth>3</depth>
	</size>
	<object>
		<name>channel</name>
		<pose>Unspecified</pose>
		<truncated>0</truncated>
		<difficult>0</difficult>
		<bndbox>
			<xmin>21</xmin>
			<ymin>32</ymin>
			<xmax>140</xmax>
			<ymax>134</ymax>
		</bndbox>
	</object>
	<object>
		<name>channel</name>
		<pose>Unspecified</pose>
		<truncated>0</truncated>
		<difficult>0</difficult>
		<bndbox>
			<xmin>70</xmin>
			<ymin>102</ymin>
			<xmax>95</xmax>
			<ymax>120</ymax>
		</bndbox>
	</object>
	<object>
		<name>channel</name>
		<pose>Unspecified</pose>
		<truncated>0</truncated>
		<difficult>0</difficult>
		<bndbox>
			<xmin>46</xmin>
			<ymin>39</ymin>
			<xmax>110</xmax>
			<ymax>59</ymax>
		</bndbox>
	</object>
</annotation>