<annotation>
	<folder>my-project-name</folder>
	<filename>Eva-Longoria-Out-In-Santa-Monica-April-24-2013.jpg</filename>
	<path>/my-project-name/Eva-Longoria-Out-In-Santa-Monica-April-24-2013.jpg</path>
	<source>
		<database>Unspecified</database>
	</source>
	<size>
		<width>462</width>
		<height>640</height>
		<depth>3</depth>
	</size>
	<object>
		<name>channel</name>
		<pose>Unspecified</pose>
		<truncated>0</truncated>
		<difficult>0</difficult>
		<bndbox>
			<xmin>204</xmin>
			<ymin>445</ymin>
			<xmax>314</xmax>
			<ymax>503</ymax>
		</bndbox>
	</object>
	<object>
		<name>channel</name>
		<pose>Unspecified</pose>
		<truncated>0</truncated>
		<difficult>0</difficult>
		<bndbox>
			<xmin>219</xmin>
			<ymin>363</ymin>
			<xmax>241</xmax>
			<ymax>431</ymax>
		</bndbox>
	</object>
	<object>
		<name>channel</name>
		<pose>Unspecified</pose>
		<truncated>0</truncated>
		<difficult>0</difficult>
		<bndbox>
			<xmin>179</xmin>
			<ymin>397</ymin>
			<xmax>386</xmax>
			<ymax>552</ymax>
		</bndbox>
	</object>
</annotation>