<annotation>
	<folder>my-project-name</folder>
	<filename>FSH-1664543578059-02handbags.jpg</filename>
	<path>/my-project-name/FSH-1664543578059-02handbags.jpg</path>
	<source>
		<database>Unspecified</database>
	</source>
	<size>
		<width>428</width>
		<height>342</height>
		<depth>3</depth>
	</size>
	<object>
		<name>channel</name>
		<pose>Unspecified</pose>
		<truncated>0</truncated>
		<difficult>0</difficult>
		<bndbox>
			<xmin>190</xmin>
			<ymin>220</ymin>
			<xmax>248</xmax>
			<ymax>252</ymax>
		</bndbox>
	</object>
	<object>
		<name>channel</name>
		<pose>Unspecified</pose>
		<truncated>0</truncated>
		<difficult>0</difficult>
		<bndbox>
			<xmin>40</xmin>
			<ymin>133</ymin>
			<xmax>310</xmax>
			<ymax>297</ymax>
		</bndbox>
	</object>
</annotation>