<annotation>
	<folder>my-project-name</folder>
	<filename>FSH-1669914947377-02handbags.jpg</filename>
	<path>/my-project-name/FSH-1669914947377-02handbags.jpg</path>
	<source>
		<database>Unspecified</database>
	</source>
	<size>
		<width>428</width>
		<height>342</height>
		<depth>3</depth>
	</size>
	<object>
		<name>channel</name>
		<pose>Unspecified</pose>
		<truncated>0</truncated>
		<difficult>0</difficult>
		<bndbox>
			<xmin>221</xmin>
			<ymin>205</ymin>
			<xmax>275</xmax>
			<ymax>231</ymax>
		</bndbox>
	</object>
	<object>
		<name>channel</name>
		<pose>Unspecified</pose>
		<truncated>0</truncated>
		<difficult>0</difficult>
		<bndbox>
			<xmin>152</xmin>
			<ymin>184</ymin>
			<xmax>382</xmax>
			<ymax>342</ymax>
		</bndbox>
	</object>
</annotation>