<annotation>
	<folder>my-project-name</folder>
	<filename>FSH-1656085328901-02handbags.jpg</filename>
	<path>/my-project-name/FSH-1656085328901-02handbags.jpg</path>
	<source>
		<database>Unspecified</database>
	</source>
	<size>
		<width>428</width>
		<height>342</height>
		<depth>3</depth>
	</size>
	<object>
		<name>channel</name>
		<pose>Unspecified</pose>
		<truncated>0</truncated>
		<difficult>0</difficult>
		<bndbox>
			<xmin>209</xmin>
			<ymin>214</ymin>
			<xmax>263</xmax>
			<ymax>259</ymax>
		</bndbox>
	</object>
	<object>
		<name>channel</name>
		<pose>Unspecified</pose>
		<truncated>0</truncated>
		<difficult>0</difficult>
		<bndbox>
			<xmin>150</xmin>
			<ymin>120</ymin>
			<xmax>376</xmax>
			<ymax>313</ymax>
		</bndbox>
	</object>
	<object>
		<name>channel</name>
		<pose>Unspecified</pose>
		<truncated>0</truncated>
		<difficult>0</difficult>
		<bndbox>
			<xmin>303</xmin>
			<ymin>134</ymin>
			<xmax>344</xmax>
			<ymax>216</ymax>
		</bndbox>
	</object>
</annotation>