<annotation>
	<folder>my-project-name</folder>
	<filename>FTiLcDmUAAAQqqe.jpg</filename>
	<path>/my-project-name/FTiLcDmUAAAQqqe.jpg</path>
	<source>
		<database>Unspecified</database>
	</source>
	<size>
		<width>800</width>
		<height>1198</height>
		<depth>3</depth>
	</size>
	<object>
		<name>channel</name>
		<pose>Unspecified</pose>
		<truncated>0</truncated>
		<difficult>0</difficult>
		<bndbox>
			<xmin>218</xmin>
			<ymin>784</ymin>
			<xmax>597</xmax>
			<ymax>896</ymax>
		</bndbox>
	</object>
	<object>
		<name>channel</name>
		<pose>Unspecified</pose>
		<truncated>0</truncated>
		<difficult>0</difficult>
		<bndbox>
			<xmin>62</xmin>
			<ymin>317</ymin>
			<xmax>758</xmax>
			<ymax>1054</ymax>
		</bndbox>
	</object>
	<object>
		<name>channel</name>
		<pose>Unspecified</pose>
		<truncated>0</truncated>
		<difficult>0</difficult>
		<bndbox>
			<xmin>300</xmin>
			<ymin>358</ymin>
			<xmax>459</xmax>
			<ymax>760</ymax>
		</bndbox>
	</object>
</annotation>