<annotation>
	<folder>my-project-name</folder>
	<filename>Gwyneth-Paltrow-Chanel-Frame-Satchel.jpg</filename>
	<path>/my-project-name/Gwyneth-Paltrow-Chanel-Frame-Satchel.jpg</path>
	<source>
		<database>Unspecified</database>
	</source>
	<size>
		<width>802</width>
		<height>1000</height>
		<depth>3</depth>
	</size>
	<object>
		<name>channel</name>
		<pose>Unspecified</pose>
		<truncated>0</truncated>
		<difficult>0</difficult>
		<bndbox>
			<xmin>555</xmin>
			<ymin>542</ymin>
			<xmax>627</xmax>
			<ymax>591</ymax>
		</bndbox>
	</object>
	<object>
		<name>channel</name>
		<pose>Unspecified</pose>
		<truncated>0</truncated>
		<difficult>0</difficult>
		<bndbox>
			<xmin>372</xmin>
			<ymin>414</ymin>
			<xmax>720</xmax>
			<ymax>716</ymax>
		</bndbox>
	</object>
</annotation>