<annotation>
	<folder>my-project-name</folder>
	<filename>hd-aspect-1466178782-gettyimages-540778074.jpg</filename>
	<path>/my-project-name/hd-aspect-1466178782-gettyimages-540778074.jpg</path>
	<source>
		<database>Unspecified</database>
	</source>
	<size>
		<width>4000</width>
		<height>2250</height>
		<depth>3</depth>
	</size>
	<object>
		<name>channel</name>
		<pose>Unspecified</pose>
		<truncated>0</truncated>
		<difficult>0</difficult>
		<bndbox>
			<xmin>1210</xmin>
			<ymin>471</ymin>
			<xmax>1851</xmax>
			<ymax>1157</ymax>
		</bndbox>
	</object>
	<object>
		<name>channel</name>
		<pose>Unspecified</pose>
		<truncated>0</truncated>
		<difficult>0</difficult>
		<bndbox>
			<xmin>874</xmin>
			<ymin>316</ymin>
			<xmax>3107</xmax>
			<ymax>1733</ymax>
		</bndbox>
	</object>
	<object>
		<name>channel</name>
		<pose>Unspecified</pose>
		<truncated>0</truncated>
		<difficult>0</difficult>
		<bndbox>
			<xmin>1029</xmin>
			<ymin>238</ymin>
			<xmax>2382</xmax>
			<ymax>465</ymax>
		</bndbox>
	</object>
	<object>
		<name>channel</name>
		<pose>Unspecified</pose>
		<truncated>0</truncated>
		<difficult>0</difficult>
		<bndbox>
			<xmin>1676</xmin>
			<ymin>1339</ymin>
			<xmax>2065</xmax>
			<ymax>1636</ymax>
		</bndbox>
	</object>
</annotation>