<annotation>
	<folder>my-project-name</folder>
	<filename>henium-finish-metal-packshot-artistique-vue1-as1161b08887nj581-8855844388894.jpg</filename>
	<path>/my-project-name/henium-finish-metal-packshot-artistique-vue1-as1161b08887nj581-8855844388894.jpg</path>
	<source>
		<database>Unspecified</database>
	</source>
	<size>
		<width>428</width>
		<height>500</height>
		<depth>3</depth>
	</size>
	<object>
		<name>channel</name>
		<pose>Unspecified</pose>
		<truncated>0</truncated>
		<difficult>0</difficult>
		<bndbox>
			<xmin>180</xmin>
			<ymin>211</ymin>
			<xmax>245</xmax>
			<ymax>275</ymax>
		</bndbox>
	</object>
	<object>
		<name>channel</name>
		<pose>Unspecified</pose>
		<truncated>0</truncated>
		<difficult>0</difficult>
		<bndbox>
			<xmin>245</xmin>
			<ymin>162</ymin>
			<xmax>350</xmax>
			<ymax>319</ymax>
		</bndbox>
	</object>
	<object>
		<name>channel</name>
		<pose>Unspecified</pose>
		<truncated>0</truncated>
		<difficult>0</difficult>
		<bndbox>
			<xmin>68</xmin>
			<ymin>123</ymin>
			<xmax>382</xmax>
			<ymax>359</ymax>
		</bndbox>
	</object>
</annotation>