<annotation>
	<folder>my-project-name</folder>
	<filename>henium-finish-metal-packshot-artistique-vue1-as1161b09049nj544-8855853137950.jpg</filename>
	<path>/my-project-name/henium-finish-metal-packshot-artistique-vue1-as1161b09049nj544-8855853137950.jpg</path>
	<source>
		<database>Unspecified</database>
	</source>
	<size>
		<width>150</width>
		<height>175</height>
		<depth>3</depth>
	</size>
	<object>
		<name>channel</name>
		<pose>Unspecified</pose>
		<truncated>0</truncated>
		<difficult>0</difficult>
		<bndbox>
			<xmin>58</xmin>
			<ymin>42</ymin>
			<xmax>76</xmax>
			<ymax>74</ymax>
		</bndbox>
	</object>
	<object>
		<name>channel</name>
		<pose>Unspecified</pose>
		<truncated>0</truncated>
		<difficult>0</difficult>
		<bndbox>
			<xmin>55</xmin>
			<ymin>72</ymin>
			<xmax>78</xmax>
			<ymax>94</ymax>
		</bndbox>
	</object>
	<object>
		<name>channel</name>
		<pose>Unspecified</pose>
		<truncated>0</truncated>
		<difficult>0</difficult>
		<bndbox>
			<xmin>12</xmin>
			<ymin>34</ymin>
			<xmax>125</xmax>
			<ymax>123</ymax>
		</bndbox>
	</object>
</annotation>