<annotation>
	<folder>my-project-name</folder>
	<filename>henium-finish-metal-packshot-artistique-vue2-as1160b08964nj582-8855838064670.jpg</filename>
	<path>/my-project-name/henium-finish-metal-packshot-artistique-vue2-as1160b08964nj582-8855838064670.jpg</path>
	<source>
		<database>Unspecified</database>
	</source>
	<size>
		<width>228</width>
		<height>266</height>
		<depth>3</depth>
	</size>
	<object>
		<name>channel</name>
		<pose>Unspecified</pose>
		<truncated>0</truncated>
		<difficult>0</difficult>
		<bndbox>
			<xmin>93</xmin>
			<ymin>113</ymin>
			<xmax>135</xmax>
			<ymax>145</ymax>
		</bndbox>
	</object>
	<object>
		<name>channel</name>
		<pose>Unspecified</pose>
		<truncated>0</truncated>
		<difficult>0</difficult>
		<bndbox>
			<xmin>71</xmin>
			<ymin>74</ymin>
			<xmax>130</xmax>
			<ymax>106</ymax>
		</bndbox>
	</object>
	<object>
		<name>channel</name>
		<pose>Unspecified</pose>
		<truncated>0</truncated>
		<difficult>0</difficult>
		<bndbox>
			<xmin>19</xmin>
			<ymin>66</ymin>
			<xmax>203</xmax>
			<ymax>188</ymax>
		</bndbox>
	</object>
	<object>
		<name>channel</name>
		<pose>Unspecified</pose>
		<truncated>0</truncated>
		<difficult>0</difficult>
		<bndbox>
			<xmin>21</xmin>
			<ymin>85</ymin>
			<xmax>46</xmax>
			<ymax>176</ymax>
		</bndbox>
	</object>
</annotation>