<annotation>
	<folder>my-project-name</folder>
	<filename>henium-finish-metal-packshot-artistique-vue1-as1162b09288m9999-8857822986270.jpg</filename>
	<path>/my-project-name/henium-finish-metal-packshot-artistique-vue1-as1162b09288m9999-8857822986270.jpg</path>
	<source>
		<database>Unspecified</database>
	</source>
	<size>
		<width>150</width>
		<height>175</height>
		<depth>3</depth>
	</size>
	<object>
		<name>channel</name>
		<pose>Unspecified</pose>
		<truncated>0</truncated>
		<difficult>0</difficult>
		<bndbox>
			<xmin>66</xmin>
			<ymin>89</ymin>
			<xmax>91</xmax>
			<ymax>104</ymax>
		</bndbox>
	</object>
	<object>
		<name>channel</name>
		<pose>Unspecified</pose>
		<truncated>0</truncated>
		<difficult>0</difficult>
		<bndbox>
			<xmin>50</xmin>
			<ymin>43</ymin>
			<xmax>90</xmax>
			<ymax>70</ymax>
		</bndbox>
	</object>
	<object>
		<name>channel</name>
		<pose>Unspecified</pose>
		<truncated>0</truncated>
		<difficult>0</difficult>
		<bndbox>
			<xmin>24</xmin>
			<ymin>28</ymin>
			<xmax>135</xmax>
			<ymax>125</ymax>
		</bndbox>
	</object>
</annotation>