<annotation>
	<folder>my-project-name</folder>
	<filename>henium-finish-metal-packshot-artistique-vue1-as3660b04852nk294-8857837535262.jpg</filename>
	<path>/my-project-name/henium-finish-metal-packshot-artistique-vue1-as3660b04852nk294-8857837535262.jpg</path>
	<source>
		<database>Unspecified</database>
	</source>
	<size>
		<width>150</width>
		<height>175</height>
		<depth>3</depth>
	</size>
	<object>
		<name>channel</name>
		<pose>Unspecified</pose>
		<truncated>0</truncated>
		<difficult>0</difficult>
		<bndbox>
			<xmin>57</xmin>
			<ymin>58</ymin>
			<xmax>83</xmax>
			<ymax>82</ymax>
		</bndbox>
	</object>
	<object>
		<name>channel</name>
		<pose>Unspecified</pose>
		<truncated>0</truncated>
		<difficult>0</difficult>
		<bndbox>
			<xmin>41</xmin>
			<ymin>87</ymin>
			<xmax>62</xmax>
			<ymax>121</ymax>
		</bndbox>
	</object>
	<object>
		<name>channel</name>
		<pose>Unspecified</pose>
		<truncated>0</truncated>
		<difficult>0</difficult>
		<bndbox>
			<xmin>15</xmin>
			<ymin>24</ymin>
			<xmax>135</xmax>
			<ymax>148</ymax>
		</bndbox>
	</object>
</annotation>