<annotation>
	<folder>my-project-name</folder>
	<filename>henium-finish-metal-packshot-artistique-vue1-as1160b07327nl302-9516416663582.jpg</filename>
	<path>/my-project-name/henium-finish-metal-packshot-artistique-vue1-as1160b07327nl302-9516416663582.jpg</path>
	<source>
		<database>Unspecified</database>
	</source>
	<size>
		<width>428</width>
		<height>500</height>
		<depth>3</depth>
	</size>
	<object>
		<name>channel</name>
		<pose>Unspecified</pose>
		<truncated>0</truncated>
		<difficult>0</difficult>
		<bndbox>
			<xmin>171</xmin>
			<ymin>195</ymin>
			<xmax>273</xmax>
			<ymax>262</ymax>
		</bndbox>
	</object>
	<object>
		<name>channel</name>
		<pose>Unspecified</pose>
		<truncated>0</truncated>
		<difficult>0</difficult>
		<bndbox>
			<xmin>308</xmin>
			<ymin>180</ymin>
			<xmax>376</xmax>
			<ymax>306</ymax>
		</bndbox>
	</object>
	<object>
		<name>channel</name>
		<pose>Unspecified</pose>
		<truncated>0</truncated>
		<difficult>0</difficult>
		<bndbox>
			<xmin>83</xmin>
			<ymin>98</ymin>
			<xmax>400</xmax>
			<ymax>343</ymax>
		</bndbox>
	</object>
</annotation>