<annotation>
	<folder>my-project-name</folder>
	<filename>ilk-gold-tone-metal-packshot-artistique-vue2-as3522b08933nk173-8855847960606.jpg</filename>
	<path>/my-project-name/ilk-gold-tone-metal-packshot-artistique-vue2-as3522b08933nk173-8855847960606.jpg</path>
	<source>
		<database>Unspecified</database>
	</source>
	<size>
		<width>428</width>
		<height>500</height>
		<depth>3</depth>
	</size>
	<object>
		<name>channel</name>
		<pose>Unspecified</pose>
		<truncated>0</truncated>
		<difficult>0</difficult>
		<bndbox>
			<xmin>187</xmin>
			<ymin>270</ymin>
			<xmax>229</xmax>
			<ymax>306</ymax>
		</bndbox>
	</object>
	<object>
		<name>channel</name>
		<pose>Unspecified</pose>
		<truncated>0</truncated>
		<difficult>0</difficult>
		<bndbox>
			<xmin>106</xmin>
			<ymin>154</ymin>
			<xmax>359</xmax>
			<ymax>342</ymax>
		</bndbox>
	</object>
	<object>
		<name>channel</name>
		<pose>Unspecified</pose>
		<truncated>0</truncated>
		<difficult>0</difficult>
		<bndbox>
			<xmin>127</xmin>
			<ymin>186</ymin>
			<xmax>160</xmax>
			<ymax>295</ymax>
		</bndbox>
	</object>
</annotation>