<annotation>
	<folder>my-project-name</folder>
	<filename>image31.jpg</filename>
	<path>/my-project-name/image31.jpg</path>
	<source>
		<database>Unspecified</database>
	</source>
	<size>
		<width>634</width>
		<height>688</height>
		<depth>3</depth>
	</size>
	<object>
		<name>channel</name>
		<pose>Unspecified</pose>
		<truncated>0</truncated>
		<difficult>0</difficult>
		<bndbox>
			<xmin>251</xmin>
			<ymin>540</ymin>
			<xmax>393</xmax>
			<ymax>661</ymax>
		</bndbox>
	</object>
	<object>
		<name>channel</name>
		<pose>Unspecified</pose>
		<truncated>0</truncated>
		<difficult>0</difficult>
		<bndbox>
			<xmin>270</xmin>
			<ymin>614</ymin>
			<xmax>315</xmax>
			<ymax>669</ymax>
		</bndbox>
	</object>
	<object>
		<name>channel</name>
		<pose>Unspecified</pose>
		<truncated>0</truncated>
		<difficult>0</difficult>
		<bndbox>
			<xmin>194</xmin>
			<ymin>477</ymin>
			<xmax>470</xmax>
			<ymax>688</ymax>
		</bndbox>
	</object>
</annotation>