<annotation>
	<folder>my-project-name</folder>
	<filename>img.jpg</filename>
	<path>/my-project-name/img.jpg</path>
	<source>
		<database>Unspecified</database>
	</source>
	<size>
		<width>919</width>
		<height>708</height>
		<depth>3</depth>
	</size>
	<object>
		<name>channel</name>
		<pose>Unspecified</pose>
		<truncated>0</truncated>
		<difficult>0</difficult>
		<bndbox>
			<xmin>222</xmin>
			<ymin>326</ymin>
			<xmax>355</xmax>
			<ymax>467</ymax>
		</bndbox>
	</object>
	<object>
		<name>channel</name>
		<pose>Unspecified</pose>
		<truncated>0</truncated>
		<difficult>0</difficult>
		<bndbox>
			<xmin>126</xmin>
			<ymin>168</ymin>
			<xmax>562</xmax>
			<ymax>585</ymax>
		</bndbox>
	</object>
	<object>
		<name>channel</name>
		<pose>Unspecified</pose>
		<truncated>0</truncated>
		<difficult>0</difficult>
		<bndbox>
			<xmin>477</xmin>
			<ymin>300</ymin>
			<xmax>532</xmax>
			<ymax>569</ymax>
		</bndbox>
	</object>
</annotation>