<annotation>
	<folder>my-project-name</folder>
	<filename>img2.jpg</filename>
	<path>/my-project-name/img2.jpg</path>
	<source>
		<database>Unspecified</database>
	</source>
	<size>
		<width>486</width>
		<height>376</height>
		<depth>3</depth>
	</size>
	<object>
		<name>channel</name>
		<pose>Unspecified</pose>
		<truncated>0</truncated>
		<difficult>0</difficult>
		<bndbox>
			<xmin>248</xmin>
			<ymin>274</ymin>
			<xmax>289</xmax>
			<ymax>308</ymax>
		</bndbox>
	</object>
	<object>
		<name>channel</name>
		<pose>Unspecified</pose>
		<truncated>0</truncated>
		<difficult>0</difficult>
		<bndbox>
			<xmin>136</xmin>
			<ymin>156</ymin>
			<xmax>371</xmax>
			<ymax>337</ymax>
		</bndbox>
	</object>
	<object>
		<name>channel</name>
		<pose>Unspecified</pose>
		<truncated>0</truncated>
		<difficult>0</difficult>
		<bndbox>
			<xmin>152</xmin>
			<ymin>140</ymin>
			<xmax>175</xmax>
			<ymax>220</ymax>
		</bndbox>
	</object>
	<object>
		<name>channel</name>
		<pose>Unspecified</pose>
		<truncated>0</truncated>
		<difficult>0</difficult>
		<bndbox>
			<xmin>202</xmin>
			<ymin>193</ymin>
			<xmax>319</xmax>
			<ymax>271</ymax>
		</bndbox>
	</object>
</annotation>