<annotation>
	<folder>my-project-name</folder>
	<filename>img5.jpg</filename>
	<path>/my-project-name/img5.jpg</path>
	<source>
		<database>Unspecified</database>
	</source>
	<size>
		<width>4032</width>
		<height>2268</height>
		<depth>3</depth>
	</size>
	<object>
		<name>channel</name>
		<pose>Unspecified</pose>
		<truncated>0</truncated>
		<difficult>0</difficult>
		<bndbox>
			<xmin>1859</xmin>
			<ymin>1636</ymin>
			<xmax>2303</xmax>
			<ymax>1963</ymax>
		</bndbox>
	</object>
	<object>
		<name>channel</name>
		<pose>Unspecified</pose>
		<truncated>0</truncated>
		<difficult>0</difficult>
		<bndbox>
			<xmin>444</xmin>
			<ymin>475</ymin>
			<xmax>3354</xmax>
			<ymax>2126</ymax>
		</bndbox>
	</object>
	<object>
		<name>channel</name>
		<pose>Unspecified</pose>
		<truncated>0</truncated>
		<difficult>0</difficult>
		<bndbox>
			<xmin>261</xmin>
			<ymin>436</ymin>
			<xmax>809</xmax>
			<ymax>1858</ymax>
		</bndbox>
	</object>
</annotation>