<annotation>
	<folder>my-project-name</folder>
	<filename>img6.jpg</filename>
	<path>/my-project-name/img6.jpg</path>
	<source>
		<database>Unspecified</database>
	</source>
	<size>
		<width>1080</width>
		<height>1199</height>
		<depth>3</depth>
	</size>
	<object>
		<name>channel</name>
		<pose>Unspecified</pose>
		<truncated>0</truncated>
		<difficult>0</difficult>
		<bndbox>
			<xmin>458</xmin>
			<ymin>958</ymin>
			<xmax>564</xmax>
			<ymax>1034</ymax>
		</bndbox>
	</object>
	<object>
		<name>channel</name>
		<pose>Unspecified</pose>
		<truncated>0</truncated>
		<difficult>0</difficult>
		<bndbox>
			<xmin>302</xmin>
			<ymin>811</ymin>
			<xmax>690</xmax>
			<ymax>1167</ymax>
		</bndbox>
	</object>
</annotation>