<annotation>
	<folder>my-project-name</folder>
	<filename>IMG_4148.jpg</filename>
	<path>/my-project-name/IMG_4148.jpg</path>
	<source>
		<database>Unspecified</database>
	</source>
	<size>
		<width>3264</width>
		<height>3264</height>
		<depth>3</depth>
	</size>
	<object>
		<name>channel</name>
		<pose>Unspecified</pose>
		<truncated>0</truncated>
		<difficult>0</difficult>
		<bndbox>
			<xmin>523</xmin>
			<ymin>2930</ymin>
			<xmax>857</xmax>
			<ymax>3071</ymax>
		</bndbox>
	</object>
	<object>
		<name>channel</name>
		<pose>Unspecified</pose>
		<truncated>0</truncated>
		<difficult>0</difficult>
		<bndbox>
			<xmin>1799</xmin>
			<ymin>2737</ymin>
			<xmax>2025</xmax>
			<ymax>2902</ymax>
		</bndbox>
	</object>
	<object>
		<name>channel</name>
		<pose>Unspecified</pose>
		<truncated>0</truncated>
		<difficult>0</difficult>
		<bndbox>
			<xmin>2570</xmin>
			<ymin>2036</ymin>
			<xmax>2777</xmax>
			<ymax>2206</ymax>
		</bndbox>
	</object>
	<object>
		<name>channel</name>
		<pose>Unspecified</pose>
		<truncated>0</truncated>
		<difficult>0</difficult>
		<bndbox>
			<xmin>2232</xmin>
			<ymin>1815</ymin>
			<xmax>2961</xmax>
			<ymax>2304</ymax>
		</bndbox>
	</object>
	<object>
		<name>channel</name>
		<pose>Unspecified</pose>
		<truncated>0</truncated>
		<difficult>0</difficult>
		<bndbox>
			<xmin>1342</xmin>
			<ymin>2413</ymin>
			<xmax>2199</xmax>
			<ymax>2954</ymax>
		</bndbox>
	</object>
	<object>
		<name>channel</name>
		<pose>Unspecified</pose>
		<truncated>0</truncated>
		<difficult>0</difficult>
		<bndbox>
			<xmin>221</xmin>
			<ymin>2676</ymin>
			<xmax>1016</xmax>
			<ymax>3114</ymax>
		</bndbox>
	</object>
	<object>
		<name>channel</name>
		<pose>Unspecified</pose>
		<truncated>0</truncated>
		<difficult>0</difficult>
		<bndbox>
			<xmin>310</xmin>
			<ymin>2526</ymin>
			<xmax>385</xmax>
			<ymax>2935</ymax>
		</bndbox>
	</object>
	<object>
		<name>channel</name>
		<pose>Unspecified</pose>
		<truncated>0</truncated>
		<difficult>0</difficult>
		<bndbox>
			<xmin>1449</xmin>
			<ymin>2333</ymin>
			<xmax>1604</xmax>
			<ymax>2596</ymax>
		</bndbox>
	</object>
	<object>
		<name>channel</name>
		<pose>Unspecified</pose>
		<truncated>0</truncated>
		<difficult>0</difficult>
		<bndbox>
			<xmin>2771</xmin>
			<ymin>1726</ymin>
			<xmax>2959</xmax>
			<ymax>2031</ymax>
		</bndbox>
	</object>
</annotation>