<annotation>
	<folder>my-project-name</folder>
	<filename>IMG_3930.jpg</filename>
	<path>/my-project-name/IMG_3930.jpg</path>
	<source>
		<database>Unspecified</database>
	</source>
	<size>
		<width>1170</width>
		<height>1375</height>
		<depth>3</depth>
	</size>
	<object>
		<name>channel</name>
		<pose>Unspecified</pose>
		<truncated>0</truncated>
		<difficult>0</difficult>
		<bndbox>
			<xmin>248</xmin>
			<ymin>519</ymin>
			<xmax>450</xmax>
			<ymax>748</ymax>
		</bndbox>
	</object>
	<object>
		<name>channel</name>
		<pose>Unspecified</pose>
		<truncated>0</truncated>
		<difficult>0</difficult>
		<bndbox>
			<xmin>501</xmin>
			<ymin>866</ymin>
			<xmax>679</xmax>
			<ymax>974</ymax>
		</bndbox>
	</object>
	<object>
		<name>channel</name>
		<pose>Unspecified</pose>
		<truncated>0</truncated>
		<difficult>0</difficult>
		<bndbox>
			<xmin>120</xmin>
			<ymin>468</ymin>
			<xmax>1000</xmax>
			<ymax>1045</ymax>
		</bndbox>
	</object>
	<object>
		<name>channel</name>
		<pose>Unspecified</pose>
		<truncated>0</truncated>
		<difficult>0</difficult>
		<bndbox>
			<xmin>716</xmin>
			<ymin>799</ymin>
			<xmax>919</xmax>
			<ymax>977</ymax>
		</bndbox>
	</object>
</annotation>