<annotation>
	<folder>my-project-name</folder>
	<filename>in-gold-tone-metal--packshot-artistique-vue2-as3313b09981nm243-9516416794654.jpg</filename>
	<path>/my-project-name/in-gold-tone-metal--packshot-artistique-vue2-as3313b09981nm243-9516416794654.jpg</path>
	<source>
		<database>Unspecified</database>
	</source>
	<size>
		<width>228</width>
		<height>266</height>
		<depth>3</depth>
	</size>
	<object>
		<name>channel</name>
		<pose>Unspecified</pose>
		<truncated>0</truncated>
		<difficult>0</difficult>
		<bndbox>
			<xmin>73</xmin>
			<ymin>58</ymin>
			<xmax>94</xmax>
			<ymax>205</ymax>
		</bndbox>
	</object>
	<object>
		<name>channel</name>
		<pose>Unspecified</pose>
		<truncated>0</truncated>
		<difficult>0</difficult>
		<bndbox>
			<xmin>115</xmin>
			<ymin>166</ymin>
			<xmax>166</xmax>
			<ymax>194</ymax>
		</bndbox>
	</object>
	<object>
		<name>channel</name>
		<pose>Unspecified</pose>
		<truncated>0</truncated>
		<difficult>0</difficult>
		<bndbox>
			<xmin>47</xmin>
			<ymin>27</ymin>
			<xmax>199</xmax>
			<ymax>226</ymax>
		</bndbox>
	</object>
</annotation>