<annotation>
	<folder>my-project-name</folder>
	<filename>in-gold-tone-metal--packshot-artistique-vue1-as3313b09981nm243-9516416729118.jpg</filename>
	<path>/my-project-name/in-gold-tone-metal--packshot-artistique-vue1-as3313b09981nm243-9516416729118.jpg</path>
	<source>
		<database>Unspecified</database>
	</source>
	<size>
		<width>150</width>
		<height>175</height>
		<depth>3</depth>
	</size>
	<object>
		<name>channel</name>
		<pose>Unspecified</pose>
		<truncated>0</truncated>
		<difficult>0</difficult>
		<bndbox>
			<xmin>57</xmin>
			<ymin>110</ymin>
			<xmax>103</xmax>
			<ymax>127</ymax>
		</bndbox>
	</object>
	<object>
		<name>channel</name>
		<pose>Unspecified</pose>
		<truncated>0</truncated>
		<difficult>0</difficult>
		<bndbox>
			<xmin>17</xmin>
			<ymin>19</ymin>
			<xmax>143</xmax>
			<ymax>159</ymax>
		</bndbox>
	</object>
	<object>
		<name>channel</name>
		<pose>Unspecified</pose>
		<truncated>0</truncated>
		<difficult>0</difficult>
		<bndbox>
			<xmin>34</xmin>
			<ymin>87</ymin>
			<xmax>60</xmax>
			<ymax>147</ymax>
		</bndbox>
	</object>
</annotation>