<annotation>
	<folder>my-project-name</folder>
	<filename>in-gold-tone-metal--packshot-artistique-vue1-as3313b0803794305-8858294812702.jpg</filename>
	<path>/my-project-name/in-gold-tone-metal--packshot-artistique-vue1-as3313b0803794305-8858294812702.jpg</path>
	<source>
		<database>Unspecified</database>
	</source>
	<size>
		<width>150</width>
		<height>175</height>
		<depth>3</depth>
	</size>
	<object>
		<name>channel</name>
		<pose>Unspecified</pose>
		<truncated>0</truncated>
		<difficult>0</difficult>
		<bndbox>
			<xmin>44</xmin>
			<ymin>106</ymin>
			<xmax>98</xmax>
			<ymax>122</ymax>
		</bndbox>
	</object>
	<object>
		<name>channel</name>
		<pose>Unspecified</pose>
		<truncated>0</truncated>
		<difficult>0</difficult>
		<bndbox>
			<xmin>42</xmin>
			<ymin>45</ymin>
			<xmax>67</xmax>
			<ymax>100</ymax>
		</bndbox>
	</object>
	<object>
		<name>channel</name>
		<pose>Unspecified</pose>
		<truncated>0</truncated>
		<difficult>0</difficult>
		<bndbox>
			<xmin>16</xmin>
			<ymin>24</ymin>
			<xmax>129</xmax>
			<ymax>149</ymax>
		</bndbox>
	</object>
</annotation>