<annotation>
	<folder>my-project-name</folder>
	<filename>ing-gold-tone-metal-packshot-artistique-vue1-as3768b09791nl871-9516406702110.jpg</filename>
	<path>/my-project-name/ing-gold-tone-metal-packshot-artistique-vue1-as3768b09791nl871-9516406702110.jpg</path>
	<source>
		<database>Unspecified</database>
	</source>
	<size>
		<width>150</width>
		<height>175</height>
		<depth>3</depth>
	</size>
	<object>
		<name>channel</name>
		<pose>Unspecified</pose>
		<truncated>0</truncated>
		<difficult>0</difficult>
		<bndbox>
			<xmin>26</xmin>
			<ymin>54</ymin>
			<xmax>131</xmax>
			<ymax>129</ymax>
		</bndbox>
	</object>
	<object>
		<name>channel</name>
		<pose>Unspecified</pose>
		<truncated>0</truncated>
		<difficult>0</difficult>
		<bndbox>
			<xmin>70</xmin>
			<ymin>72</ymin>
			<xmax>90</xmax>
			<ymax>88</ymax>
		</bndbox>
	</object>
	<object>
		<name>channel</name>
		<pose>Unspecified</pose>
		<truncated>0</truncated>
		<difficult>0</difficult>
		<bndbox>
			<xmin>46</xmin>
			<ymin>71</ymin>
			<xmax>65</xmax>
			<ymax>86</ymax>
		</bndbox>
	</object>
</annotation>