<annotation>
	<folder>my-project-name</folder>
	<filename>ing-gold-tone-metal-packshot-artistique-vue1-as3768b09791nl870-9516402278430.jpg</filename>
	<path>/my-project-name/ing-gold-tone-metal-packshot-artistique-vue1-as3768b09791nl870-9516402278430.jpg</path>
	<source>
		<database>Unspecified</database>
	</source>
	<size>
		<width>428</width>
		<height>500</height>
		<depth>3</depth>
	</size>
	<object>
		<name>channel</name>
		<pose>Unspecified</pose>
		<truncated>0</truncated>
		<difficult>0</difficult>
		<bndbox>
			<xmin>192</xmin>
			<ymin>200</ymin>
			<xmax>242</xmax>
			<ymax>244</ymax>
		</bndbox>
	</object>
	<object>
		<name>channel</name>
		<pose>Unspecified</pose>
		<truncated>0</truncated>
		<difficult>0</difficult>
		<bndbox>
			<xmin>71</xmin>
			<ymin>137</ymin>
			<xmax>384</xmax>
			<ymax>348</ymax>
		</bndbox>
	</object>
	<object>
		<name>channel</name>
		<pose>Unspecified</pose>
		<truncated>0</truncated>
		<difficult>0</difficult>
		<bndbox>
			<xmin>136</xmin>
			<ymin>200</ymin>
			<xmax>180</xmax>
			<ymax>265</ymax>
		</bndbox>
	</object>
</annotation>