<annotation>
	<folder>my-project-name</folder>
	<filename>ing-gold-tone-metal-packshot-artistique-vue2-as3768b09791nl869-9516408471582.jpg</filename>
	<path>/my-project-name/ing-gold-tone-metal-packshot-artistique-vue2-as3768b09791nl869-9516408471582.jpg</path>
	<source>
		<database>Unspecified</database>
	</source>
	<size>
		<width>228</width>
		<height>266</height>
		<depth>3</depth>
	</size>
	<object>
		<name>channel</name>
		<pose>Unspecified</pose>
		<truncated>0</truncated>
		<difficult>0</difficult>
		<bndbox>
			<xmin>137</xmin>
			<ymin>98</ymin>
			<xmax>179</xmax>
			<ymax>126</ymax>
		</bndbox>
	</object>
	<object>
		<name>channel</name>
		<pose>Unspecified</pose>
		<truncated>0</truncated>
		<difficult>0</difficult>
		<bndbox>
			<xmin>63</xmin>
			<ymin>70</ymin>
			<xmax>216</xmax>
			<ymax>185</ymax>
		</bndbox>
	</object>
	<object>
		<name>channel</name>
		<pose>Unspecified</pose>
		<truncated>0</truncated>
		<difficult>0</difficult>
		<bndbox>
			<xmin>110</xmin>
			<ymin>110</ymin>
			<xmax>134</xmax>
			<ymax>157</ymax>
		</bndbox>
	</object>
	<object>
		<name>channel</name>
		<pose>Unspecified</pose>
		<truncated>0</truncated>
		<difficult>0</difficult>
		<bndbox>
			<xmin>141</xmin>
			<ymin>128</ymin>
			<xmax>176</xmax>
			<ymax>158</ymax>
		</bndbox>
	</object>
</annotation>