<annotation>
	<folder>my-project-name</folder>
	<filename>ing-gold-tone-metal-packshot-artistique-vue2-as3767b09791nl870-9516406734878.jpg</filename>
	<path>/my-project-name/ing-gold-tone-metal-packshot-artistique-vue2-as3767b09791nl870-9516406734878.jpg</path>
	<source>
		<database>Unspecified</database>
	</source>
	<size>
		<width>228</width>
		<height>266</height>
		<depth>3</depth>
	</size>
	<object>
		<name>channel</name>
		<pose>Unspecified</pose>
		<truncated>0</truncated>
		<difficult>0</difficult>
		<bndbox>
			<xmin>136</xmin>
			<ymin>143</ymin>
			<xmax>164</xmax>
			<ymax>164</ymax>
		</bndbox>
	</object>
	<object>
		<name>channel</name>
		<pose>Unspecified</pose>
		<truncated>0</truncated>
		<difficult>0</difficult>
		<bndbox>
			<xmin>91</xmin>
			<ymin>91</ymin>
			<xmax>128</xmax>
			<ymax>125</ymax>
		</bndbox>
	</object>
	<object>
		<name>channel</name>
		<pose>Unspecified</pose>
		<truncated>0</truncated>
		<difficult>0</difficult>
		<bndbox>
			<xmin>177</xmin>
			<ymin>75</ymin>
			<xmax>202</xmax>
			<ymax>110</ymax>
		</bndbox>
	</object>
	<object>
		<name>channel</name>
		<pose>Unspecified</pose>
		<truncated>0</truncated>
		<difficult>0</difficult>
		<bndbox>
			<xmin>55</xmin>
			<ymin>77</ymin>
			<xmax>218</xmax>
			<ymax>182</ymax>
		</bndbox>
	</object>
</annotation>