<annotation>
	<folder>my-project-name</folder>
	<filename>Jordana-Brewster-Chanel-Bag-December-2016.jpg</filename>
	<path>/my-project-name/Jordana-Brewster-Chanel-Bag-December-2016.jpg</path>
	<source>
		<database>Unspecified</database>
	</source>
	<size>
		<width>1024</width>
		<height>1024</height>
		<depth>3</depth>
	</size>
	<object>
		<name>channel</name>
		<pose>Unspecified</pose>
		<truncated>0</truncated>
		<difficult>0</difficult>
		<bndbox>
			<xmin>512</xmin>
			<ymin>542</ymin>
			<xmax>595</xmax>
			<ymax>610</ymax>
		</bndbox>
	</object>
	<object>
		<name>channel</name>
		<pose>Unspecified</pose>
		<truncated>0</truncated>
		<difficult>0</difficult>
		<bndbox>
			<xmin>324</xmin>
			<ymin>399</ymin>
			<xmax>723</xmax>
			<ymax>685</ymax>
		</bndbox>
	</object>
	<object>
		<name>channel</name>
		<pose>Unspecified</pose>
		<truncated>0</truncated>
		<difficult>0</difficult>
		<bndbox>
			<xmin>399</xmin>
			<ymin>361</ymin>
			<xmax>462</xmax>
			<ymax>467</ymax>
		</bndbox>
	</object>
</annotation>