<annotation>
	<folder>my-project-name</folder>
	<filename>Justine-Skye-StreetStyle-KOKO-TV-2.jpg</filename>
	<path>/my-project-name/Justine-Skye-StreetStyle-KOKO-TV-2.jpg</path>
	<source>
		<database>Unspecified</database>
	</source>
	<size>
		<width>1590</width>
		<height>2385</height>
		<depth>3</depth>
	</size>
	<object>
		<name>channel</name>
		<pose>Unspecified</pose>
		<truncated>0</truncated>
		<difficult>0</difficult>
		<bndbox>
			<xmin>469</xmin>
			<ymin>1660</ymin>
			<xmax>557</xmax>
			<ymax>1714</ymax>
		</bndbox>
	</object>
	<object>
		<name>channel</name>
		<pose>Unspecified</pose>
		<truncated>0</truncated>
		<difficult>0</difficult>
		<bndbox>
			<xmin>478</xmin>
			<ymin>1795</ymin>
			<xmax>559</xmax>
			<ymax>1851</ymax>
		</bndbox>
	</object>
	<object>
		<name>channel</name>
		<pose>Unspecified</pose>
		<truncated>0</truncated>
		<difficult>0</difficult>
		<bndbox>
			<xmin>359</xmin>
			<ymin>1547</ymin>
			<xmax>703</xmax>
			<ymax>1898</ymax>
		</bndbox>
	</object>
	<object>
		<name>channel</name>
		<pose>Unspecified</pose>
		<truncated>0</truncated>
		<difficult>0</difficult>
		<bndbox>
			<xmin>494</xmin>
			<ymin>1444</ymin>
			<xmax>541</xmax>
			<ymax>1586</ymax>
		</bndbox>
	</object>
</annotation>