<annotation>
	<folder>my-project-name</folder>
	<filename>KakaoTalk_20220511_224802940_01.jpg</filename>
	<path>/my-project-name/KakaoTalk_20220511_224802940_01.jpg</path>
	<source>
		<database>Unspecified</database>
	</source>
	<size>
		<width>1080</width>
		<height>1440</height>
		<depth>3</depth>
	</size>
	<object>
		<name>channel</name>
		<pose>Unspecified</pose>
		<truncated>0</truncated>
		<difficult>0</difficult>
		<bndbox>
			<xmin>417</xmin>
			<ymin>921</ymin>
			<xmax>628</xmax>
			<ymax>1045</ymax>
		</bndbox>
	</object>
	<object>
		<name>channel</name>
		<pose>Unspecified</pose>
		<truncated>0</truncated>
		<difficult>0</difficult>
		<bndbox>
			<xmin>304</xmin>
			<ymin>798</ymin>
			<xmax>791</xmax>
			<ymax>932</ymax>
		</bndbox>
	</object>
	<object>
		<name>channel</name>
		<pose>Unspecified</pose>
		<truncated>0</truncated>
		<difficult>0</difficult>
		<bndbox>
			<xmin>92</xmin>
			<ymin>589</ymin>
			<xmax>1080</xmax>
			<ymax>1316</ymax>
		</bndbox>
	</object>
	<object>
		<name>channel</name>
		<pose>Unspecified</pose>
		<truncated>0</truncated>
		<difficult>0</difficult>
		<bndbox>
			<xmin>357</xmin>
			<ymin>314</ymin>
			<xmax>529</xmax>
			<ymax>741</ymax>
		</bndbox>
	</object>
</annotation>