<annotation>
	<folder>my-project-name</folder>
	<filename>kCtGB.jpg</filename>
	<path>/my-project-name/kCtGB.jpg</path>
	<source>
		<database>Unspecified</database>
	</source>
	<size>
		<width>933</width>
		<height>1400</height>
		<depth>3</depth>
	</size>
	<object>
		<name>channel</name>
		<pose>Unspecified</pose>
		<truncated>0</truncated>
		<difficult>0</difficult>
		<bndbox>
			<xmin>467</xmin>
			<ymin>628</ymin>
			<xmax>607</xmax>
			<ymax>769</ymax>
		</bndbox>
	</object>
	<object>
		<name>channel</name>
		<pose>Unspecified</pose>
		<truncated>0</truncated>
		<difficult>0</difficult>
		<bndbox>
			<xmin>154</xmin>
			<ymin>395</ymin>
			<xmax>213</xmax>
			<ymax>793</ymax>
		</bndbox>
	</object>
	<object>
		<name>channel</name>
		<pose>Unspecified</pose>
		<truncated>0</truncated>
		<difficult>0</difficult>
		<bndbox>
			<xmin>288</xmin>
			<ymin>453</ymin>
			<xmax>449</xmax>
			<ymax>710</ymax>
		</bndbox>
	</object>
	<object>
		<name>channel</name>
		<pose>Unspecified</pose>
		<truncated>0</truncated>
		<difficult>0</difficult>
		<bndbox>
			<xmin>103</xmin>
			<ymin>353</ymin>
			<xmax>823</xmax>
			<ymax>1012</ymax>
		</bndbox>
	</object>
</annotation>