<annotation>
	<folder>my-project-name</folder>
	<filename>KH1706_BGUK_2405554_012_adipr203.jpg</filename>
	<path>/my-project-name/KH1706_BGUK_2405554_012_adipr203.jpg</path>
	<source>
		<database>Unspecified</database>
	</source>
	<size>
		<width>2273</width>
		<height>1515</height>
		<depth>3</depth>
	</size>
	<object>
		<name>channel</name>
		<pose>Unspecified</pose>
		<truncated>0</truncated>
		<difficult>0</difficult>
		<bndbox>
			<xmin>877</xmin>
			<ymin>1428</ymin>
			<xmax>961</xmax>
			<ymax>1510</ymax>
		</bndbox>
	</object>
	<object>
		<name>channel</name>
		<pose>Unspecified</pose>
		<truncated>0</truncated>
		<difficult>0</difficult>
		<bndbox>
			<xmin>754</xmin>
			<ymin>1327</ymin>
			<xmax>1127</xmax>
			<ymax>1515</ymax>
		</bndbox>
	</object>
	<object>
		<name>channel</name>
		<pose>Unspecified</pose>
		<truncated>0</truncated>
		<difficult>0</difficult>
		<bndbox>
			<xmin>818</xmin>
			<ymin>1231</ymin>
			<xmax>900</xmax>
			<ymax>1409</ymax>
		</bndbox>
	</object>
</annotation>