<annotation>
	<folder>my-project-name</folder>
	<filename>kin-gold-tone-metal-packshot-artistique-vue1-as3754b09862nl295-9516404277278.jpg</filename>
	<path>/my-project-name/kin-gold-tone-metal-packshot-artistique-vue1-as3754b09862nl295-9516404277278.jpg</path>
	<source>
		<database>Unspecified</database>
	</source>
	<size>
		<width>150</width>
		<height>175</height>
		<depth>3</depth>
	</size>
	<object>
		<name>channel</name>
		<pose>Unspecified</pose>
		<truncated>0</truncated>
		<difficult>0</difficult>
		<bndbox>
			<xmin>69</xmin>
			<ymin>106</ymin>
			<xmax>92</xmax>
			<ymax>121</ymax>
		</bndbox>
	</object>
	<object>
		<name>channel</name>
		<pose>Unspecified</pose>
		<truncated>0</truncated>
		<difficult>0</difficult>
		<bndbox>
			<xmin>38</xmin>
			<ymin>84</ymin>
			<xmax>126</xmax>
			<ymax>152</ymax>
		</bndbox>
	</object>
	<object>
		<name>channel</name>
		<pose>Unspecified</pose>
		<truncated>0</truncated>
		<difficult>0</difficult>
		<bndbox>
			<xmin>57</xmin>
			<ymin>127</ymin>
			<xmax>92</xmax>
			<ymax>148</ymax>
		</bndbox>
	</object>
</annotation>