<annotation>
	<folder>my-project-name</folder>
	<filename>kin-gold-tone-metal-packshot-artistique-vue1-as3557b09414nl158-8857829244958.jpg</filename>
	<path>/my-project-name/kin-gold-tone-metal-packshot-artistique-vue1-as3557b09414nl158-8857829244958.jpg</path>
	<source>
		<database>Unspecified</database>
	</source>
	<size>
		<width>428</width>
		<height>500</height>
		<depth>3</depth>
	</size>
	<object>
		<name>channel</name>
		<pose>Unspecified</pose>
		<truncated>0</truncated>
		<difficult>0</difficult>
		<bndbox>
			<xmin>185</xmin>
			<ymin>327</ymin>
			<xmax>258</xmax>
			<ymax>388</ymax>
		</bndbox>
	</object>
	<object>
		<name>channel</name>
		<pose>Unspecified</pose>
		<truncated>0</truncated>
		<difficult>0</difficult>
		<bndbox>
			<xmin>93</xmin>
			<ymin>238</ymin>
			<xmax>343</xmax>
			<ymax>444</ymax>
		</bndbox>
	</object>
	<object>
		<name>channel</name>
		<pose>Unspecified</pose>
		<truncated>0</truncated>
		<difficult>0</difficult>
		<bndbox>
			<xmin>137</xmin>
			<ymin>116</ymin>
			<xmax>352</xmax>
			<ymax>173</ymax>
		</bndbox>
	</object>
</annotation>