<annotation>
	<folder>my-project-name</folder>
	<filename>kin-gold-tone-metal-packshot-artistique-vue2-as3350b09247nk297-8857826394142.jpg</filename>
	<path>/my-project-name/kin-gold-tone-metal-packshot-artistique-vue2-as3350b09247nk297-8857826394142.jpg</path>
	<source>
		<database>Unspecified</database>
	</source>
	<size>
		<width>228</width>
		<height>266</height>
		<depth>3</depth>
	</size>
	<object>
		<name>channel</name>
		<pose>Unspecified</pose>
		<truncated>0</truncated>
		<difficult>0</difficult>
		<bndbox>
			<xmin>66</xmin>
			<ymin>145</ymin>
			<xmax>105</xmax>
			<ymax>181</ymax>
		</bndbox>
	</object>
	<object>
		<name>channel</name>
		<pose>Unspecified</pose>
		<truncated>0</truncated>
		<difficult>0</difficult>
		<bndbox>
			<xmin>31</xmin>
			<ymin>42</ymin>
			<xmax>74</xmax>
			<ymax>113</ymax>
		</bndbox>
	</object>
	<object>
		<name>channel</name>
		<pose>Unspecified</pose>
		<truncated>0</truncated>
		<difficult>0</difficult>
		<bndbox>
			<xmin>145</xmin>
			<ymin>73</ymin>
			<xmax>183</xmax>
			<ymax>162</ymax>
		</bndbox>
	</object>
	<object>
		<name>channel</name>
		<pose>Unspecified</pose>
		<truncated>0</truncated>
		<difficult>0</difficult>
		<bndbox>
			<xmin>8</xmin>
			<ymin>48</ymin>
			<xmax>196</xmax>
			<ymax>183</ymax>
		</bndbox>
	</object>
	<object>
		<name>channel</name>
		<pose>Unspecified</pose>
		<truncated>0</truncated>
		<difficult>0</difficult>
		<bndbox>
			<xmin>80</xmin>
			<ymin>114</ymin>
			<xmax>132</xmax>
			<ymax>142</ymax>
		</bndbox>
	</object>
</annotation>