<annotation>
	<folder>my-project-name</folder>
	<filename>kin-gold-tone-metal-packshot-artistique-vue1-as3182b08767nj527-8855857659934.jpg</filename>
	<path>/my-project-name/kin-gold-tone-metal-packshot-artistique-vue1-as3182b08767nj527-8855857659934.jpg</path>
	<source>
		<database>Unspecified</database>
	</source>
	<size>
		<width>428</width>
		<height>500</height>
		<depth>3</depth>
	</size>
	<object>
		<name>channel</name>
		<pose>Unspecified</pose>
		<truncated>0</truncated>
		<difficult>0</difficult>
		<bndbox>
			<xmin>201</xmin>
			<ymin>251</ymin>
			<xmax>250</xmax>
			<ymax>287</ymax>
		</bndbox>
	</object>
	<object>
		<name>channel</name>
		<pose>Unspecified</pose>
		<truncated>0</truncated>
		<difficult>0</difficult>
		<bndbox>
			<xmin>78</xmin>
			<ymin>126</ymin>
			<xmax>375</xmax>
			<ymax>374</ymax>
		</bndbox>
	</object>
	<object>
		<name>channel</name>
		<pose>Unspecified</pose>
		<truncated>0</truncated>
		<difficult>0</difficult>
		<bndbox>
			<xmin>193</xmin>
			<ymin>36</ymin>
			<xmax>340</xmax>
			<ymax>97</ymax>
		</bndbox>
	</object>
</annotation>