<annotation>
	<folder>my-project-name</folder>
	<filename>kin-gold-tone-metal-packshot-artistique-vue1-as3502b0886394305-8857465258014.jpg</filename>
	<path>/my-project-name/kin-gold-tone-metal-packshot-artistique-vue1-as3502b0886394305-8857465258014.jpg</path>
	<source>
		<database>Unspecified</database>
	</source>
	<size>
		<width>428</width>
		<height>500</height>
		<depth>3</depth>
	</size>
	<object>
		<name>channel</name>
		<pose>Unspecified</pose>
		<truncated>0</truncated>
		<difficult>0</difficult>
		<bndbox>
			<xmin>132</xmin>
			<ymin>114</ymin>
			<xmax>334</xmax>
			<ymax>200</ymax>
		</bndbox>
	</object>
	<object>
		<name>channel</name>
		<pose>Unspecified</pose>
		<truncated>0</truncated>
		<difficult>0</difficult>
		<bndbox>
			<xmin>213</xmin>
			<ymin>132</ymin>
			<xmax>277</xmax>
			<ymax>184</ymax>
		</bndbox>
	</object>
	<object>
		<name>channel</name>
		<pose>Unspecified</pose>
		<truncated>0</truncated>
		<difficult>0</difficult>
		<bndbox>
			<xmin>63</xmin>
			<ymin>78</ymin>
			<xmax>368</xmax>
			<ymax>420</ymax>
		</bndbox>
	</object>
	<object>
		<name>channel</name>
		<pose>Unspecified</pose>
		<truncated>0</truncated>
		<difficult>0</difficult>
		<bndbox>
			<xmin>220</xmin>
			<ymin>223</ymin>
			<xmax>362</xmax>
			<ymax>381</ymax>
		</bndbox>
	</object>
</annotation>