<annotation>
	<folder>my-project-name</folder>
	<filename>kin-gold-tone-metal-packshot-artistique-vue2-as3711b0974694305-9516418760734.jpg</filename>
	<path>/my-project-name/kin-gold-tone-metal-packshot-artistique-vue2-as3711b0974694305-9516418760734.jpg</path>
	<source>
		<database>Unspecified</database>
	</source>
	<size>
		<width>228</width>
		<height>266</height>
		<depth>3</depth>
	</size>
	<object>
		<name>channel</name>
		<pose>Unspecified</pose>
		<truncated>0</truncated>
		<difficult>0</difficult>
		<bndbox>
			<xmin>31</xmin>
			<ymin>78</ymin>
			<xmax>54</xmax>
			<ymax>131</ymax>
		</bndbox>
	</object>
	<object>
		<name>channel</name>
		<pose>Unspecified</pose>
		<truncated>0</truncated>
		<difficult>0</difficult>
		<bndbox>
			<xmin>60</xmin>
			<ymin>143</ymin>
			<xmax>88</xmax>
			<ymax>168</ymax>
		</bndbox>
	</object>
	<object>
		<name>channel</name>
		<pose>Unspecified</pose>
		<truncated>0</truncated>
		<difficult>0</difficult>
		<bndbox>
			<xmin>12</xmin>
			<ymin>59</ymin>
			<xmax>202</xmax>
			<ymax>204</ymax>
		</bndbox>
	</object>
	<object>
		<name>channel</name>
		<pose>Unspecified</pose>
		<truncated>0</truncated>
		<difficult>0</difficult>
		<bndbox>
			<xmin>111</xmin>
			<ymin>121</ymin>
			<xmax>155</xmax>
			<ymax>185</ymax>
		</bndbox>
	</object>
</annotation>