<annotation>
	<folder>my-project-name</folder>
	<filename>kin-gold-tone-metal-packshot-artistique-vue2-a37587b09384nk297-8857814237214.jpg</filename>
	<path>/my-project-name/kin-gold-tone-metal-packshot-artistique-vue2-a37587b09384nk297-8857814237214.jpg</path>
	<source>
		<database>Unspecified</database>
	</source>
	<size>
		<width>228</width>
		<height>266</height>
		<depth>3</depth>
	</size>
	<object>
		<name>channel</name>
		<pose>Unspecified</pose>
		<truncated>0</truncated>
		<difficult>0</difficult>
		<bndbox>
			<xmin>32</xmin>
			<ymin>63</ymin>
			<xmax>66</xmax>
			<ymax>158</ymax>
		</bndbox>
	</object>
	<object>
		<name>channel</name>
		<pose>Unspecified</pose>
		<truncated>0</truncated>
		<difficult>0</difficult>
		<bndbox>
			<xmin>18</xmin>
			<ymin>46</ymin>
			<xmax>205</xmax>
			<ymax>213</ymax>
		</bndbox>
	</object>
	<object>
		<name>channel</name>
		<pose>Unspecified</pose>
		<truncated>0</truncated>
		<difficult>0</difficult>
		<bndbox>
			<xmin>162</xmin>
			<ymin>83</ymin>
			<xmax>192</xmax>
			<ymax>188</ymax>
		</bndbox>
	</object>
</annotation>