<annotation>
	<folder>my-project-name</folder>
	<filename>kin-gold-tone-metal-packshot-artistique-vue1-a58600y04059nk297-8857822068766.jpg</filename>
	<path>/my-project-name/kin-gold-tone-metal-packshot-artistique-vue1-a58600y04059nk297-8857822068766.jpg</path>
	<source>
		<database>Unspecified</database>
	</source>
	<size>
		<width>150</width>
		<height>175</height>
		<depth>3</depth>
	</size>
	<object>
		<name>channel</name>
		<pose>Unspecified</pose>
		<truncated>0</truncated>
		<difficult>0</difficult>
		<bndbox>
			<xmin>62</xmin>
			<ymin>81</ymin>
			<xmax>89</xmax>
			<ymax>98</ymax>
		</bndbox>
	</object>
	<object>
		<name>channel</name>
		<pose>Unspecified</pose>
		<truncated>0</truncated>
		<difficult>0</difficult>
		<bndbox>
			<xmin>18</xmin>
			<ymin>45</ymin>
			<xmax>129</xmax>
			<ymax>109</ymax>
		</bndbox>
	</object>
</annotation>