<annotation>
	<folder>my-project-name</folder>
	<filename>kin-gold-tone-metal-packshot-artistique-vue1-as3740b09787nl776-9516400050206.jpg</filename>
	<path>/my-project-name/kin-gold-tone-metal-packshot-artistique-vue1-as3740b09787nl776-9516400050206.jpg</path>
	<source>
		<database>Unspecified</database>
	</source>
	<size>
		<width>150</width>
		<height>175</height>
		<depth>3</depth>
	</size>
	<object>
		<name>channel</name>
		<pose>Unspecified</pose>
		<truncated>0</truncated>
		<difficult>0</difficult>
		<bndbox>
			<xmin>69</xmin>
			<ymin>61</ymin>
			<xmax>93</xmax>
			<ymax>71</ymax>
		</bndbox>
	</object>
	<object>
		<name>channel</name>
		<pose>Unspecified</pose>
		<truncated>0</truncated>
		<difficult>0</difficult>
		<bndbox>
			<xmin>47</xmin>
			<ymin>57</ymin>
			<xmax>66</xmax>
			<ymax>88</ymax>
		</bndbox>
	</object>
	<object>
		<name>channel</name>
		<pose>Unspecified</pose>
		<truncated>0</truncated>
		<difficult>0</difficult>
		<bndbox>
			<xmin>33</xmin>
			<ymin>43</ymin>
			<xmax>141</xmax>
			<ymax>133</ymax>
		</bndbox>
	</object>
</annotation>