<annotation>
	<folder>my-project-name</folder>
	<filename>LCchaneljumboflap.jpg</filename>
	<path>/my-project-name/LCchaneljumboflap.jpg</path>
	<source>
		<database>Unspecified</database>
	</source>
	<size>
		<width>288</width>
		<height>575</height>
		<depth>3</depth>
	</size>
	<object>
		<name>channel</name>
		<pose>Unspecified</pose>
		<truncated>0</truncated>
		<difficult>0</difficult>
		<bndbox>
			<xmin>117</xmin>
			<ymin>262</ymin>
			<xmax>147</xmax>
			<ymax>277</ymax>
		</bndbox>
	</object>
	<object>
		<name>channel</name>
		<pose>Unspecified</pose>
		<truncated>0</truncated>
		<difficult>0</difficult>
		<bndbox>
			<xmin>157</xmin>
			<ymin>243</ymin>
			<xmax>175</xmax>
			<ymax>281</ymax>
		</bndbox>
	</object>
	<object>
		<name>channel</name>
		<pose>Unspecified</pose>
		<truncated>0</truncated>
		<difficult>0</difficult>
		<bndbox>
			<xmin>84</xmin>
			<ymin>226</ymin>
			<xmax>192</xmax>
			<ymax>306</ymax>
		</bndbox>
	</object>
</annotation>