<annotation>
	<folder>my-project-name</folder>
	<filename>LSN22017414_01_view-700x467.jpg</filename>
	<path>/my-project-name/LSN22017414_01_view-700x467.jpg</path>
	<source>
		<database>Unspecified</database>
	</source>
	<size>
		<width>700</width>
		<height>467</height>
		<depth>3</depth>
	</size>
	<object>
		<name>channel</name>
		<pose>Unspecified</pose>
		<truncated>0</truncated>
		<difficult>0</difficult>
		<bndbox>
			<xmin>304</xmin>
			<ymin>213</ymin>
			<xmax>390</xmax>
			<ymax>270</ymax>
		</bndbox>
	</object>
	<object>
		<name>channel</name>
		<pose>Unspecified</pose>
		<truncated>0</truncated>
		<difficult>0</difficult>
		<bndbox>
			<xmin>163</xmin>
			<ymin>104</ymin>
			<xmax>289</xmax>
			<ymax>200</ymax>
		</bndbox>
	</object>
	<object>
		<name>channel</name>
		<pose>Unspecified</pose>
		<truncated>0</truncated>
		<difficult>0</difficult>
		<bndbox>
			<xmin>113</xmin>
			<ymin>25</ymin>
			<xmax>573</xmax>
			<ymax>310</ymax>
		</bndbox>
	</object>
	<object>
		<name>channel</name>
		<pose>Unspecified</pose>
		<truncated>0</truncated>
		<difficult>0</difficult>
		<bndbox>
			<xmin>153</xmin>
			<ymin>29</ymin>
			<xmax>231</xmax>
			<ymax>66</ymax>
		</bndbox>
	</object>
</annotation>