<annotation>
	<folder>my-project-name</folder>
	<filename>m_5d8911ddc953d8b7196a4b5d.jpg</filename>
	<path>/my-project-name/m_5d8911ddc953d8b7196a4b5d.jpg</path>
	<source>
		<database>Unspecified</database>
	</source>
	<size>
		<width>580</width>
		<height>580</height>
		<depth>3</depth>
	</size>
	<object>
		<name>channel</name>
		<pose>Unspecified</pose>
		<truncated>0</truncated>
		<difficult>0</difficult>
		<bndbox>
			<xmin>387</xmin>
			<ymin>264</ymin>
			<xmax>422</xmax>
			<ymax>289</ymax>
		</bndbox>
	</object>
	<object>
		<name>channel</name>
		<pose>Unspecified</pose>
		<truncated>0</truncated>
		<difficult>0</difficult>
		<bndbox>
			<xmin>311</xmin>
			<ymin>168</ymin>
			<xmax>580</xmax>
			<ymax>455</ymax>
		</bndbox>
	</object>
	<object>
		<name>channel</name>
		<pose>Unspecified</pose>
		<truncated>0</truncated>
		<difficult>0</difficult>
		<bndbox>
			<xmin>468</xmin>
			<ymin>34</ymin>
			<xmax>517</xmax>
			<ymax>223</ymax>
		</bndbox>
	</object>
	<object>
		<name>channel</name>
		<pose>Unspecified</pose>
		<truncated>0</truncated>
		<difficult>0</difficult>
		<bndbox>
			<xmin>13</xmin>
			<ymin>192</ymin>
			<xmax>121</xmax>
			<ymax>331</ymax>
		</bndbox>
	</object>
	<object>
		<name>channel</name>
		<pose>Unspecified</pose>
		<truncated>0</truncated>
		<difficult>0</difficult>
		<bndbox>
			<xmin>47</xmin>
			<ymin>165</ymin>
			<xmax>80</xmax>
			<ymax>210</ymax>
		</bndbox>
	</object>
</annotation>