<annotation>
	<folder>my-project-name</folder>
	<filename>maxresdefault5.jpg</filename>
	<path>/my-project-name/maxresdefault5.jpg</path>
	<source>
		<database>Unspecified</database>
	</source>
	<size>
		<width>369</width>
		<height>270</height>
		<depth>3</depth>
	</size>
	<object>
		<name>channel</name>
		<pose>Unspecified</pose>
		<truncated>0</truncated>
		<difficult>0</difficult>
		<bndbox>
			<xmin>66</xmin>
			<ymin>33</ymin>
			<xmax>321</xmax>
			<ymax>230</ymax>
		</bndbox>
	</object>
	<object>
		<name>channel</name>
		<pose>Unspecified</pose>
		<truncated>0</truncated>
		<difficult>0</difficult>
		<bndbox>
			<xmin>122</xmin>
			<ymin>85</ymin>
			<xmax>178</xmax>
			<ymax>134</ymax>
		</bndbox>
	</object>
	<object>
		<name>channel</name>
		<pose>Unspecified</pose>
		<truncated>0</truncated>
		<difficult>0</difficult>
		<bndbox>
			<xmin>153</xmin>
			<ymin>143</ymin>
			<xmax>301</xmax>
			<ymax>182</ymax>
		</bndbox>
	</object>
	<object>
		<name>channel</name>
		<pose>Unspecified</pose>
		<truncated>0</truncated>
		<difficult>0</difficult>
		<bndbox>
			<xmin>85</xmin>
			<ymin>130</ymin>
			<xmax>261</xmax>
			<ymax>227</ymax>
		</bndbox>
	</object>
</annotation>