<annotation>
	<folder>my-project-name</folder>
	<filename>mel-gold-tone-metal-packshot-artistique-vue1-as3489b0954594305-8857840517150.jpg</filename>
	<path>/my-project-name/mel-gold-tone-metal-packshot-artistique-vue1-as3489b0954594305-8857840517150.jpg</path>
	<source>
		<database>Unspecified</database>
	</source>
	<size>
		<width>428</width>
		<height>500</height>
		<depth>3</depth>
	</size>
	<object>
		<name>channel</name>
		<pose>Unspecified</pose>
		<truncated>0</truncated>
		<difficult>0</difficult>
		<bndbox>
			<xmin>175</xmin>
			<ymin>341</ymin>
			<xmax>234</xmax>
			<ymax>401</ymax>
		</bndbox>
	</object>
	<object>
		<name>channel</name>
		<pose>Unspecified</pose>
		<truncated>0</truncated>
		<difficult>0</difficult>
		<bndbox>
			<xmin>99</xmin>
			<ymin>145</ymin>
			<xmax>161</xmax>
			<ymax>199</ymax>
		</bndbox>
	</object>
	<object>
		<name>channel</name>
		<pose>Unspecified</pose>
		<truncated>0</truncated>
		<difficult>0</difficult>
		<bndbox>
			<xmin>106</xmin>
			<ymin>229</ymin>
			<xmax>361</xmax>
			<ymax>457</ymax>
		</bndbox>
	</object>
	<object>
		<name>channel</name>
		<pose>Unspecified</pose>
		<truncated>0</truncated>
		<difficult>0</difficult>
		<bndbox>
			<xmin>132</xmin>
			<ymin>260</ymin>
			<xmax>279</xmax>
			<ymax>333</ymax>
		</bndbox>
	</object>
</annotation>