<annotation>
	<folder>my-project-name</folder>
	<filename>mel-gold-tone-metal-packshot-artistique-vue1-as3737b09907nl295-9516412174366.jpg</filename>
	<path>/my-project-name/mel-gold-tone-metal-packshot-artistique-vue1-as3737b09907nl295-9516412174366.jpg</path>
	<source>
		<database>Unspecified</database>
	</source>
	<size>
		<width>2304</width>
		<height>2690</height>
		<depth>3</depth>
	</size>
	<object>
		<name>channel</name>
		<pose>Unspecified</pose>
		<truncated>0</truncated>
		<difficult>0</difficult>
		<bndbox>
			<xmin>730</xmin>
			<ymin>1266</ymin>
			<xmax>1403</xmax>
			<ymax>1714</ymax>
		</bndbox>
	</object>
	<object>
		<name>channel</name>
		<pose>Unspecified</pose>
		<truncated>0</truncated>
		<difficult>0</difficult>
		<bndbox>
			<xmin>1165</xmin>
			<ymin>1800</ymin>
			<xmax>1429</xmax>
			<ymax>1998</ymax>
		</bndbox>
	</object>
	<object>
		<name>channel</name>
		<pose>Unspecified</pose>
		<truncated>0</truncated>
		<difficult>0</difficult>
		<bndbox>
			<xmin>1403</xmin>
			<ymin>1266</ymin>
			<xmax>1778</xmax>
			<ymax>1965</ymax>
		</bndbox>
	</object>
	<object>
		<name>channel</name>
		<pose>Unspecified</pose>
		<truncated>0</truncated>
		<difficult>0</difficult>
		<bndbox>
			<xmin>618</xmin>
			<ymin>1174</ymin>
			<xmax>1956</xmax>
			<ymax>2268</ymax>
		</bndbox>
	</object>
</annotation>