<annotation>
	<folder>my-project-name</folder>
	<filename>mel-gold-tone-metal-packshot-artistique-vue2-as3737b09907nl295-9516412076062.jpg</filename>
	<path>/my-project-name/mel-gold-tone-metal-packshot-artistique-vue2-as3737b09907nl295-9516412076062.jpg</path>
	<source>
		<database>Unspecified</database>
	</source>
	<size>
		<width>228</width>
		<height>266</height>
		<depth>3</depth>
	</size>
	<object>
		<name>channel</name>
		<pose>Unspecified</pose>
		<truncated>0</truncated>
		<difficult>0</difficult>
		<bndbox>
			<xmin>111</xmin>
			<ymin>127</ymin>
			<xmax>145</xmax>
			<ymax>151</ymax>
		</bndbox>
	</object>
	<object>
		<name>channel</name>
		<pose>Unspecified</pose>
		<truncated>0</truncated>
		<difficult>0</difficult>
		<bndbox>
			<xmin>66</xmin>
			<ymin>78</ymin>
			<xmax>149</xmax>
			<ymax>112</ymax>
		</bndbox>
	</object>
	<object>
		<name>channel</name>
		<pose>Unspecified</pose>
		<truncated>0</truncated>
		<difficult>0</difficult>
		<bndbox>
			<xmin>38</xmin>
			<ymin>61</ymin>
			<xmax>201</xmax>
			<ymax>172</ymax>
		</bndbox>
	</object>
	<object>
		<name>channel</name>
		<pose>Unspecified</pose>
		<truncated>0</truncated>
		<difficult>0</difficult>
		<bndbox>
			<xmin>156</xmin>
			<ymin>72</ymin>
			<xmax>177</xmax>
			<ymax>167</ymax>
		</bndbox>
	</object>
</annotation>