<annotation>
	<folder>my-project-name</folder>
	<filename>mel-gold-tone-metal-packshot-artistique-vue1-as3442b08774ng588-8855853498398.jpg</filename>
	<path>/my-project-name/mel-gold-tone-metal-packshot-artistique-vue1-as3442b08774ng588-8855853498398.jpg</path>
	<source>
		<database>Unspecified</database>
	</source>
	<size>
		<width>428</width>
		<height>500</height>
		<depth>3</depth>
	</size>
	<object>
		<name>channel</name>
		<pose>Unspecified</pose>
		<truncated>0</truncated>
		<difficult>0</difficult>
		<bndbox>
			<xmin>177</xmin>
			<ymin>228</ymin>
			<xmax>247</xmax>
			<ymax>272</ymax>
		</bndbox>
	</object>
	<object>
		<name>channel</name>
		<pose>Unspecified</pose>
		<truncated>0</truncated>
		<difficult>0</difficult>
		<bndbox>
			<xmin>159</xmin>
			<ymin>151</ymin>
			<xmax>231</xmax>
			<ymax>221</ymax>
		</bndbox>
	</object>
	<object>
		<name>channel</name>
		<pose>Unspecified</pose>
		<truncated>0</truncated>
		<difficult>0</difficult>
		<bndbox>
			<xmin>213</xmin>
			<ymin>114</ymin>
			<xmax>285</xmax>
			<ymax>232</ymax>
		</bndbox>
	</object>
	<object>
		<name>channel</name>
		<pose>Unspecified</pose>
		<truncated>0</truncated>
		<difficult>0</difficult>
		<bndbox>
			<xmin>102</xmin>
			<ymin>130</ymin>
			<xmax>357</xmax>
			<ymax>304</ymax>
		</bndbox>
	</object>
</annotation>