<annotation>
	<folder>my-project-name</folder>
	<filename>Miley-Cyrus-Carrying-Chanel-Bags.jpg</filename>
	<path>/my-project-name/Miley-Cyrus-Carrying-Chanel-Bags.jpg</path>
	<source>
		<database>Unspecified</database>
	</source>
	<size>
		<width>728</width>
		<height>860</height>
		<depth>3</depth>
	</size>
	<object>
		<name>channel</name>
		<pose>Unspecified</pose>
		<truncated>0</truncated>
		<difficult>0</difficult>
		<bndbox>
			<xmin>558</xmin>
			<ymin>575</ymin>
			<xmax>657</xmax>
			<ymax>715</ymax>
		</bndbox>
	</object>
	<object>
		<name>channel</name>
		<pose>Unspecified</pose>
		<truncated>0</truncated>
		<difficult>0</difficult>
		<bndbox>
			<xmin>425</xmin>
			<ymin>540</ymin>
			<xmax>501</xmax>
			<ymax>603</ymax>
		</bndbox>
	</object>
	<object>
		<name>channel</name>
		<pose>Unspecified</pose>
		<truncated>0</truncated>
		<difficult>0</difficult>
		<bndbox>
			<xmin>286</xmin>
			<ymin>489</ymin>
			<xmax>728</xmax>
			<ymax>860</ymax>
		</bndbox>
	</object>
</annotation>