<annotation>
	<folder>my-project-name</folder>
	<filename>MO-220702-6-1.jpg</filename>
	<path>/my-project-name/MO-220702-6-1.jpg</path>
	<source>
		<database>Unspecified</database>
	</source>
	<size>
		<width>1000</width>
		<height>1000</height>
		<depth>3</depth>
	</size>
	<object>
		<name>channel</name>
		<pose>Unspecified</pose>
		<truncated>0</truncated>
		<difficult>0</difficult>
		<bndbox>
			<xmin>316</xmin>
			<ymin>618</ymin>
			<xmax>642</xmax>
			<ymax>892</ymax>
		</bndbox>
	</object>
	<object>
		<name>channel</name>
		<pose>Unspecified</pose>
		<truncated>0</truncated>
		<difficult>0</difficult>
		<bndbox>
			<xmin>125</xmin>
			<ymin>434</ymin>
			<xmax>814</xmax>
			<ymax>1000</ymax>
		</bndbox>
	</object>
</annotation>