<annotation>
	<folder>my-project-name</folder>
	<filename>MO-220702-6-2.jpg</filename>
	<path>/my-project-name/MO-220702-6-2.jpg</path>
	<source>
		<database>Unspecified</database>
	</source>
	<size>
		<width>1000</width>
		<height>1000</height>
		<depth>3</depth>
	</size>
	<object>
		<name>channel</name>
		<pose>Unspecified</pose>
		<truncated>0</truncated>
		<difficult>0</difficult>
		<bndbox>
			<xmin>140</xmin>
			<ymin>458</ymin>
			<xmax>902</xmax>
			<ymax>990</ymax>
		</bndbox>
	</object>
	<object>
		<name>channel</name>
		<pose>Unspecified</pose>
		<truncated>0</truncated>
		<difficult>0</difficult>
		<bndbox>
			<xmin>510</xmin>
			<ymin>618</ymin>
			<xmax>743</xmax>
			<ymax>929</ymax>
		</bndbox>
	</object>
</annotation>