<annotation>
	<folder>my-project-name</folder>
	<filename>most-popular-chanel-bags-281381-1563835000997-main.700x0c.jpg</filename>
	<path>/my-project-name/most-popular-chanel-bags-281381-1563835000997-main.700x0c.jpg</path>
	<source>
		<database>Unspecified</database>
	</source>
	<size>
		<width>700</width>
		<height>525</height>
		<depth>3</depth>
	</size>
	<object>
		<name>channel</name>
		<pose>Unspecified</pose>
		<truncated>0</truncated>
		<difficult>0</difficult>
		<bndbox>
			<xmin>344</xmin>
			<ymin>320</ymin>
			<xmax>392</xmax>
			<ymax>362</ymax>
		</bndbox>
	</object>
	<object>
		<name>channel</name>
		<pose>Unspecified</pose>
		<truncated>0</truncated>
		<difficult>0</difficult>
		<bndbox>
			<xmin>193</xmin>
			<ymin>239</ymin>
			<xmax>490</xmax>
			<ymax>461</ymax>
		</bndbox>
	</object>
	<object>
		<name>channel</name>
		<pose>Unspecified</pose>
		<truncated>0</truncated>
		<difficult>0</difficult>
		<bndbox>
			<xmin>233</xmin>
			<ymin>269</ymin>
			<xmax>300</xmax>
			<ymax>392</ymax>
		</bndbox>
	</object>
</annotation>