<annotation>
	<folder>my-project-name</folder>
	<filename>mug_obj_147885405763478065.jpg</filename>
	<path>/my-project-name/mug_obj_147885405763478065.jpg</path>
	<source>
		<database>Unspecified</database>
	</source>
	<size>
		<width>900</width>
		<height>675</height>
		<depth>3</depth>
	</size>
	<object>
		<name>channel</name>
		<pose>Unspecified</pose>
		<truncated>0</truncated>
		<difficult>0</difficult>
		<bndbox>
			<xmin>323</xmin>
			<ymin>265</ymin>
			<xmax>424</xmax>
			<ymax>354</ymax>
		</bndbox>
	</object>
	<object>
		<name>channel</name>
		<pose>Unspecified</pose>
		<truncated>0</truncated>
		<difficult>0</difficult>
		<bndbox>
			<xmin>463</xmin>
			<ymin>255</ymin>
			<xmax>644</xmax>
			<ymax>564</ymax>
		</bndbox>
	</object>
	<object>
		<name>channel</name>
		<pose>Unspecified</pose>
		<truncated>0</truncated>
		<difficult>0</difficult>
		<bndbox>
			<xmin>458</xmin>
			<ymin>132</ymin>
			<xmax>592</xmax>
			<ymax>213</ymax>
		</bndbox>
	</object>
	<object>
		<name>channel</name>
		<pose>Unspecified</pose>
		<truncated>0</truncated>
		<difficult>0</difficult>
		<bndbox>
			<xmin>157</xmin>
			<ymin>119</ymin>
			<xmax>733</xmax>
			<ymax>629</ymax>
		</bndbox>
	</object>
</annotation>