<annotation>
	<folder>my-project-name</folder>
	<filename>n-silver-tone-metal-packshot-artistique-vue2-a67085b02261ng752-8855843373086.jpg</filename>
	<path>/my-project-name/n-silver-tone-metal-packshot-artistique-vue2-a67085b02261ng752-8855843373086.jpg</path>
	<source>
		<database>Unspecified</database>
	</source>
	<size>
		<width>428</width>
		<height>500</height>
		<depth>3</depth>
	</size>
	<object>
		<name>channel</name>
		<pose>Unspecified</pose>
		<truncated>0</truncated>
		<difficult>0</difficult>
		<bndbox>
			<xmin>172</xmin>
			<ymin>298</ymin>
			<xmax>239</xmax>
			<ymax>337</ymax>
		</bndbox>
	</object>
	<object>
		<name>channel</name>
		<pose>Unspecified</pose>
		<truncated>0</truncated>
		<difficult>0</difficult>
		<bndbox>
			<xmin>106</xmin>
			<ymin>192</ymin>
			<xmax>213</xmax>
			<ymax>251</ymax>
		</bndbox>
	</object>
	<object>
		<name>channel</name>
		<pose>Unspecified</pose>
		<truncated>0</truncated>
		<difficult>0</difficult>
		<bndbox>
			<xmin>47</xmin>
			<ymin>150</ymin>
			<xmax>312</xmax>
			<ymax>365</ymax>
		</bndbox>
	</object>
</annotation>