<annotation>
	<folder>my-project-name</folder>
	<filename>n-silver-tone-metal-packshot-artistique-vue1-as3313b0887294305-8860504260638.jpg</filename>
	<path>/my-project-name/n-silver-tone-metal-packshot-artistique-vue1-as3313b0887294305-8860504260638.jpg</path>
	<source>
		<database>Unspecified</database>
	</source>
	<size>
		<width>428</width>
		<height>500</height>
		<depth>3</depth>
	</size>
	<object>
		<name>channel</name>
		<pose>Unspecified</pose>
		<truncated>0</truncated>
		<difficult>0</difficult>
		<bndbox>
			<xmin>136</xmin>
			<ymin>306</ymin>
			<xmax>257</xmax>
			<ymax>359</ymax>
		</bndbox>
	</object>
	<object>
		<name>channel</name>
		<pose>Unspecified</pose>
		<truncated>0</truncated>
		<difficult>0</difficult>
		<bndbox>
			<xmin>118</xmin>
			<ymin>141</ymin>
			<xmax>197</xmax>
			<ymax>288</ymax>
		</bndbox>
	</object>
	<object>
		<name>channel</name>
		<pose>Unspecified</pose>
		<truncated>0</truncated>
		<difficult>0</difficult>
		<bndbox>
			<xmin>62</xmin>
			<ymin>58</ymin>
			<xmax>383</xmax>
			<ymax>450</ymax>
		</bndbox>
	</object>
</annotation>