<annotation>
	<folder>my-project-name</folder>
	<filename>neneleakeschanel.jpg</filename>
	<path>/my-project-name/neneleakeschanel.jpg</path>
	<source>
		<database>Unspecified</database>
	</source>
	<size>
		<width>619</width>
		<height>800</height>
		<depth>3</depth>
	</size>
	<object>
		<name>channel</name>
		<pose>Unspecified</pose>
		<truncated>0</truncated>
		<difficult>0</difficult>
		<bndbox>
			<xmin>270</xmin>
			<ymin>706</ymin>
			<xmax>333</xmax>
			<ymax>747</ymax>
		</bndbox>
	</object>
	<object>
		<name>channel</name>
		<pose>Unspecified</pose>
		<truncated>0</truncated>
		<difficult>0</difficult>
		<bndbox>
			<xmin>115</xmin>
			<ymin>512</ymin>
			<xmax>482</xmax>
			<ymax>800</ymax>
		</bndbox>
	</object>
	<object>
		<name>channel</name>
		<pose>Unspecified</pose>
		<truncated>0</truncated>
		<difficult>0</difficult>
		<bndbox>
			<xmin>200</xmin>
			<ymin>622</ymin>
			<xmax>415</xmax>
			<ymax>688</ymax>
		</bndbox>
	</object>
</annotation>