<annotation>
	<folder>my-project-name</folder>
	<filename>nim-gold-tone-metal-packshot-artistique-vue2-a01112b09077nk308-8855832068126.jpg</filename>
	<path>/my-project-name/nim-gold-tone-metal-packshot-artistique-vue2-a01112b09077nk308-8855832068126.jpg</path>
	<source>
		<database>Unspecified</database>
	</source>
	<size>
		<width>228</width>
		<height>266</height>
		<depth>3</depth>
	</size>
	<object>
		<name>channel</name>
		<pose>Unspecified</pose>
		<truncated>0</truncated>
		<difficult>0</difficult>
		<bndbox>
			<xmin>76</xmin>
			<ymin>141</ymin>
			<xmax>107</xmax>
			<ymax>167</ymax>
		</bndbox>
	</object>
	<object>
		<name>channel</name>
		<pose>Unspecified</pose>
		<truncated>0</truncated>
		<difficult>0</difficult>
		<bndbox>
			<xmin>9</xmin>
			<ymin>62</ymin>
			<xmax>196</xmax>
			<ymax>199</ymax>
		</bndbox>
	</object>
	<object>
		<name>channel</name>
		<pose>Unspecified</pose>
		<truncated>0</truncated>
		<difficult>0</difficult>
		<bndbox>
			<xmin>134</xmin>
			<ymin>83</ymin>
			<xmax>160</xmax>
			<ymax>192</ymax>
		</bndbox>
	</object>
</annotation>