<annotation>
	<folder>my-project-name</folder>
	<filename>nim-gold-tone-metal-packshot-artistique-vue2-a93786b09051nk138-8855835115550.jpg</filename>
	<path>/my-project-name/nim-gold-tone-metal-packshot-artistique-vue2-a93786b09051nk138-8855835115550.jpg</path>
	<source>
		<database>Unspecified</database>
	</source>
	<size>
		<width>228</width>
		<height>266</height>
		<depth>3</depth>
	</size>
	<object>
		<name>channel</name>
		<pose>Unspecified</pose>
		<truncated>0</truncated>
		<difficult>0</difficult>
		<bndbox>
			<xmin>55</xmin>
			<ymin>115</ymin>
			<xmax>127</xmax>
			<ymax>151</ymax>
		</bndbox>
	</object>
	<object>
		<name>channel</name>
		<pose>Unspecified</pose>
		<truncated>0</truncated>
		<difficult>0</difficult>
		<bndbox>
			<xmin>73</xmin>
			<ymin>142</ymin>
			<xmax>104</xmax>
			<ymax>172</ymax>
		</bndbox>
	</object>
	<object>
		<name>channel</name>
		<pose>Unspecified</pose>
		<truncated>0</truncated>
		<difficult>0</difficult>
		<bndbox>
			<xmin>33</xmin>
			<ymin>59</ymin>
			<xmax>188</xmax>
			<ymax>218</ymax>
		</bndbox>
	</object>
</annotation>