<annotation>
	<folder>my-project-name</folder>
	<filename>rls-gold-tone-metal-packshot-artistique-vue2-as2288b0883094305-8855841144862.jpg</filename>
	<path>/my-project-name/rls-gold-tone-metal-packshot-artistique-vue2-as2288b0883094305-8855841144862.jpg</path>
	<source>
		<database>Unspecified</database>
	</source>
	<size>
		<width>428</width>
		<height>500</height>
		<depth>3</depth>
	</size>
	<object>
		<name>channel</name>
		<pose>Unspecified</pose>
		<truncated>0</truncated>
		<difficult>0</difficult>
		<bndbox>
			<xmin>161</xmin>
			<ymin>262</ymin>
			<xmax>210</xmax>
			<ymax>314</ymax>
		</bndbox>
	</object>
	<object>
		<name>channel</name>
		<pose>Unspecified</pose>
		<truncated>0</truncated>
		<difficult>0</difficult>
		<bndbox>
			<xmin>88</xmin>
			<ymin>157</ymin>
			<xmax>341</xmax>
			<ymax>348</ymax>
		</bndbox>
	</object>
	<object>
		<name>channel</name>
		<pose>Unspecified</pose>
		<truncated>0</truncated>
		<difficult>0</difficult>
		<bndbox>
			<xmin>296</xmin>
			<ymin>170</ymin>
			<xmax>337</xmax>
			<ymax>327</ymax>
		</bndbox>
	</object>
</annotation>