<annotation>
	<folder>my-project-name</folder>
	<filename>rls-gold-tone-metal-packshot-artistique-vue2-as3769b09792nl801-9516406997022.jpg</filename>
	<path>/my-project-name/rls-gold-tone-metal-packshot-artistique-vue2-as3769b09792nl801-9516406997022.jpg</path>
	<source>
		<database>Unspecified</database>
	</source>
	<size>
		<width>228</width>
		<height>266</height>
		<depth>3</depth>
	</size>
	<object>
		<name>channel</name>
		<pose>Unspecified</pose>
		<truncated>0</truncated>
		<difficult>0</difficult>
		<bndbox>
			<xmin>68</xmin>
			<ymin>29</ymin>
			<xmax>211</xmax>
			<ymax>155</ymax>
		</bndbox>
	</object>
	<object>
		<name>channel</name>
		<pose>Unspecified</pose>
		<truncated>0</truncated>
		<difficult>0</difficult>
		<bndbox>
			<xmin>80</xmin>
			<ymin>164</ymin>
			<xmax>202</xmax>
			<ymax>241</ymax>
		</bndbox>
	</object>
</annotation>