<annotation>
	<folder>my-project-name</folder>
	<filename>rls-gold-tone-metal-packshot-artistique-vue1-as3769b10104nl803-9516415418398.jpg</filename>
	<path>/my-project-name/rls-gold-tone-metal-packshot-artistique-vue1-as3769b10104nl803-9516415418398.jpg</path>
	<source>
		<database>Unspecified</database>
	</source>
	<size>
		<width>428</width>
		<height>500</height>
		<depth>3</depth>
	</size>
	<object>
		<name>channel</name>
		<pose>Unspecified</pose>
		<truncated>0</truncated>
		<difficult>0</difficult>
		<bndbox>
			<xmin>174</xmin>
			<ymin>23</ymin>
			<xmax>338</xmax>
			<ymax>161</ymax>
		</bndbox>
	</object>
	<object>
		<name>channel</name>
		<pose>Unspecified</pose>
		<truncated>0</truncated>
		<difficult>0</difficult>
		<bndbox>
			<xmin>280</xmin>
			<ymin>137</ymin>
			<xmax>303</xmax>
			<ymax>304</ymax>
		</bndbox>
	</object>
</annotation>