<annotation>
	<folder>my-project-name</folder>
	<filename>rls-gold-tone-metal-packshot-artistique-vue1-as3771b09792nl801-9516403654686.jpg</filename>
	<path>/my-project-name/rls-gold-tone-metal-packshot-artistique-vue1-as3771b09792nl801-9516403654686.jpg</path>
	<source>
		<database>Unspecified</database>
	</source>
	<size>
		<width>150</width>
		<height>175</height>
		<depth>3</depth>
	</size>
	<object>
		<name>channel</name>
		<pose>Unspecified</pose>
		<truncated>0</truncated>
		<difficult>0</difficult>
		<bndbox>
			<xmin>32</xmin>
			<ymin>74</ymin>
			<xmax>125</xmax>
			<ymax>132</ymax>
		</bndbox>
	</object>
	<object>
		<name>channel</name>
		<pose>Unspecified</pose>
		<truncated>0</truncated>
		<difficult>0</difficult>
		<bndbox>
			<xmin>55</xmin>
			<ymin>47</ymin>
			<xmax>70</xmax>
			<ymax>83</ymax>
		</bndbox>
	</object>
</annotation>