<annotation>
	<folder>my-project-name</folder>
	<filename>rls-gold-tone-metal-packshot-artistique-vue2-as3736b09923nl797-9516406669342.jpg</filename>
	<path>/my-project-name/rls-gold-tone-metal-packshot-artistique-vue2-as3736b09923nl797-9516406669342.jpg</path>
	<source>
		<database>Unspecified</database>
	</source>
	<size>
		<width>428</width>
		<height>500</height>
		<depth>3</depth>
	</size>
	<object>
		<name>channel</name>
		<pose>Unspecified</pose>
		<truncated>0</truncated>
		<difficult>0</difficult>
		<bndbox>
			<xmin>277</xmin>
			<ymin>233</ymin>
			<xmax>424</xmax>
			<ymax>343</ymax>
		</bndbox>
	</object>
	<object>
		<name>channel</name>
		<pose>Unspecified</pose>
		<truncated>0</truncated>
		<difficult>0</difficult>
		<bndbox>
			<xmin>90</xmin>
			<ymin>108</ymin>
			<xmax>364</xmax>
			<ymax>321</ymax>
		</bndbox>
	</object>
</annotation>