<annotation>
	<folder>my-project-name</folder>
	<filename>s-silver-tone-metal-packshot-artistique-vue1-as3774b09944nm239-9516399624222.jpg</filename>
	<path>/my-project-name/s-silver-tone-metal-packshot-artistique-vue1-as3774b09944nm239-9516399624222.jpg</path>
	<source>
		<database>Unspecified</database>
	</source>
	<size>
		<width>150</width>
		<height>175</height>
		<depth>3</depth>
	</size>
	<object>
		<name>channel</name>
		<pose>Unspecified</pose>
		<truncated>0</truncated>
		<difficult>0</difficult>
		<bndbox>
			<xmin>46</xmin>
			<ymin>61</ymin>
			<xmax>114</xmax>
			<ymax>128</ymax>
		</bndbox>
	</object>
	<object>
		<name>channel</name>
		<pose>Unspecified</pose>
		<truncated>0</truncated>
		<difficult>0</difficult>
		<bndbox>
			<xmin>49</xmin>
			<ymin>91</ymin>
			<xmax>70</xmax>
			<ymax>112</ymax>
		</bndbox>
	</object>
</annotation>