<annotation>
	<folder>my-project-name</folder>
	<filename>s-silver-tone-metal-packshot-artistique-vue1-as3523b08929nk159-8855835443230.jpg</filename>
	<path>/my-project-name/s-silver-tone-metal-packshot-artistique-vue1-as3523b08929nk159-8855835443230.jpg</path>
	<source>
		<database>Unspecified</database>
	</source>
	<size>
		<width>150</width>
		<height>175</height>
		<depth>3</depth>
	</size>
	<object>
		<name>channel</name>
		<pose>Unspecified</pose>
		<truncated>0</truncated>
		<difficult>0</difficult>
		<bndbox>
			<xmin>24</xmin>
			<ymin>58</ymin>
			<xmax>131</xmax>
			<ymax>141</ymax>
		</bndbox>
	</object>
	<object>
		<name>channel</name>
		<pose>Unspecified</pose>
		<truncated>0</truncated>
		<difficult>0</difficult>
		<bndbox>
			<xmin>30</xmin>
			<ymin>21</ymin>
			<xmax>98</xmax>
			<ymax>82</ymax>
		</bndbox>
	</object>
	<object>
		<name>channel</name>
		<pose>Unspecified</pose>
		<truncated>0</truncated>
		<difficult>0</difficult>
		<bndbox>
			<xmin>44</xmin>
			<ymin>77</ymin>
			<xmax>55</xmax>
			<ymax>130</ymax>
		</bndbox>
	</object>
</annotation>