<annotation>
	<folder>my-project-name</folder>
	<filename>s-silver-tone-metal-packshot-artistique-vue2-a01112b08987nk325-8855845175326.jpg</filename>
	<path>/my-project-name/s-silver-tone-metal-packshot-artistique-vue2-a01112b08987nk325-8855845175326.jpg</path>
	<source>
		<database>Unspecified</database>
	</source>
	<size>
		<width>228</width>
		<height>266</height>
		<depth>3</depth>
	</size>
	<object>
		<name>channel</name>
		<pose>Unspecified</pose>
		<truncated>0</truncated>
		<difficult>0</difficult>
		<bndbox>
			<xmin>29</xmin>
			<ymin>80</ymin>
			<xmax>222</xmax>
			<ymax>210</ymax>
		</bndbox>
	</object>
	<object>
		<name>channel</name>
		<pose>Unspecified</pose>
		<truncated>0</truncated>
		<difficult>0</difficult>
		<bndbox>
			<xmin>63</xmin>
			<ymin>104</ymin>
			<xmax>83</xmax>
			<ymax>195</ymax>
		</bndbox>
	</object>
	<object>
		<name>channel</name>
		<pose>Unspecified</pose>
		<truncated>0</truncated>
		<difficult>0</difficult>
		<bndbox>
			<xmin>98</xmin>
			<ymin>156</ymin>
			<xmax>127</xmax>
			<ymax>175</ymax>
		</bndbox>
	</object>
</annotation>