<annotation>
	<folder>my-project-name</folder>
	<filename>s-silver-tone-metal-packshot-artistique-vue1-as3257b07300ng752-8855831379998.jpg</filename>
	<path>/my-project-name/s-silver-tone-metal-packshot-artistique-vue1-as3257b07300ng752-8855831379998.jpg</path>
	<source>
		<database>Unspecified</database>
	</source>
	<size>
		<width>150</width>
		<height>175</height>
		<depth>3</depth>
	</size>
	<object>
		<name>channel</name>
		<pose>Unspecified</pose>
		<truncated>0</truncated>
		<difficult>0</difficult>
		<bndbox>
			<xmin>36</xmin>
			<ymin>72</ymin>
			<xmax>96</xmax>
			<ymax>91</ymax>
		</bndbox>
	</object>
	<object>
		<name>channel</name>
		<pose>Unspecified</pose>
		<truncated>0</truncated>
		<difficult>0</difficult>
		<bndbox>
			<xmin>59</xmin>
			<ymin>84</ymin>
			<xmax>82</xmax>
			<ymax>106</ymax>
		</bndbox>
	</object>
	<object>
		<name>channel</name>
		<pose>Unspecified</pose>
		<truncated>0</truncated>
		<difficult>0</difficult>
		<bndbox>
			<xmin>9</xmin>
			<ymin>39</ymin>
			<xmax>142</xmax>
			<ymax>135</ymax>
		</bndbox>
	</object>
</annotation>