<annotation>
	<folder>my-project-name</folder>
	<filename>s-silver-tone-metal-packshot-artistique-vue2-as3774b09944nm238-9516401688606.jpg</filename>
	<path>/my-project-name/s-silver-tone-metal-packshot-artistique-vue2-as3774b09944nm238-9516401688606.jpg</path>
	<source>
		<database>Unspecified</database>
	</source>
	<size>
		<width>228</width>
		<height>266</height>
		<depth>3</depth>
	</size>
	<object>
		<name>channel</name>
		<pose>Unspecified</pose>
		<truncated>0</truncated>
		<difficult>0</difficult>
		<bndbox>
			<xmin>139</xmin>
			<ymin>53</ymin>
			<xmax>188</xmax>
			<ymax>73</ymax>
		</bndbox>
	</object>
	<object>
		<name>channel</name>
		<pose>Unspecified</pose>
		<truncated>0</truncated>
		<difficult>0</difficult>
		<bndbox>
			<xmin>89</xmin>
			<ymin>18</ymin>
			<xmax>202</xmax>
			<ymax>128</ymax>
		</bndbox>
	</object>
	<object>
		<name>channel</name>
		<pose>Unspecified</pose>
		<truncated>0</truncated>
		<difficult>0</difficult>
		<bndbox>
			<xmin>100</xmin>
			<ymin>37</ymin>
			<xmax>137</xmax>
			<ymax>74</ymax>
		</bndbox>
	</object>
</annotation>