<annotation>
	<folder>my-project-name</folder>
	<filename>sey-gold-tone-metal-packshot-artistique-vue2-a01112b09813nl806-9516404604958.jpg</filename>
	<path>/my-project-name/sey-gold-tone-metal-packshot-artistique-vue2-a01112b09813nl806-9516404604958.jpg</path>
	<source>
		<database>Unspecified</database>
	</source>
	<size>
		<width>428</width>
		<height>500</height>
		<depth>3</depth>
	</size>
	<object>
		<name>channel</name>
		<pose>Unspecified</pose>
		<truncated>0</truncated>
		<difficult>0</difficult>
		<bndbox>
			<xmin>245</xmin>
			<ymin>263</ymin>
			<xmax>277</xmax>
			<ymax>295</ymax>
		</bndbox>
	</object>
	<object>
		<name>channel</name>
		<pose>Unspecified</pose>
		<truncated>0</truncated>
		<difficult>0</difficult>
		<bndbox>
			<xmin>150</xmin>
			<ymin>156</ymin>
			<xmax>294</xmax>
			<ymax>203</ymax>
		</bndbox>
	</object>
	<object>
		<name>channel</name>
		<pose>Unspecified</pose>
		<truncated>0</truncated>
		<difficult>0</difficult>
		<bndbox>
			<xmin>95</xmin>
			<ymin>109</ymin>
			<xmax>372</xmax>
			<ymax>360</ymax>
		</bndbox>
	</object>
	<object>
		<name>channel</name>
		<pose>Unspecified</pose>
		<truncated>0</truncated>
		<difficult>0</difficult>
		<bndbox>
			<xmin>291</xmin>
			<ymin>174</ymin>
			<xmax>352</xmax>
			<ymax>286</ymax>
		</bndbox>
	</object>
</annotation>