<annotation>
	<folder>my-project-name</folder>
	<filename>sey-gold-tone-metal-packshot-artistique-vue1-as3710b09748nl708-9516403064862.jpg</filename>
	<path>/my-project-name/sey-gold-tone-metal-packshot-artistique-vue1-as3710b09748nl708-9516403064862.jpg</path>
	<source>
		<database>Unspecified</database>
	</source>
	<size>
		<width>2304</width>
		<height>2690</height>
		<depth>3</depth>
	</size>
	<object>
		<name>channel</name>
		<pose>Unspecified</pose>
		<truncated>0</truncated>
		<difficult>0</difficult>
		<bndbox>
			<xmin>526</xmin>
			<ymin>554</ymin>
			<xmax>2141</xmax>
			<ymax>1958</ymax>
		</bndbox>
	</object>
	<object>
		<name>channel</name>
		<pose>Unspecified</pose>
		<truncated>0</truncated>
		<difficult>0</difficult>
		<bndbox>
			<xmin>1508</xmin>
			<ymin>824</ymin>
			<xmax>1792</xmax>
			<ymax>1675</ymax>
		</bndbox>
	</object>
	<object>
		<name>channel</name>
		<pose>Unspecified</pose>
		<truncated>0</truncated>
		<difficult>0</difficult>
		<bndbox>
			<xmin>1145</xmin>
			<ymin>1365</ymin>
			<xmax>1422</xmax>
			<ymax>1602</ymax>
		</bndbox>
	</object>
</annotation>