<annotation>
	<folder>my-project-name</folder>
	<filename>sin-gold-tone-metal-packshot-artistique-vue2-as3481b08853nj523-8855853989918.jpg</filename>
	<path>/my-project-name/sin-gold-tone-metal-packshot-artistique-vue2-as3481b08853nj523-8855853989918.jpg</path>
	<source>
		<database>Unspecified</database>
	</source>
	<size>
		<width>228</width>
		<height>266</height>
		<depth>3</depth>
	</size>
	<object>
		<name>channel</name>
		<pose>Unspecified</pose>
		<truncated>0</truncated>
		<difficult>0</difficult>
		<bndbox>
			<xmin>110</xmin>
			<ymin>110</ymin>
			<xmax>142</xmax>
			<ymax>128</ymax>
		</bndbox>
	</object>
	<object>
		<name>channel</name>
		<pose>Unspecified</pose>
		<truncated>0</truncated>
		<difficult>0</difficult>
		<bndbox>
			<xmin>75</xmin>
			<ymin>73</ymin>
			<xmax>92</xmax>
			<ymax>176</ymax>
		</bndbox>
	</object>
	<object>
		<name>channel</name>
		<pose>Unspecified</pose>
		<truncated>0</truncated>
		<difficult>0</difficult>
		<bndbox>
			<xmin>55</xmin>
			<ymin>60</ymin>
			<xmax>175</xmax>
			<ymax>186</ymax>
		</bndbox>
	</object>
	<object>
		<name>channel</name>
		<pose>Unspecified</pose>
		<truncated>0</truncated>
		<difficult>0</difficult>
		<bndbox>
			<xmin>93</xmin>
			<ymin>128</ymin>
			<xmax>144</xmax>
			<ymax>168</ymax>
		</bndbox>
	</object>
</annotation>