<annotation>
	<folder>my-project-name</folder>
	<filename>sin-gold-tone-metal-packshot-artistique-vue2-as3480b0885394305-8855844978718.jpg</filename>
	<path>/my-project-name/sin-gold-tone-metal-packshot-artistique-vue2-as3480b0885394305-8855844978718.jpg</path>
	<source>
		<database>Unspecified</database>
	</source>
	<size>
		<width>228</width>
		<height>266</height>
		<depth>3</depth>
	</size>
	<object>
		<name>channel</name>
		<pose>Unspecified</pose>
		<truncated>0</truncated>
		<difficult>0</difficult>
		<bndbox>
			<xmin>91</xmin>
			<ymin>133</ymin>
			<xmax>109</xmax>
			<ymax>156</ymax>
		</bndbox>
	</object>
	<object>
		<name>channel</name>
		<pose>Unspecified</pose>
		<truncated>0</truncated>
		<difficult>0</difficult>
		<bndbox>
			<xmin>97</xmin>
			<ymin>87</ymin>
			<xmax>122</xmax>
			<ymax>135</ymax>
		</bndbox>
	</object>
	<object>
		<name>channel</name>
		<pose>Unspecified</pose>
		<truncated>0</truncated>
		<difficult>0</difficult>
		<bndbox>
			<xmin>36</xmin>
			<ymin>82</ymin>
			<xmax>186</xmax>
			<ymax>198</ymax>
		</bndbox>
	</object>
</annotation>