<annotation>
	<folder>my-project-name</folder>
	<filename>sin-gold-tone-metal-packshot-artistique-vue1-as3744b1006410601-9516411715614.jpg</filename>
	<path>/my-project-name/sin-gold-tone-metal-packshot-artistique-vue1-as3744b1006410601-9516411715614.jpg</path>
	<source>
		<database>Unspecified</database>
	</source>
	<size>
		<width>150</width>
		<height>175</height>
		<depth>3</depth>
	</size>
	<object>
		<name>channel</name>
		<pose>Unspecified</pose>
		<truncated>0</truncated>
		<difficult>0</difficult>
		<bndbox>
			<xmin>68</xmin>
			<ymin>118</ymin>
			<xmax>87</xmax>
			<ymax>131</ymax>
		</bndbox>
	</object>
	<object>
		<name>channel</name>
		<pose>Unspecified</pose>
		<truncated>0</truncated>
		<difficult>0</difficult>
		<bndbox>
			<xmin>58</xmin>
			<ymin>75</ymin>
			<xmax>76</xmax>
			<ymax>118</ymax>
		</bndbox>
	</object>
	<object>
		<name>channel</name>
		<pose>Unspecified</pose>
		<truncated>0</truncated>
		<difficult>0</difficult>
		<bndbox>
			<xmin>42</xmin>
			<ymin>62</ymin>
			<xmax>129</xmax>
			<ymax>149</ymax>
		</bndbox>
	</object>
</annotation>