<annotation>
	<folder>my-project-name</folder>
	<filename>sin-gold-tone-metal-packshot-artistique-vue1-as3479b08853nj527-8855855824926.jpg</filename>
	<path>/my-project-name/sin-gold-tone-metal-packshot-artistique-vue1-as3479b08853nj527-8855855824926.jpg</path>
	<source>
		<database>Unspecified</database>
	</source>
	<size>
		<width>150</width>
		<height>175</height>
		<depth>3</depth>
	</size>
	<object>
		<name>channel</name>
		<pose>Unspecified</pose>
		<truncated>0</truncated>
		<difficult>0</difficult>
		<bndbox>
			<xmin>86</xmin>
			<ymin>76</ymin>
			<xmax>113</xmax>
			<ymax>103</ymax>
		</bndbox>
	</object>
	<object>
		<name>channel</name>
		<pose>Unspecified</pose>
		<truncated>0</truncated>
		<difficult>0</difficult>
		<bndbox>
			<xmin>68</xmin>
			<ymin>93</ymin>
			<xmax>86</xmax>
			<ymax>110</ymax>
		</bndbox>
	</object>
	<object>
		<name>channel</name>
		<pose>Unspecified</pose>
		<truncated>0</truncated>
		<difficult>0</difficult>
		<bndbox>
			<xmin>31</xmin>
			<ymin>67</ymin>
			<xmax>137</xmax>
			<ymax>133</ymax>
		</bndbox>
	</object>
</annotation>