<annotation>
	<folder>my-project-name</folder>
	<filename>skin-ruthenium-finish-metal-packshot-default-a92193y0995394305-8855279403038.jpg</filename>
	<path>/my-project-name/skin-ruthenium-finish-metal-packshot-default-a92193y0995394305-8855279403038.jpg</path>
	<source>
		<database>Unspecified</database>
	</source>
	<size>
		<width>428</width>
		<height>428</height>
		<depth>3</depth>
	</size>
	<object>
		<name>channel</name>
		<pose>Unspecified</pose>
		<truncated>0</truncated>
		<difficult>0</difficult>
		<bndbox>
			<xmin>156</xmin>
			<ymin>278</ymin>
			<xmax>226</xmax>
			<ymax>316</ymax>
		</bndbox>
	</object>
	<object>
		<name>channel</name>
		<pose>Unspecified</pose>
		<truncated>0</truncated>
		<difficult>0</difficult>
		<bndbox>
			<xmin>106</xmin>
			<ymin>162</ymin>
			<xmax>274</xmax>
			<ymax>259</ymax>
		</bndbox>
	</object>
	<object>
		<name>channel</name>
		<pose>Unspecified</pose>
		<truncated>0</truncated>
		<difficult>0</difficult>
		<bndbox>
			<xmin>55</xmin>
			<ymin>108</ymin>
			<xmax>340</xmax>
			<ymax>150</ymax>
		</bndbox>
	</object>
	<object>
		<name>channel</name>
		<pose>Unspecified</pose>
		<truncated>0</truncated>
		<difficult>0</difficult>
		<bndbox>
			<xmin>40</xmin>
			<ymin>113</ymin>
			<xmax>364</xmax>
			<ymax>324</ymax>
		</bndbox>
	</object>
</annotation>