<annotation>
	<folder>my-project-name</folder>
	<filename>skin-ruthenium-finish-metal-packshot-default-a67085y0995394305-8855279435806.jpg</filename>
	<path>/my-project-name/skin-ruthenium-finish-metal-packshot-default-a67085y0995394305-8855279435806.jpg</path>
	<source>
		<database>Unspecified</database>
	</source>
	<size>
		<width>150</width>
		<height>150</height>
		<depth>3</depth>
	</size>
	<object>
		<name>channel</name>
		<pose>Unspecified</pose>
		<truncated>0</truncated>
		<difficult>0</difficult>
		<bndbox>
			<xmin>69</xmin>
			<ymin>93</ymin>
			<xmax>90</xmax>
			<ymax>107</ymax>
		</bndbox>
	</object>
	<object>
		<name>channel</name>
		<pose>Unspecified</pose>
		<truncated>0</truncated>
		<difficult>0</difficult>
		<bndbox>
			<xmin>49</xmin>
			<ymin>60</ymin>
			<xmax>71</xmax>
			<ymax>95</ymax>
		</bndbox>
	</object>
	<object>
		<name>channel</name>
		<pose>Unspecified</pose>
		<truncated>0</truncated>
		<difficult>0</difficult>
		<bndbox>
			<xmin>26</xmin>
			<ymin>37</ymin>
			<xmax>127</xmax>
			<ymax>117</ymax>
		</bndbox>
	</object>
</annotation>