<annotation>
	<folder>my-project-name</folder>
	<filename>thumb-11_1000x750.jpg</filename>
	<path>/my-project-name/thumb-11_1000x750.jpg</path>
	<source>
		<database>Unspecified</database>
	</source>
	<size>
		<width>1000</width>
		<height>750</height>
		<depth>3</depth>
	</size>
	<object>
		<name>channel</name>
		<pose>Unspecified</pose>
		<truncated>0</truncated>
		<difficult>0</difficult>
		<bndbox>
			<xmin>526</xmin>
			<ymin>357</ymin>
			<xmax>610</xmax>
			<ymax>454</ymax>
		</bndbox>
	</object>
	<object>
		<name>channel</name>
		<pose>Unspecified</pose>
		<truncated>0</truncated>
		<difficult>0</difficult>
		<bndbox>
			<xmin>331</xmin>
			<ymin>270</ymin>
			<xmax>715</xmax>
			<ymax>590</ymax>
		</bndbox>
	</object>
</annotation>