<annotation>
	<folder>my-project-name</folder>
	<filename>thumb-2aa9b74ce60c99df249de77d1fe81840_1630386372_2639_600x600.jpg</filename>
	<path>/my-project-name/thumb-2aa9b74ce60c99df249de77d1fe81840_1630386372_2639_600x600.jpg</path>
	<source>
		<database>Unspecified</database>
	</source>
	<size>
		<width>600</width>
		<height>600</height>
		<depth>3</depth>
	</size>
	<object>
		<name>channel</name>
		<pose>Unspecified</pose>
		<truncated>0</truncated>
		<difficult>0</difficult>
		<bndbox>
			<xmin>274</xmin>
			<ymin>294</ymin>
			<xmax>337</xmax>
			<ymax>368</ymax>
		</bndbox>
	</object>
	<object>
		<name>channel</name>
		<pose>Unspecified</pose>
		<truncated>0</truncated>
		<difficult>0</difficult>
		<bndbox>
			<xmin>125</xmin>
			<ymin>156</ymin>
			<xmax>475</xmax>
			<ymax>422</ymax>
		</bndbox>
	</object>
	<object>
		<name>channel</name>
		<pose>Unspecified</pose>
		<truncated>0</truncated>
		<difficult>0</difficult>
		<bndbox>
			<xmin>199</xmin>
			<ymin>218</ymin>
			<xmax>425</xmax>
			<ymax>304</ymax>
		</bndbox>
	</object>
</annotation>