<annotation>
	<folder>my-project-name</folder>
	<filename>thumb-2020_08_20_13_31_IMG_1596_600x600.jpg</filename>
	<path>/my-project-name/thumb-2020_08_20_13_31_IMG_1596_600x600.jpg</path>
	<source>
		<database>Unspecified</database>
	</source>
	<size>
		<width>600</width>
		<height>600</height>
		<depth>3</depth>
	</size>
	<object>
		<name>channel</name>
		<pose>Unspecified</pose>
		<truncated>0</truncated>
		<difficult>0</difficult>
		<bndbox>
			<xmin>203</xmin>
			<ymin>309</ymin>
			<xmax>382</xmax>
			<ymax>449</ymax>
		</bndbox>
	</object>
	<object>
		<name>channel</name>
		<pose>Unspecified</pose>
		<truncated>0</truncated>
		<difficult>0</difficult>
		<bndbox>
			<xmin>125</xmin>
			<ymin>101</ymin>
			<xmax>432</xmax>
			<ymax>551</ymax>
		</bndbox>
	</object>
</annotation>