<annotation>
	<folder>my-project-name</folder>
	<filename>tone-ruthenium-finish-metal-packshot-default-as1161b0485294305-8855282155550.jpg</filename>
	<path>/my-project-name/tone-ruthenium-finish-metal-packshot-default-as1161b0485294305-8855282155550.jpg</path>
	<source>
		<database>Unspecified</database>
	</source>
	<size>
		<width>150</width>
		<height>150</height>
		<depth>3</depth>
	</size>
	<object>
		<name>channel</name>
		<pose>Unspecified</pose>
		<truncated>0</truncated>
		<difficult>0</difficult>
		<bndbox>
			<xmin>64</xmin>
			<ymin>75</ymin>
			<xmax>92</xmax>
			<ymax>94</ymax>
		</bndbox>
	</object>
	<object>
		<name>channel</name>
		<pose>Unspecified</pose>
		<truncated>0</truncated>
		<difficult>0</difficult>
		<bndbox>
			<xmin>56</xmin>
			<ymin>49</ymin>
			<xmax>96</xmax>
			<ymax>64</ymax>
		</bndbox>
	</object>
	<object>
		<name>channel</name>
		<pose>Unspecified</pose>
		<truncated>0</truncated>
		<difficult>0</difficult>
		<bndbox>
			<xmin>16</xmin>
			<ymin>32</ymin>
			<xmax>136</xmax>
			<ymax>114</ymax>
		</bndbox>
	</object>
</annotation>