<annotation>
	<folder>my-project-name</folder>
	<filename>which-chanel-bag-most-suits-your-personality-1629092-1453326409.700x0c.jpg</filename>
	<path>/my-project-name/which-chanel-bag-most-suits-your-personality-1629092-1453326409.700x0c.jpg</path>
	<source>
		<database>Unspecified</database>
	</source>
	<size>
		<width>700</width>
		<height>979</height>
		<depth>3</depth>
	</size>
	<object>
		<name>channel</name>
		<pose>Unspecified</pose>
		<truncated>0</truncated>
		<difficult>0</difficult>
		<bndbox>
			<xmin>482</xmin>
			<ymin>593</ymin>
			<xmax>631</xmax>
			<ymax>751</ymax>
		</bndbox>
	</object>
	<object>
		<name>channel</name>
		<pose>Unspecified</pose>
		<truncated>0</truncated>
		<difficult>0</difficult>
		<bndbox>
			<xmin>557</xmin>
			<ymin>652</ymin>
			<xmax>583</xmax>
			<ymax>679</ymax>
		</bndbox>
	</object>
	<object>
		<name>channel</name>
		<pose>Unspecified</pose>
		<truncated>0</truncated>
		<difficult>0</difficult>
		<bndbox>
			<xmin>544</xmin>
			<ymin>711</ymin>
			<xmax>570</xmax>
			<ymax>733</ymax>
		</bndbox>
	</object>
</annotation>