<annotation>
	<folder>my-project-name</folder>
	<filename>09b8813aaf434860435f769e9d9051b4.jpg</filename>
	<path>/my-project-name/09b8813aaf434860435f769e9d9051b4.jpg</path>
	<source>
		<database>Unspecified</database>
	</source>
	<size>
		<width>500</width>
		<height>374</height>
		<depth>3</depth>
	</size>
	<object>
		<name>Gucci</name>
		<pose>Unspecified</pose>
		<truncated>0</truncated>
		<difficult>0</difficult>
		<bndbox>
			<xmin>275</xmin>
			<ymin>171</ymin>
			<xmax>346</xmax>
			<ymax>335</ymax>
		</bndbox>
	</object>
	<object>
		<name>Gucci</name>
		<pose>Unspecified</pose>
		<truncated>0</truncated>
		<difficult>0</difficult>
		<bndbox>
			<xmin>292</xmin>
			<ymin>171</ymin>
			<xmax>322</xmax>
			<ymax>208</ymax>
		</bndbox>
	</object>
	<object>
		<name>Gucci</name>
		<pose>Unspecified</pose>
		<truncated>0</truncated>
		<difficult>0</difficult>
		<bndbox>
			<xmin>150</xmin>
			<ymin>155</ymin>
			<xmax>492</xmax>
			<ymax>344</ymax>
		</bndbox>
	</object>
	<object>
		<name>Gucci</name>
		<pose>Unspecified</pose>
		<truncated>0</truncated>
		<difficult>0</difficult>
		<bndbox>
			<xmin>383</xmin>
			<ymin>198</ymin>
			<xmax>428</xmax>
			<ymax>317</ymax>
		</bndbox>
	</object>
</annotation>