<annotation>
	<folder>my-project-name</folder>
	<filename>1000037078322_i1_500.jpg</filename>
	<path>/my-project-name/1000037078322_i1_500.jpg</path>
	<source>
		<database>Unspecified</database>
	</source>
	<size>
		<width>500</width>
		<height>500</height>
		<depth>3</depth>
	</size>

	<object>
		<name>Gucci</name>
		<pose>Unspecified</pose>
		<truncated>0</truncated>
		<difficult>0</difficult>
		<bndbox>
			<xmin>138</xmin>
			<ymin>327</ymin>
			<xmax>290</xmax>
			<ymax>388</ymax>
		</bndbox>
	</object>
	<object>
		<name>Gucci</name>
		<pose>Unspecified</pose>
		<truncated>0</truncated>
		<difficult>0</difficult>
		<bndbox>
			<xmin>47</xmin>
			<ymin>210</ymin>
			<xmax>370</xmax>
			<ymax>298</ymax>
		</bndbox>
	</object>
	<object>
		<name>Gucci</name>
		<pose>Unspecified</pose>
		<truncated>0</truncated>
		<difficult>0</difficult>
		<bndbox>
			<xmin>5</xmin>
			<ymin>195</ymin>
			<xmax>390</xmax>
			<ymax>478</ymax>
		</bndbox>
	</object>
</annotation>