<annotation>
	<folder>my-project-name</folder>
	<filename>1000518921305_i1_500.jpg</filename>
	<path>/my-project-name/1000518921305_i1_500.jpg</path>
	<source>
		<database>Unspecified</database>
	</source>
	<size>
		<width>500</width>
		<height>500</height>
		<depth>3</depth>
	</size>

	<object>
		<name>Gucci</name>
		<pose>Unspecified</pose>
		<truncated>0</truncated>
		<difficult>0</difficult>
		<bndbox>
			<xmin>224</xmin>
			<ymin>112</ymin>
			<xmax>288</xmax>
			<ymax>159</ymax>
		</bndbox>
	</object>
	<object>
		<name>Gucci</name>
		<pose>Unspecified</pose>
		<truncated>0</truncated>
		<difficult>0</difficult>
		<bndbox>
			<xmin>135</xmin>
			<ymin>167</ymin>
			<xmax>373</xmax>
			<ymax>262</ymax>
		</bndbox>
	</object>
	<object>
		<name>Gucci</name>
		<pose>Unspecified</pose>
		<truncated>0</truncated>
		<difficult>0</difficult>
		<bndbox>
			<xmin>82</xmin>
			<ymin>61</ymin>
			<xmax>403</xmax>
			<ymax>487</ymax>
		</bndbox>
	</object>
</annotation>