<annotation>
	<folder>my-project-name</folder>
	<filename>12301579_10851985_300.jpg</filename>
	<path>/my-project-name/12301579_10851985_300.jpg</path>
	<source>
		<database>Unspecified</database>
	</source>
	<size>
		<width>300</width>
		<height>401</height>
		<depth>3</depth>
	</size>
	<object>
		<name>Gucci</name>
		<pose>Unspecified</pose>
		<truncated>0</truncated>
		<difficult>0</difficult>
		<bndbox>
			<xmin>54</xmin>
			<ymin>135</ymin>
			<xmax>196</xmax>
			<ymax>189</ymax>
		</bndbox>
	</object>
	<object>
		<name>Gucci</name>
		<pose>Unspecified</pose>
		<truncated>0</truncated>
		<difficult>0</difficult>
		<bndbox>
			<xmin>41</xmin>
			<ymin>122</ymin>
			<xmax>275</xmax>
			<ymax>278</ymax>
		</bndbox>
	</object>
</annotation>