<annotation>
	<folder>my-project-name</folder>
	<filename>15bebbcf97c08cb86ad68d7e22e36b0f_1599576449_7643.jpg</filename>
	<path>/my-project-name/15bebbcf97c08cb86ad68d7e22e36b0f_1599576449_7643.jpg</path>
	<source>
		<database>Unspecified</database>
	</source>
	<size>
		<width>900</width>
		<height>674</height>
		<depth>3</depth>
	</size>
	<object>
		<name>Gucci</name>
		<pose>Unspecified</pose>
		<truncated>0</truncated>
		<difficult>0</difficult>
		<bndbox>
			<xmin>367</xmin>
			<ymin>241</ymin>
			<xmax>529</xmax>
			<ymax>643</ymax>
		</bndbox>
	</object>
	<object>
		<name>Gucci</name>
		<pose>Unspecified</pose>
		<truncated>0</truncated>
		<difficult>0</difficult>
		<bndbox>
			<xmin>95</xmin>
			<ymin>198</ymin>
			<xmax>828</xmax>
			<ymax>659</ymax>
		</bndbox>
	</object>
	<object>
		<name>Gucci</name>
		<pose>Unspecified</pose>
		<truncated>0</truncated>
		<difficult>0</difficult>
		<bndbox>
			<xmin>579</xmin>
			<ymin>307</ymin>
			<xmax>761</xmax>
			<ymax>605</ymax>
		</bndbox>
	</object>
</annotation>