<annotation>
	<folder>my-project-name</folder>
	<filename>1651922152933c69_dHzEF.jpg</filename>
	<path>/my-project-name/1651922152933c69_dHzEF.jpg</path>
	<source>
		<database>Unspecified</database>
	</source>
	<size>
		<width>1028</width>
		<height>1028</height>
		<depth>3</depth>
	</size>
	<object>
		<name>Gucci</name>
		<pose>Unspecified</pose>
		<truncated>0</truncated>
		<difficult>0</difficult>
		<bndbox>
			<xmin>587</xmin>
			<ymin>640</ymin>
			<xmax>947</xmax>
			<ymax>889</ymax>
		</bndbox>
	</object>
	<object>
		<name>Gucci</name>
		<pose>Unspecified</pose>
		<truncated>0</truncated>
		<difficult>0</difficult>
		<bndbox>
			<xmin>43</xmin>
			<ymin>345</ymin>
			<xmax>990</xmax>
			<ymax>983</ymax>
		</bndbox>
	</object>
</annotation>