<annotation>
	<folder>my-project-name</folder>
	<filename>1655169779184000BOz_AI1Tu.jpg</filename>
	<path>/my-project-name/1655169779184000BOz_AI1Tu.jpg</path>
	<source>
		<database>Unspecified</database>
	</source>
	<size>
		<width>800</width>
		<height>600</height>
		<depth>3</depth>
	</size>
	<object>
		<name>Gucci</name>
		<pose>Unspecified</pose>
		<truncated>0</truncated>
		<difficult>0</difficult>
		<bndbox>
			<xmin>278</xmin>
			<ymin>91</ymin>
			<xmax>649</xmax>
			<ymax>432</ymax>
		</bndbox>
	</object>
	<object>
		<name>Gucci</name>
		<pose>Unspecified</pose>
		<truncated>0</truncated>
		<difficult>0</difficult>
		<bndbox>
			<xmin>104</xmin>
			<ymin>9</ymin>
			<xmax>738</xmax>
			<ymax>593</ymax>
		</bndbox>
	</object>
</annotation>