<annotation>
	<folder>my-project-name</folder>
	<filename>1664606003_b_1_IMG_7834.JPG.jpg</filename>
	<path>/my-project-name/1664606003_b_1_IMG_7834.JPG.jpg</path>
	<source>
		<database>Unspecified</database>
	</source>
	<size>
		<width>600</width>
		<height>600</height>
		<depth>3</depth>
	</size>
	<object>
		<name>Gucci</name>
		<pose>Unspecified</pose>
		<truncated>0</truncated>
		<difficult>0</difficult>
		<bndbox>
			<xmin>296</xmin>
			<ymin>346</ymin>
			<xmax>329</xmax>
			<ymax>378</ymax>
		</bndbox>
	</object>
	<object>
		<name>Gucci</name>
		<pose>Unspecified</pose>
		<truncated>0</truncated>
		<difficult>0</difficult>
		<bndbox>
			<xmin>278</xmin>
			<ymin>329</ymin>
			<xmax>344</xmax>
			<ymax>513</ymax>
		</bndbox>
	</object>
	<object>
		<name>Gucci</name>
		<pose>Unspecified</pose>
		<truncated>0</truncated>
		<difficult>0</difficult>
		<bndbox>
			<xmin>185</xmin>
			<ymin>310</ymin>
			<xmax>443</xmax>
			<ymax>516</ymax>
		</bndbox>
	</object>
</annotation>