<annotation>
	<folder>my-project-name</folder>
	<filename>1664952279_b_1_IMG_8720.JPG.jpg</filename>
	<path>/my-project-name/1664952279_b_1_IMG_8720.JPG.jpg</path>
	<source>
		<database>Unspecified</database>
	</source>
	<size>
		<width>600</width>
		<height>600</height>
		<depth>3</depth>
	</size>
	<object>
		<name>Gucci</name>
		<pose>Unspecified</pose>
		<truncated>0</truncated>
		<difficult>0</difficult>
		<bndbox>
			<xmin>280</xmin>
			<ymin>214</ymin>
			<xmax>335</xmax>
			<ymax>265</ymax>
		</bndbox>
	</object>
	<object>
		<name>Gucci</name>
		<pose>Unspecified</pose>
		<truncated>0</truncated>
		<difficult>0</difficult>
		<bndbox>
			<xmin>251</xmin>
			<ymin>184</ymin>
			<xmax>362</xmax>
			<ymax>503</ymax>
		</bndbox>
	</object>
	<object>
		<name>Gucci</name>
		<pose>Unspecified</pose>
		<truncated>0</truncated>
		<difficult>0</difficult>
		<bndbox>
			<xmin>118</xmin>
			<ymin>188</ymin>
			<xmax>512</xmax>
			<ymax>532</ymax>
		</bndbox>
	</object>
</annotation>