<annotation>
	<folder>my-project-name</folder>
	<filename>1665047590_b_1_IMG_9678.JPG.jpg</filename>
	<path>/my-project-name/1665047590_b_1_IMG_9678.JPG.jpg</path>
	<source>
		<database>Unspecified</database>
	</source>
	<size>
		<width>600</width>
		<height>600</height>
		<depth>3</depth>
	</size>
	<object>
		<name>Gucci</name>
		<pose>Unspecified</pose>
		<truncated>0</truncated>
		<difficult>0</difficult>
		<bndbox>
			<xmin>72</xmin>
			<ymin>89</ymin>
			<xmax>497</xmax>
			<ymax>596</ymax>
		</bndbox>
	</object>
	<object>
		<name>Gucci</name>
		<pose>Unspecified</pose>
		<truncated>0</truncated>
		<difficult>0</difficult>
		<bndbox>
			<xmin>150</xmin>
			<ymin>400</ymin>
			<xmax>431</xmax>
			<ymax>549</ymax>
		</bndbox>
	</object>
</annotation>