<annotation>
	<folder>my-project-name</folder>
	<filename>1670386753854_24d4598fae89d2d2cc5e9b4ff19fe74e_0.jpg</filename>
	<path>/my-project-name/1670386753854_24d4598fae89d2d2cc5e9b4ff19fe74e_0.jpg</path>
	<source>
		<database>Unspecified</database>
	</source>
	<size>
		<width>550</width>
		<height>550</height>
		<depth>3</depth>
	</size>
	<object>
		<name>Gucci</name>
		<pose>Unspecified</pose>
		<truncated>0</truncated>
		<difficult>0</difficult>
		<bndbox>
			<xmin>30</xmin>
			<ymin>205</ymin>
			<xmax>500</xmax>
			<ymax>529</ymax>
		</bndbox>
	</object>
	<object>
		<name>Gucci</name>
		<pose>Unspecified</pose>
		<truncated>0</truncated>
		<difficult>0</difficult>
		<bndbox>
			<xmin>194</xmin>
			<ymin>349</ymin>
			<xmax>384</xmax>
			<ymax>439</ymax>
		</bndbox>
	</object>
	<object>
		<name>Gucci</name>
		<pose>Unspecified</pose>
		<truncated>0</truncated>
		<difficult>0</difficult>
		<bndbox>
			<xmin>373</xmin>
			<ymin>179</ymin>
			<xmax>518</xmax>
			<ymax>503</ymax>
		</bndbox>
	</object>
</annotation>