<annotation>
	<folder>my-project-name</folder>
	<filename>1a733d1b96.jpg</filename>
	<path>/my-project-name/1a733d1b96.jpg</path>
	<source>
		<database>Unspecified</database>
	</source>
	<size>
		<width>600</width>
		<height>600</height>
		<depth>3</depth>
	</size>
	<object>
		<name>Gucci</name>
		<pose>Unspecified</pose>
		<truncated>0</truncated>
		<difficult>0</difficult>
		<bndbox>
			<xmin>94</xmin>
			<ymin>168</ymin>
			<xmax>501</xmax>
			<ymax>579</ymax>
		</bndbox>
	</object>
	<object>
		<name>Gucci</name>
		<pose>Unspecified</pose>
		<truncated>0</truncated>
		<difficult>0</difficult>
		<bndbox>
			<xmin>237</xmin>
			<ymin>307</ymin>
			<xmax>376</xmax>
			<ymax>416</ymax>
		</bndbox>
	</object>
</annotation>