<annotation>
	<folder>my-project-name</folder>
	<filename>202208051533353.JPG.jpg</filename>
	<path>/my-project-name/202208051533353.JPG.jpg</path>
	<source>
		<database>Unspecified</database>
	</source>
	<size>
		<width>700</width>
		<height>467</height>
		<depth>3</depth>
	</size>
	<object>
		<name>Gucci</name>
		<pose>Unspecified</pose>
		<truncated>0</truncated>
		<difficult>0</difficult>
		<bndbox>
			<xmin>190</xmin>
			<ymin>68</ymin>
			<xmax>519</xmax>
			<ymax>441</ymax>
		</bndbox>
	</object>
	<object>
		<name>Gucci</name>
		<pose>Unspecified</pose>
		<truncated>0</truncated>
		<difficult>0</difficult>
		<bndbox>
			<xmin>290</xmin>
			<ymin>208</ymin>
			<xmax>446</xmax>
			<ymax>267</ymax>
		</bndbox>
	</object>
	<object>
		<name>Gucci</name>
		<pose>Unspecified</pose>
		<truncated>0</truncated>
		<difficult>0</difficult>
		<bndbox>
			<xmin>442</xmin>
			<ymin>192</ymin>
			<xmax>497</xmax>
			<ymax>409</ymax>
		</bndbox>
	</object>
</annotation>