<annotation>
	<folder>my-project-name</folder>
	<filename>20221020_638018049187079974_13935679_0.jpg</filename>
	<path>/my-project-name/20221020_638018049187079974_13935679_0.jpg</path>
	<source>
		<database>Unspecified</database>
	</source>
	<size>
		<width>2400</width>
		<height>2400</height>
		<depth>3</depth>
	</size>
	<object>
		<name>Gucci</name>
		<pose>Unspecified</pose>
		<truncated>0</truncated>
		<difficult>0</difficult>
		<bndbox>
			<xmin>129</xmin>
			<ymin>353</ymin>
			<xmax>2165</xmax>
			<ymax>2010</ymax>
		</bndbox>
	</object>
	<object>
		<name>Gucci</name>
		<pose>Unspecified</pose>
		<truncated>0</truncated>
		<difficult>0</difficult>
		<bndbox>
			<xmin>982</xmin>
			<ymin>918</ymin>
			<xmax>1282</xmax>
			<ymax>1088</ymax>
		</bndbox>
	</object>
	<object>
		<name>Gucci</name>
		<pose>Unspecified</pose>
		<truncated>0</truncated>
		<difficult>0</difficult>
		<bndbox>
			<xmin>894</xmin>
			<ymin>871</ymin>
			<xmax>1382</xmax>
			<ymax>2012</ymax>
		</bndbox>
	</object>
	<object>
		<name>Gucci</name>
		<pose>Unspecified</pose>
		<truncated>0</truncated>
		<difficult>0</difficult>
		<bndbox>
			<xmin>1388</xmin>
			<ymin>1024</ymin>
			<xmax>2029</xmax>
			<ymax>1876</ymax>
		</bndbox>
	</object>
</annotation>