<annotation>
	<folder>my-project-name</folder>
	<filename>204589672_1_1667760990_w360.jpg</filename>
	<path>/my-project-name/204589672_1_1667760990_w360.jpg</path>
	<source>
		<database>Unspecified</database>
	</source>
	<size>
		<width>360</width>
		<height>360</height>
		<depth>3</depth>
	</size>
	<object>
		<name>Gucci</name>
		<pose>Unspecified</pose>
		<truncated>0</truncated>
		<difficult>0</difficult>
		<bndbox>
			<xmin>140</xmin>
			<ymin>194</ymin>
			<xmax>250</xmax>
			<ymax>296</ymax>
		</bndbox>
	</object>
	<object>
		<name>Gucci</name>
		<pose>Unspecified</pose>
		<truncated>0</truncated>
		<difficult>0</difficult>
		<bndbox>
			<xmin>54</xmin>
			<ymin>130</ymin>
			<xmax>355</xmax>
			<ymax>331</ymax>
		</bndbox>
	</object>
</annotation>