<annotation>
	<folder>my-project-name</folder>
	<filename>2055948_535040_2925.jpg</filename>
	<path>/my-project-name/2055948_535040_2925.jpg</path>
	<source>
		<database>Unspecified</database>
	</source>
	<size>
		<width>600</width>
		<height>449</height>
		<depth>3</depth>
	</size>
	<object>
		<name>Gucci</name>
		<pose>Unspecified</pose>
		<truncated>0</truncated>
		<difficult>0</difficult>
		<bndbox>
			<xmin>197</xmin>
			<ymin>182</ymin>
			<xmax>318</xmax>
			<ymax>283</ymax>
		</bndbox>
	</object>
	<object>
		<name>Gucci</name>
		<pose>Unspecified</pose>
		<truncated>0</truncated>
		<difficult>0</difficult>
		<bndbox>
			<xmin>31</xmin>
			<ymin>96</ymin>
			<xmax>455</xmax>
			<ymax>449</ymax>
		</bndbox>
	</object>
</annotation>