<annotation>
	<folder>my-project-name</folder>
	<filename>2142852791_0.jpg</filename>
	<path>/my-project-name/2142852791_0.jpg</path>
	<source>
		<database>Unspecified</database>
	</source>
	<size>
		<width>1118</width>
		<height>1017</height>
		<depth>3</depth>
	</size>
	<object>
		<name>Gucci</name>
		<pose>Unspecified</pose>
		<truncated>0</truncated>
		<difficult>0</difficult>
		<bndbox>
			<xmin>513</xmin>
			<ymin>244</ymin>
			<xmax>627</xmax>
			<ymax>326</ymax>
		</bndbox>
	</object>
	<object>
		<name>Gucci</name>
		<pose>Unspecified</pose>
		<truncated>0</truncated>
		<difficult>0</difficult>
		<bndbox>
			<xmin>467</xmin>
			<ymin>207</ymin>
			<xmax>649</xmax>
			<ymax>798</ymax>
		</bndbox>
	</object>
	<object>
		<name>Gucci</name>
		<pose>Unspecified</pose>
		<truncated>0</truncated>
		<difficult>0</difficult>
		<bndbox>
			<xmin>659</xmin>
			<ymin>274</ymin>
			<xmax>901</xmax>
			<ymax>778</ymax>
		</bndbox>
	</object>
	<object>
		<name>Gucci</name>
		<pose>Unspecified</pose>
		<truncated>0</truncated>
		<difficult>0</difficult>
		<bndbox>
			<xmin>153</xmin>
			<ymin>170</ymin>
			<xmax>985</xmax>
			<ymax>823</ymax>
		</bndbox>
	</object>
</annotation>