<annotation>
	<folder>my-project-name</folder>
	<filename>2212625037_0000001.jpg</filename>
	<path>/my-project-name/2212625037_0000001.jpg</path>
	<source>
		<database>Unspecified</database>
	</source>
	<size>
		<width>600</width>
		<height>600</height>
		<depth>3</depth>
	</size>
	<object>
		<name>Gucci</name>
		<pose>Unspecified</pose>
		<truncated>0</truncated>
		<difficult>0</difficult>
		<bndbox>
			<xmin>216</xmin>
			<ymin>197</ymin>
			<xmax>376</xmax>
			<ymax>313</ymax>
		</bndbox>
	</object>
	<object>
		<name>Gucci</name>
		<pose>Unspecified</pose>
		<truncated>0</truncated>
		<difficult>0</difficult>
		<bndbox>
			<xmin>49</xmin>
			<ymin>122</ymin>
			<xmax>554</xmax>
			<ymax>497</ymax>
		</bndbox>
	</object>
</annotation>