<annotation>
	<folder>my-project-name</folder>
	<filename>2260f15e0e865a1b782d3c753e0ced23.jpg</filename>
	<path>/my-project-name/2260f15e0e865a1b782d3c753e0ced23.jpg</path>
	<source>
		<database>Unspecified</database>
	</source>
	<size>
		<width>683</width>
		<height>740</height>
		<depth>3</depth>
	</size>
	<object>
		<name>Gucci</name>
		<pose>Unspecified</pose>
		<truncated>0</truncated>
		<difficult>0</difficult>
		<bndbox>
			<xmin>106</xmin>
			<ymin>365</ymin>
			<xmax>606</xmax>
			<ymax>646</ymax>
		</bndbox>
	</object>
	<object>
		<name>Gucci</name>
		<pose>Unspecified</pose>
		<truncated>0</truncated>
		<difficult>0</difficult>
		<bndbox>
			<xmin>30</xmin>
			<ymin>227</ymin>
			<xmax>679</xmax>
			<ymax>716</ymax>
		</bndbox>
	</object>
</annotation>