<annotation>
	<folder>my-project-name</folder>
	<filename>241510628_864545404264091_7130069485328436321_n.jpg</filename>
	<path>/my-project-name/241510628_864545404264091_7130069485328436321_n.jpg</path>
	<source>
		<database>Unspecified</database>
	</source>
	<size>
		<width>1080</width>
		<height>1080</height>
		<depth>3</depth>
	</size>

	<object>
		<name>Gucci</name>
		<pose>Unspecified</pose>
		<truncated>0</truncated>
		<difficult>0</difficult>
		<bndbox>
			<xmin>310</xmin>
			<ymin>544</ymin>
			<xmax>833</xmax>
			<ymax>966</ymax>
		</bndbox>
	</object>
	<object>
		<name>Gucci</name>
		<pose>Unspecified</pose>
		<truncated>0</truncated>
		<difficult>0</difficult>
		<bndbox>
			<xmin>532</xmin>
			<ymin>593</ymin>
			<xmax>633</xmax>
			<ymax>659</ymax>
		</bndbox>
	</object>
</annotation>