<annotation>
	<folder>my-project-name</folder>
	<filename>2743422574_front_fc588da677.jpg</filename>
	<path>/my-project-name/2743422574_front_fc588da677.jpg</path>
	<source>
		<database>Unspecified</database>
	</source>
	<size>
		<width>720</width>
		<height>758</height>
		<depth>3</depth>
	</size>
	<object>
		<name>Gucci</name>
		<pose>Unspecified</pose>
		<truncated>0</truncated>
		<difficult>0</difficult>
		<bndbox>
			<xmin>86</xmin>
			<ymin>313</ymin>
			<xmax>610</xmax>
			<ymax>665</ymax>
		</bndbox>
	</object>
	<object>
		<name>Gucci</name>
		<pose>Unspecified</pose>
		<truncated>0</truncated>
		<difficult>0</difficult>
		<bndbox>
			<xmin>293</xmin>
			<ymin>366</ymin>
			<xmax>425</xmax>
			<ymax>483</ymax>
		</bndbox>
	</object>
</annotation>