<annotation>
	<folder>my-project-name</folder>
	<filename>300976929_NI95841.jpg</filename>
	<path>/my-project-name/300976929_NI95841.jpg</path>
	<source>
		<database>Unspecified</database>
	</source>
	<size>
		<width>525</width>
		<height>700</height>
		<depth>3</depth>
	</size>

	<object>
		<name>Gucci</name>
		<pose>Unspecified</pose>
		<truncated>0</truncated>
		<difficult>0</difficult>
		<bndbox>
			<xmin>251</xmin>
			<ymin>338</ymin>
			<xmax>323</xmax>
			<ymax>585</ymax>
		</bndbox>
	</object>
	<object>
		<name>Gucci</name>
		<pose>Unspecified</pose>
		<truncated>0</truncated>
		<difficult>0</difficult>
		<bndbox>
			<xmin>14</xmin>
			<ymin>319</ymin>
			<xmax>357</xmax>
			<ymax>614</ymax>
		</bndbox>
	</object>
</annotation>