<annotation>
	<folder>my-project-name</folder>
	<filename>333703.022_1.jpg</filename>
	<path>/my-project-name/333703.022_1.jpg</path>
	<source>
		<database>Unspecified</database>
	</source>
	<size>
		<width>1125</width>
		<height>1500</height>
		<depth>3</depth>
	</size>
	<object>
		<name>Gucci</name>
		<pose>Unspecified</pose>
		<truncated>0</truncated>
		<difficult>0</difficult>
		<bndbox>
			<xmin>23</xmin>
			<ymin>503</ymin>
			<xmax>1103</xmax>
			<ymax>1327</ymax>
		</bndbox>
	</object>
	<object>
		<name>Gucci</name>
		<pose>Unspecified</pose>
		<truncated>0</truncated>
		<difficult>0</difficult>
		<bndbox>
			<xmin>471</xmin>
			<ymin>632</ymin>
			<xmax>728</xmax>
			<ymax>1250</ymax>
		</bndbox>
	</object>
	<object>
		<name>Gucci</name>
		<pose>Unspecified</pose>
		<truncated>0</truncated>
		<difficult>0</difficult>
		<bndbox>
			<xmin>732</xmin>
			<ymin>607</ymin>
			<xmax>1055</xmax>
			<ymax>1129</ymax>
		</bndbox>
	</object>
</annotation>