<annotation>
	<folder>my-project-name</folder>
	<filename>35-gu-27cm18cm9cm-12_28229.JPG.jpg</filename>
	<path>/my-project-name/35-gu-27cm18cm9cm-12_28229.JPG.jpg</path>
	<source>
		<database>Unspecified</database>
	</source>
	<size>
		<width>700</width>
		<height>700</height>
		<depth>3</depth>
	</size>
	<object>
		<name>Gucci</name>
		<pose>Unspecified</pose>
		<truncated>0</truncated>
		<difficult>0</difficult>
		<bndbox>
			<xmin>247</xmin>
			<ymin>388</ymin>
			<xmax>396</xmax>
			<ymax>534</ymax>
		</bndbox>
	</object>
	<object>
		<name>Gucci</name>
		<pose>Unspecified</pose>
		<truncated>0</truncated>
		<difficult>0</difficult>
		<bndbox>
			<xmin>288</xmin>
			<ymin>326</ymin>
			<xmax>441</xmax>
			<ymax>431</ymax>
		</bndbox>
	</object>
	<object>
		<name>Gucci</name>
		<pose>Unspecified</pose>
		<truncated>0</truncated>
		<difficult>0</difficult>
		<bndbox>
			<xmin>84</xmin>
			<ymin>268</ymin>
			<xmax>575</xmax>
			<ymax>697</ymax>
		</bndbox>
	</object>
</annotation>