<annotation>
	<folder>my-project-name</folder>
	<filename>400249_KHNRN_9769_001_073_0000_Light2.jpg</filename>
	<path>/my-project-name/400249_KHNRN_9769_001_073_0000_Light2.jpg</path>
	<source>
		<database>Unspecified</database>
	</source>
	<size>
		<width>235</width>
		<height>235</height>
		<depth>3</depth>
	</size>
	<object>
		<name>Gucci</name>
		<pose>Unspecified</pose>
		<truncated>0</truncated>
		<difficult>0</difficult>
		<bndbox>
			<xmin>111</xmin>
			<ymin>160</ymin>
			<xmax>157</xmax>
			<ymax>207</ymax>
		</bndbox>
	</object>
	<object>
		<name>Gucci</name>
		<pose>Unspecified</pose>
		<truncated>0</truncated>
		<difficult>0</difficult>
		<bndbox>
			<xmin>93</xmin>
			<ymin>141</ymin>
			<xmax>172</xmax>
			<ymax>165</ymax>
		</bndbox>
	</object>
	<object>
		<name>Gucci</name>
		<pose>Unspecified</pose>
		<truncated>0</truncated>
		<difficult>0</difficult>
		<bndbox>
			<xmin>52</xmin>
			<ymin>116</ymin>
			<xmax>206</xmax>
			<ymax>219</ymax>
		</bndbox>
	</object>
</annotation>