<annotation>
	<folder>my-project-name</folder>
	<filename>400249_KHNRN_8642_004_076_0000_Light2.jpg</filename>
	<path>/my-project-name/400249_KHNRN_8642_004_076_0000_Light2.jpg</path>
	<source>
		<database>Unspecified</database>
	</source>
	<size>
		<width>235</width>
		<height>235</height>
		<depth>3</depth>
	</size>
	<object>
		<name>Gucci</name>
		<pose>Unspecified</pose>
		<truncated>0</truncated>
		<difficult>0</difficult>
		<bndbox>
			<xmin>78</xmin>
			<ymin>119</ymin>
			<xmax>160</xmax>
			<ymax>223</ymax>
		</bndbox>
	</object>
	<object>
		<name>Gucci</name>
		<pose>Unspecified</pose>
		<truncated>0</truncated>
		<difficult>0</difficult>
		<bndbox>
			<xmin>131</xmin>
			<ymin>141</ymin>
			<xmax>152</xmax>
			<ymax>198</ymax>
		</bndbox>
	</object>
</annotation>