<annotation>
	<folder>my-project-name</folder>
	<filename>400249_UKMBN_2572_001_076_0000_Light2.jpg</filename>
	<path>/my-project-name/400249_UKMBN_2572_001_076_0000_Light2.jpg</path>
	<source>
		<database>Unspecified</database>
	</source>
	<size>
		<width>235</width>
		<height>235</height>
		<depth>3</depth>
	</size>
	<object>
		<name>Gucci</name>
		<pose>Unspecified</pose>
		<truncated>0</truncated>
		<difficult>0</difficult>
		<bndbox>
			<xmin>109</xmin>
			<ymin>157</ymin>
			<xmax>149</xmax>
			<ymax>209</ymax>
		</bndbox>
	</object>
	<object>
		<name>Gucci</name>
		<pose>Unspecified</pose>
		<truncated>0</truncated>
		<difficult>0</difficult>
		<bndbox>
			<xmin>108</xmin>
			<ymin>137</ymin>
			<xmax>149</xmax>
			<ymax>160</ymax>
		</bndbox>
	</object>
	<object>
		<name>Gucci</name>
		<pose>Unspecified</pose>
		<truncated>0</truncated>
		<difficult>0</difficult>
		<bndbox>
			<xmin>58</xmin>
			<ymin>123</ymin>
			<xmax>203</xmax>
			<ymax>223</ymax>
		</bndbox>
	</object>
</annotation>