<annotation>
	<folder>my-project-name</folder>
	<filename>400249_CAOGN_8176_006_074_0000_Light5.jpg</filename>
	<path>/my-project-name/400249_CAOGN_8176_006_074_0000_Light5.jpg</path>
	<source>
		<database>Unspecified</database>
	</source>
	<size>
		<width>540</width>
		<height>540</height>
		<depth>3</depth>
	</size>
	<object>
		<name>Gucci</name>
		<pose>Unspecified</pose>
		<truncated>0</truncated>
		<difficult>0</difficult>
		<bndbox>
			<xmin>204</xmin>
			<ymin>154</ymin>
			<xmax>355</xmax>
			<ymax>503</ymax>
		</bndbox>
	</object>
	<object>
		<name>Gucci</name>
		<pose>Unspecified</pose>
		<truncated>0</truncated>
		<difficult>0</difficult>
		<bndbox>
			<xmin>308</xmin>
			<ymin>286</ymin>
			<xmax>351</xmax>
			<ymax>379</ymax>
		</bndbox>
	</object>
</annotation>