<annotation>
	<folder>my-project-name</folder>
	<filename>400249_KHNRN_8642_002_076_0000_Light2.jpg</filename>
	<path>/my-project-name/400249_KHNRN_8642_002_076_0000_Light2.jpg</path>
	<source>
		<database>Unspecified</database>
	</source>
	<size>
		<width>235</width>
		<height>235</height>
		<depth>3</depth>
	</size>
	<object>
		<name>Gucci</name>
		<pose>Unspecified</pose>
		<truncated>0</truncated>
		<difficult>0</difficult>
		<bndbox>
			<xmin>63</xmin>
			<ymin>122</ymin>
			<xmax>178</xmax>
			<ymax>225</ymax>
		</bndbox>
	</object>
	<object>
		<name>Gucci</name>
		<pose>Unspecified</pose>
		<truncated>0</truncated>
		<difficult>0</difficult>
		<bndbox>
			<xmin>88</xmin>
			<ymin>158</ymin>
			<xmax>125</xmax>
			<ymax>202</ymax>
		</bndbox>
	</object>
</annotation>