<annotation>
	<folder>my-project-name</folder>
	<filename>400249_UKMBN_2572_006_100_0000_Light2.jpg</filename>
	<path>/my-project-name/400249_UKMBN_2572_006_100_0000_Light2.jpg</path>
	<source>
		<database>Unspecified</database>
	</source>
	<size>
		<width>235</width>
		<height>235</height>
		<depth>3</depth>
	</size>
	<object>
		<name>Gucci</name>
		<pose>Unspecified</pose>
		<truncated>0</truncated>
		<difficult>0</difficult>
		<bndbox>
			<xmin>111</xmin>
			<ymin>151</ymin>
			<xmax>138</xmax>
			<ymax>180</ymax>
		</bndbox>
	</object>
	<object>
		<name>Gucci</name>
		<pose>Unspecified</pose>
		<truncated>0</truncated>
		<difficult>0</difficult>
		<bndbox>
			<xmin>47</xmin>
			<ymin>79</ymin>
			<xmax>173</xmax>
			<ymax>202</ymax>
		</bndbox>
	</object>
	<object>
		<name>Gucci</name>
		<pose>Unspecified</pose>
		<truncated>0</truncated>
		<difficult>0</difficult>
		<bndbox>
			<xmin>85</xmin>
			<ymin>127</ymin>
			<xmax>114</xmax>
			<ymax>176</ymax>
		</bndbox>
	</object>
</annotation>