<annotation>
	<folder>my-project-name</folder>
	<filename>400249_KHNRN_8642_006_076_0000_Light4.jpg</filename>
	<path>/my-project-name/400249_KHNRN_8642_006_076_0000_Light4.jpg</path>
	<source>
		<database>Unspecified</database>
	</source>
	<size>
		<width>470</width>
		<height>470</height>
		<depth>3</depth>
	</size>
	<object>
		<name>Gucci</name>
		<pose>Unspecified</pose>
		<truncated>0</truncated>
		<difficult>0</difficult>
		<bndbox>
			<xmin>159</xmin>
			<ymin>100</ymin>
			<xmax>327</xmax>
			<ymax>441</ymax>
		</bndbox>
	</object>
	<object>
		<name>Gucci</name>
		<pose>Unspecified</pose>
		<truncated>0</truncated>
		<difficult>0</difficult>
		<bndbox>
			<xmin>288</xmin>
			<ymin>229</ymin>
			<xmax>327</xmax>
			<ymax>314</ymax>
		</bndbox>
	</object>
	<object>
		<name>Gucci</name>
		<pose>Unspecified</pose>
		<truncated>0</truncated>
		<difficult>0</difficult>
		<bndbox>
			<xmin>242</xmin>
			<ymin>160</ymin>
			<xmax>290</xmax>
			<ymax>412</ymax>
		</bndbox>
	</object>
</annotation>