<annotation>
	<folder>my-project-name</folder>
	<filename>400249_KHNRN_9769_005_100_0000_Light2.jpg</filename>
	<path>/my-project-name/400249_KHNRN_9769_005_100_0000_Light2.jpg</path>
	<source>
		<database>Unspecified</database>
	</source>
	<size>
		<width>632</width>
		<height>790</height>
		<depth>3</depth>
	</size>

	<object>
		<name>Gucci</name>
		<pose>Unspecified</pose>
		<truncated>0</truncated>
		<difficult>0</difficult>
		<bndbox>
			<xmin>258</xmin>
			<ymin>294</ymin>
			<xmax>291</xmax>
			<ymax>345</ymax>
		</bndbox>
	</object>
	<object>
		<name>Gucci</name>
		<pose>Unspecified</pose>
		<truncated>0</truncated>
		<difficult>0</difficult>
		<bndbox>
			<xmin>192</xmin>
			<ymin>277</ymin>
			<xmax>370</xmax>
			<ymax>385</ymax>
		</bndbox>
	</object>
</annotation>