<annotation>
	<folder>my-project-name</folder>
	<filename>400249_UKMLN_2572_001_076_0000_Light5.jpg</filename>
	<path>/my-project-name/400249_UKMLN_2572_001_076_0000_Light5.jpg</path>
	<source>
		<database>Unspecified</database>
	</source>
	<size>
		<width>540</width>
		<height>540</height>
		<depth>3</depth>
	</size>
	<object>
		<name>Gucci</name>
		<pose>Unspecified</pose>
		<truncated>0</truncated>
		<difficult>0</difficult>
		<bndbox>
			<xmin>244</xmin>
			<ymin>316</ymin>
			<xmax>324</xmax>
			<ymax>376</ymax>
		</bndbox>
	</object>
	<object>
		<name>Gucci</name>
		<pose>Unspecified</pose>
		<truncated>0</truncated>
		<difficult>0</difficult>
		<bndbox>
			<xmin>179</xmin>
			<ymin>404</ymin>
			<xmax>249</xmax>
			<ymax>459</ymax>
		</bndbox>
	</object>
	<object>
		<name>Gucci</name>
		<pose>Unspecified</pose>
		<truncated>0</truncated>
		<difficult>0</difficult>
		<bndbox>
			<xmin>89</xmin>
			<ymin>274</ymin>
			<xmax>466</xmax>
			<ymax>527</ymax>
		</bndbox>
	</object>
</annotation>