<annotation>
	<folder>my-project-name</folder>
	<filename>400249_UKMBN_2572_002_076_0000_Light4.jpg</filename>
	<path>/my-project-name/400249_UKMBN_2572_002_076_0000_Light4.jpg</path>
	<source>
		<database>Unspecified</database>
	</source>
	<size>
		<width>470</width>
		<height>470</height>
		<depth>3</depth>
	</size>
	<object>
		<name>Gucci</name>
		<pose>Unspecified</pose>
		<truncated>0</truncated>
		<difficult>0</difficult>
		<bndbox>
			<xmin>180</xmin>
			<ymin>266</ymin>
			<xmax>221</xmax>
			<ymax>297</ymax>
		</bndbox>
	</object>
	<object>
		<name>Gucci</name>
		<pose>Unspecified</pose>
		<truncated>0</truncated>
		<difficult>0</difficult>
		<bndbox>
			<xmin>144</xmin>
			<ymin>303</ymin>
			<xmax>210</xmax>
			<ymax>403</ymax>
		</bndbox>
	</object>
	<object>
		<name>Gucci</name>
		<pose>Unspecified</pose>
		<truncated>0</truncated>
		<difficult>0</difficult>
		<bndbox>
			<xmin>134</xmin>
			<ymin>234</ymin>
			<xmax>358</xmax>
			<ymax>435</ymax>
		</bndbox>
	</object>
</annotation>