<annotation>
	<folder>my-project-name</folder>
	<filename>400249_KHNRN_9769_002_073_0000_Light5.jpg</filename>
	<path>/my-project-name/400249_KHNRN_9769_002_073_0000_Light5.jpg</path>
	<source>
		<database>Unspecified</database>
	</source>
	<size>
		<width>540</width>
		<height>540</height>
		<depth>3</depth>
	</size>
	<object>
		<name>Gucci</name>
		<pose>Unspecified</pose>
		<truncated>0</truncated>
		<difficult>0</difficult>
		<bndbox>
			<xmin>196</xmin>
			<ymin>324</ymin>
			<xmax>318</xmax>
			<ymax>364</ymax>
		</bndbox>
	</object>
	<object>
		<name>Gucci</name>
		<pose>Unspecified</pose>
		<truncated>0</truncated>
		<difficult>0</difficult>
		<bndbox>
			<xmin>206</xmin>
			<ymin>359</ymin>
			<xmax>263</xmax>
			<ymax>465</ymax>
		</bndbox>
	</object>
	<object>
		<name>Gucci</name>
		<pose>Unspecified</pose>
		<truncated>0</truncated>
		<difficult>0</difficult>
		<bndbox>
			<xmin>159</xmin>
			<ymin>244</ymin>
			<xmax>405</xmax>
			<ymax>504</ymax>
		</bndbox>
	</object>
</annotation>