<annotation>
	<folder>my-project-name</folder>
	<filename>400249_CAOGN_8176_001_074_0000_Light.jpg</filename>
	<path>/my-project-name/400249_CAOGN_8176_001_074_0000_Light.jpg</path>
	<source>
		<database>Unspecified</database>
	</source>
	<size>
		<width>158</width>
		<height>158</height>
		<depth>3</depth>
	</size>
	<object>
		<name>Gucci</name>
		<pose>Unspecified</pose>
		<truncated>0</truncated>
		<difficult>0</difficult>
		<bndbox>
			<xmin>72</xmin>
			<ymin>106</ymin>
			<xmax>105</xmax>
			<ymax>142</ymax>
		</bndbox>
	</object>
	<object>
		<name>Gucci</name>
		<pose>Unspecified</pose>
		<truncated>0</truncated>
		<difficult>0</difficult>
		<bndbox>
			<xmin>35</xmin>
			<ymin>80</ymin>
			<xmax>137</xmax>
			<ymax>150</ymax>
		</bndbox>
	</object>
</annotation>