<annotation>
	<folder>my-project-name</folder>
	<filename>400249_KHNRN_8698_001_075_0000_Light5.jpg</filename>
	<path>/my-project-name/400249_KHNRN_8698_001_075_0000_Light5.jpg</path>
	<source>
		<database>Unspecified</database>
	</source>
	<size>
		<width>540</width>
		<height>540</height>
		<depth>3</depth>
	</size>
	<object>
		<name>Gucci</name>
		<pose>Unspecified</pose>
		<truncated>0</truncated>
		<difficult>0</difficult>
		<bndbox>
			<xmin>128</xmin>
			<ymin>263</ymin>
			<xmax>482</xmax>
			<ymax>519</ymax>
		</bndbox>
	</object>
	<object>
		<name>Gucci</name>
		<pose>Unspecified</pose>
		<truncated>0</truncated>
		<difficult>0</difficult>
		<bndbox>
			<xmin>271</xmin>
			<ymin>379</ymin>
			<xmax>364</xmax>
			<ymax>475</ymax>
		</bndbox>
	</object>
	<object>
		<name>Gucci</name>
		<pose>Unspecified</pose>
		<truncated>0</truncated>
		<difficult>0</difficult>
		<bndbox>
			<xmin>183</xmin>
			<ymin>311</ymin>
			<xmax>420</xmax>
			<ymax>368</ymax>
		</bndbox>
	</object>
</annotation>