<annotation>
	<folder>my-project-name</folder>
	<filename>400249_UKMLN_2572_002_076_0000_Light5.jpg</filename>
	<path>/my-project-name/400249_UKMLN_2572_002_076_0000_Light5.jpg</path>
	<source>
		<database>Unspecified</database>
	</source>
	<size>
		<width>540</width>
		<height>540</height>
		<depth>3</depth>
	</size>
	<object>
		<name>Gucci</name>
		<pose>Unspecified</pose>
		<truncated>0</truncated>
		<difficult>0</difficult>
		<bndbox>
			<xmin>197</xmin>
			<ymin>356</ymin>
			<xmax>254</xmax>
			<ymax>459</ymax>
		</bndbox>
	</object>
	<object>
		<name>Gucci</name>
		<pose>Unspecified</pose>
		<truncated>0</truncated>
		<difficult>0</difficult>
		<bndbox>
			<xmin>213</xmin>
			<ymin>311</ymin>
			<xmax>255</xmax>
			<ymax>361</ymax>
		</bndbox>
	</object>
	<object>
		<name>Gucci</name>
		<pose>Unspecified</pose>
		<truncated>0</truncated>
		<difficult>0</difficult>
		<bndbox>
			<xmin>139</xmin>
			<ymin>289</ymin>
			<xmax>398</xmax>
			<ymax>502</ymax>
		</bndbox>
	</object>
</annotation>