<annotation>
	<folder>my-project-name</folder>
	<filename>400249_CAOGN_8176_003_100_0000_Light5.jpg</filename>
	<path>/my-project-name/400249_CAOGN_8176_003_100_0000_Light5.jpg</path>
	<source>
		<database>Unspecified</database>
	</source>
	<size>
		<width>540</width>
		<height>540</height>
		<depth>3</depth>
	</size>

	<object>
		<name>Gucci</name>
		<pose>Unspecified</pose>
		<truncated>0</truncated>
		<difficult>0</difficult>
		<bndbox>
			<xmin>224</xmin>
			<ymin>311</ymin>
			<xmax>263</xmax>
			<ymax>356</ymax>
		</bndbox>
	</object>
	<object>
		<name>Gucci</name>
		<pose>Unspecified</pose>
		<truncated>0</truncated>
		<difficult>0</difficult>
		<bndbox>
			<xmin>160</xmin>
			<ymin>289</ymin>
			<xmax>340</xmax>
			<ymax>386</ymax>
		</bndbox>
	</object>
</annotation>