<annotation>
	<folder>my-project-name</folder>
	<filename>400249_CAOGX_8990_002_073_0000_Light5.jpg</filename>
	<path>/my-project-name/400249_CAOGX_8990_002_073_0000_Light5.jpg</path>
	<source>
		<database>Unspecified</database>
	</source>
	<size>
		<width>540</width>
		<height>540</height>
		<depth>3</depth>
	</size>
	<object>
		<name>Gucci</name>
		<pose>Unspecified</pose>
		<truncated>0</truncated>
		<difficult>0</difficult>
		<bndbox>
			<xmin>171</xmin>
			<ymin>301</ymin>
			<xmax>384</xmax>
			<ymax>499</ymax>
		</bndbox>
	</object>
	<object>
		<name>Gucci</name>
		<pose>Unspecified</pose>
		<truncated>0</truncated>
		<difficult>0</difficult>
		<bndbox>
			<xmin>183</xmin>
			<ymin>377</ymin>
			<xmax>274</xmax>
			<ymax>466</ymax>
		</bndbox>
	</object>
</annotation>