<annotation>
	<folder>my-project-name</folder>
	<filename>400249_KHNRN_9769_003_073_0000_Light2.jpg</filename>
	<path>/my-project-name/400249_KHNRN_9769_003_073_0000_Light2.jpg</path>
	<source>
		<database>Unspecified</database>
	</source>
	<size>
		<width>235</width>
		<height>235</height>
		<depth>3</depth>
	</size>
	<object>
		<name>Gucci</name>
		<pose>Unspecified</pose>
		<truncated>0</truncated>
		<difficult>0</difficult>
		<bndbox>
			<xmin>69</xmin>
			<ymin>147</ymin>
			<xmax>165</xmax>
			<ymax>223</ymax>
		</bndbox>
	</object>
	<object>
		<name>Gucci</name>
		<pose>Unspecified</pose>
		<truncated>0</truncated>
		<difficult>0</difficult>
		<bndbox>
			<xmin>44</xmin>
			<ymin>130</ymin>
			<xmax>181</xmax>
			<ymax>235</ymax>
		</bndbox>
	</object>
</annotation>