<annotation>
	<folder>my-project-name</folder>
	<filename>400249_CAOGN_8176_001_074_0000_Light2.jpg</filename>
	<path>/my-project-name/400249_CAOGN_8176_001_074_0000_Light2.jpg</path>
	<source>
		<database>Unspecified</database>
	</source>
	<size>
		<width>235</width>
		<height>235</height>
		<depth>3</depth>
	</size>
	<object>
		<name>Gucci</name>
		<pose>Unspecified</pose>
		<truncated>0</truncated>
		<difficult>0</difficult>
		<bndbox>
			<xmin>94</xmin>
			<ymin>149</ymin>
			<xmax>159</xmax>
			<ymax>209</ymax>
		</bndbox>
	</object>
	<object>
		<name>Gucci</name>
		<pose>Unspecified</pose>
		<truncated>0</truncated>
		<difficult>0</difficult>
		<bndbox>
			<xmin>52</xmin>
			<ymin>111</ymin>
			<xmax>201</xmax>
			<ymax>228</ymax>
		</bndbox>
	</object>
</annotation>