<annotation>
	<folder>my-project-name</folder>
	<filename>400249_CAOGX_8990_004_073_0000_Light5.jpg</filename>
	<path>/my-project-name/400249_CAOGX_8990_004_073_0000_Light5.jpg</path>
	<source>
		<database>Unspecified</database>
	</source>
	<size>
		<width>540</width>
		<height>540</height>
		<depth>3</depth>
	</size>
	<object>
		<name>Gucci</name>
		<pose>Unspecified</pose>
		<truncated>0</truncated>
		<difficult>0</difficult>
		<bndbox>
			<xmin>181</xmin>
			<ymin>253</ymin>
			<xmax>353</xmax>
			<ymax>504</ymax>
		</bndbox>
	</object>
	<object>
		<name>Gucci</name>
		<pose>Unspecified</pose>
		<truncated>0</truncated>
		<difficult>0</difficult>
		<bndbox>
			<xmin>300</xmin>
			<ymin>341</ymin>
			<xmax>344</xmax>
			<ymax>459</ymax>
		</bndbox>
	</object>
</annotation>