<annotation>
	<folder>my-project-name</folder>
	<filename>400249_FAARG_9752_003_100_0000_Light2.jpg</filename>
	<path>/my-project-name/400249_FAARG_9752_003_100_0000_Light2.jpg</path>
	<source>
		<database>Unspecified</database>
	</source>
	<size>
		<width>235</width>
		<height>235</height>
		<depth>3</depth>
	</size>

	<object>
		<name>Gucci</name>
		<pose>Unspecified</pose>
		<truncated>0</truncated>
		<difficult>0</difficult>
		<bndbox>
			<xmin>84</xmin>
			<ymin>113</ymin>
			<xmax>101</xmax>
			<ymax>131</ymax>
		</bndbox>
	</object>
	<object>
		<name>Gucci</name>
		<pose>Unspecified</pose>
		<truncated>0</truncated>
		<difficult>0</difficult>
		<bndbox>
			<xmin>70</xmin>
			<ymin>88</ymin>
			<xmax>116</xmax>
			<ymax>151</ymax>
		</bndbox>
	</object>
</annotation>