<annotation>
	<folder>my-project-name</folder>
	<filename>400249_0K7JN_9680_002_076_0000_Light5.jpg</filename>
	<path>/my-project-name/400249_0K7JN_9680_002_076_0000_Light5.jpg</path>
	<source>
		<database>Unspecified</database>
	</source>
	<size>
		<width>540</width>
		<height>540</height>
		<depth>3</depth>
	</size>
	<object>
		<name>Gucci</name>
		<pose>Unspecified</pose>
		<truncated>0</truncated>
		<difficult>0</difficult>
		<bndbox>
			<xmin>173</xmin>
			<ymin>341</ymin>
			<xmax>254</xmax>
			<ymax>473</ymax>
		</bndbox>
	</object>
	<object>
		<name>Gucci</name>
		<pose>Unspecified</pose>
		<truncated>0</truncated>
		<difficult>0</difficult>
		<bndbox>
			<xmin>131</xmin>
			<ymin>257</ymin>
			<xmax>386</xmax>
			<ymax>498</ymax>
		</bndbox>
	</object>
</annotation>