<annotation>
	<folder>my-project-name</folder>
	<filename>400249_KHNRN_8698_002_075_0000_Light5.jpg</filename>
	<path>/my-project-name/400249_KHNRN_8698_002_075_0000_Light5.jpg</path>
	<source>
		<database>Unspecified</database>
	</source>
	<size>
		<width>540</width>
		<height>540</height>
		<depth>3</depth>
	</size>
	<object>
		<name>Gucci</name>
		<pose>Unspecified</pose>
		<truncated>0</truncated>
		<difficult>0</difficult>
		<bndbox>
			<xmin>205</xmin>
			<ymin>361</ymin>
			<xmax>274</xmax>
			<ymax>462</ymax>
		</bndbox>
	</object>
	<object>
		<name>Gucci</name>
		<pose>Unspecified</pose>
		<truncated>0</truncated>
		<difficult>0</difficult>
		<bndbox>
			<xmin>188</xmin>
			<ymin>298</ymin>
			<xmax>303</xmax>
			<ymax>361</ymax>
		</bndbox>
	</object>
	<object>
		<name>Gucci</name>
		<pose>Unspecified</pose>
		<truncated>0</truncated>
		<difficult>0</difficult>
		<bndbox>
			<xmin>168</xmin>
			<ymin>259</ymin>
			<xmax>418</xmax>
			<ymax>507</ymax>
		</bndbox>
	</object>
</annotation>