<annotation>
	<folder>my-project-name</folder>
	<filename>400249_UKMLN_2572_006_100_0000_Light5.jpg</filename>
	<path>/my-project-name/400249_UKMLN_2572_006_100_0000_Light5.jpg</path>
	<source>
		<database>Unspecified</database>
	</source>
	<size>
		<width>540</width>
		<height>540</height>
		<depth>3</depth>
	</size>
	<object>
		<name>Gucci</name>
		<pose>Unspecified</pose>
		<truncated>0</truncated>
		<difficult>0</difficult>
		<bndbox>
			<xmin>123</xmin>
			<ymin>248</ymin>
			<xmax>455</xmax>
			<ymax>502</ymax>
		</bndbox>
	</object>
	<object>
		<name>Gucci</name>
		<pose>Unspecified</pose>
		<truncated>0</truncated>
		<difficult>0</difficult>
		<bndbox>
			<xmin>225</xmin>
			<ymin>369</ymin>
			<xmax>286</xmax>
			<ymax>433</ymax>
		</bndbox>
	</object>
	<object>
		<name>Gucci</name>
		<pose>Unspecified</pose>
		<truncated>0</truncated>
		<difficult>0</difficult>
		<bndbox>
			<xmin>241</xmin>
			<ymin>283</ymin>
			<xmax>319</xmax>
			<ymax>334</ymax>
		</bndbox>
	</object>
	<object>
		<name>Gucci</name>
		<pose>Unspecified</pose>
		<truncated>0</truncated>
		<difficult>0</difficult>
		<bndbox>
			<xmin>271</xmin>
			<ymin>336</ymin>
			<xmax>345</xmax>
			<ymax>434</ymax>
		</bndbox>
	</object>
</annotation>