<annotation>
	<folder>my-project-name</folder>
	<filename>400249_KHNRN_9769_004_073_0000_Light5.jpg</filename>
	<path>/my-project-name/400249_KHNRN_9769_004_073_0000_Light5.jpg</path>
	<source>
		<database>Unspecified</database>
	</source>
	<size>
		<width>540</width>
		<height>540</height>
		<depth>3</depth>
	</size>
	<object>
		<name>Gucci</name>
		<pose>Unspecified</pose>
		<truncated>0</truncated>
		<difficult>0</difficult>
		<bndbox>
			<xmin>192</xmin>
			<ymin>281</ymin>
			<xmax>364</xmax>
			<ymax>511</ymax>
		</bndbox>
	</object>
	<object>
		<name>Gucci</name>
		<pose>Unspecified</pose>
		<truncated>0</truncated>
		<difficult>0</difficult>
		<bndbox>
			<xmin>308</xmin>
			<ymin>349</ymin>
			<xmax>363</xmax>
			<ymax>467</ymax>
		</bndbox>
	</object>
</annotation>