<annotation>
	<folder>my-project-name</folder>
	<filename>400249_CAOGX_8990_001_073_0000_Light2.jpg</filename>
	<path>/my-project-name/400249_CAOGX_8990_001_073_0000_Light2.jpg</path>
	<source>
		<database>Unspecified</database>
	</source>
	<size>
		<width>235</width>
		<height>235</height>
		<depth>3</depth>
	</size>
	<object>
		<name>Gucci</name>
		<pose>Unspecified</pose>
		<truncated>0</truncated>
		<difficult>0</difficult>
		<bndbox>
			<xmin>58</xmin>
			<ymin>123</ymin>
			<xmax>212</xmax>
			<ymax>225</ymax>
		</bndbox>
	</object>
	<object>
		<name>Gucci</name>
		<pose>Unspecified</pose>
		<truncated>0</truncated>
		<difficult>0</difficult>
		<bndbox>
			<xmin>109</xmin>
			<ymin>155</ymin>
			<xmax>158</xmax>
			<ymax>211</ymax>
		</bndbox>
	</object>
</annotation>