<annotation>
	<folder>my-project-name</folder>
	<filename>400249_0K7JN_9680_001_076_0000_Light4.jpg</filename>
	<path>/my-project-name/400249_0K7JN_9680_001_076_0000_Light4.jpg</path>
	<source>
		<database>Unspecified</database>
	</source>
	<size>
		<width>470</width>
		<height>470</height>
		<depth>3</depth>
	</size>
	<object>
		<name>Gucci</name>
		<pose>Unspecified</pose>
		<truncated>0</truncated>
		<difficult>0</difficult>
		<bndbox>
			<xmin>221</xmin>
			<ymin>313</ymin>
			<xmax>302</xmax>
			<ymax>422</ymax>
		</bndbox>
	</object>
	<object>
		<name>Gucci</name>
		<pose>Unspecified</pose>
		<truncated>0</truncated>
		<difficult>0</difficult>
		<bndbox>
			<xmin>100</xmin>
			<ymin>244</ymin>
			<xmax>408</xmax>
			<ymax>456</ymax>
		</bndbox>
	</object>
</annotation>