<annotation>
	<folder>my-project-name</folder>
	<filename>400249_UKMLN_2572_009_076_0000_Light5.jpg</filename>
	<path>/my-project-name/400249_UKMLN_2572_009_076_0000_Light5.jpg</path>
	<source>
		<database>Unspecified</database>
	</source>
	<size>
		<width>540</width>
		<height>540</height>
		<depth>3</depth>
	</size>
	<object>
		<name>Gucci</name>
		<pose>Unspecified</pose>
		<truncated>0</truncated>
		<difficult>0</difficult>
		<bndbox>
			<xmin>213</xmin>
			<ymin>318</ymin>
			<xmax>296</xmax>
			<ymax>388</ymax>
		</bndbox>
	</object>
	<object>
		<name>Gucci</name>
		<pose>Unspecified</pose>
		<truncated>0</truncated>
		<difficult>0</difficult>
		<bndbox>
			<xmin>281</xmin>
			<ymin>368</ymin>
			<xmax>349</xmax>
			<ymax>443</ymax>
		</bndbox>
	</object>
	<object>
		<name>Gucci</name>
		<pose>Unspecified</pose>
		<truncated>0</truncated>
		<difficult>0</difficult>
		<bndbox>
			<xmin>155</xmin>
			<ymin>367</ymin>
			<xmax>224</xmax>
			<ymax>442</ymax>
		</bndbox>
	</object>
	<object>
		<name>Gucci</name>
		<pose>Unspecified</pose>
		<truncated>0</truncated>
		<difficult>0</difficult>
		<bndbox>
			<xmin>77</xmin>
			<ymin>261</ymin>
			<xmax>435</xmax>
			<ymax>510</ymax>
		</bndbox>
	</object>
</annotation>