<annotation>
	<folder>my-project-name</folder>
	<filename>400249_UKMBN_2572_009_076_0000_Light5.jpg</filename>
	<path>/my-project-name/400249_UKMBN_2572_009_076_0000_Light5.jpg</path>
	<source>
		<database>Unspecified</database>
	</source>
	<size>
		<width>540</width>
		<height>540</height>
		<depth>3</depth>
	</size>
	<object>
		<name>Gucci</name>
		<pose>Unspecified</pose>
		<truncated>0</truncated>
		<difficult>0</difficult>
		<bndbox>
			<xmin>167</xmin>
			<ymin>302</ymin>
			<xmax>289</xmax>
			<ymax>379</ymax>
		</bndbox>
	</object>
	<object>
		<name>Gucci</name>
		<pose>Unspecified</pose>
		<truncated>0</truncated>
		<difficult>0</difficult>
		<bndbox>
			<xmin>86</xmin>
			<ymin>271</ymin>
			<xmax>414</xmax>
			<ymax>504</ymax>
		</bndbox>
	</object>
	<object>
		<name>Gucci</name>
		<pose>Unspecified</pose>
		<truncated>0</truncated>
		<difficult>0</difficult>
		<bndbox>
			<xmin>269</xmin>
			<ymin>371</ymin>
			<xmax>344</xmax>
			<ymax>439</ymax>
		</bndbox>
	</object>
	<object>
		<name>Gucci</name>
		<pose>Unspecified</pose>
		<truncated>0</truncated>
		<difficult>0</difficult>
		<bndbox>
			<xmin>134</xmin>
			<ymin>376</ymin>
			<xmax>216</xmax>
			<ymax>431</ymax>
		</bndbox>
	</object>
</annotation>