<annotation>
	<folder>my-project-name</folder>
	<filename>400249_CAOGN_8176_002_074_0000_Light2.jpg</filename>
	<path>/my-project-name/400249_CAOGN_8176_002_074_0000_Light2.jpg</path>
	<source>
		<database>Unspecified</database>
	</source>
	<size>
		<width>235</width>
		<height>235</height>
		<depth>3</depth>
	</size>
	<object>
		<name>Gucci</name>
		<pose>Unspecified</pose>
		<truncated>0</truncated>
		<difficult>0</difficult>
		<bndbox>
			<xmin>74</xmin>
			<ymin>127</ymin>
			<xmax>167</xmax>
			<ymax>217</ymax>
		</bndbox>
	</object>
	<object>
		<name>Gucci</name>
		<pose>Unspecified</pose>
		<truncated>0</truncated>
		<difficult>0</difficult>
		<bndbox>
			<xmin>85</xmin>
			<ymin>152</ymin>
			<xmax>119</xmax>
			<ymax>200</ymax>
		</bndbox>
	</object>
</annotation>