<annotation>
	<folder>my-project-name</folder>
	<filename>400249_KHNRN_8642_003_076_0000_Light5.jpg</filename>
	<path>/my-project-name/400249_KHNRN_8642_003_076_0000_Light5.jpg</path>
	<source>
		<database>Unspecified</database>
	</source>
	<size>
		<width>540</width>
		<height>540</height>
		<depth>3</depth>
	</size>
	<object>
		<name>Gucci</name>
		<pose>Unspecified</pose>
		<truncated>0</truncated>
		<difficult>0</difficult>
		<bndbox>
			<xmin>79</xmin>
			<ymin>289</ymin>
			<xmax>426</xmax>
			<ymax>532</ymax>
		</bndbox>
	</object>
	<object>
		<name>Gucci</name>
		<pose>Unspecified</pose>
		<truncated>0</truncated>
		<difficult>0</difficult>
		<bndbox>
			<xmin>176</xmin>
			<ymin>343</ymin>
			<xmax>385</xmax>
			<ymax>484</ymax>
		</bndbox>
	</object>
</annotation>