<annotation>
	<folder>my-project-name</folder>
	<filename>400249_EY0RK_9978_003_100_0000_Light5.jpg</filename>
	<path>/my-project-name/400249_EY0RK_9978_003_100_0000_Light5.jpg</path>
	<source>
		<database>Unspecified</database>
	</source>
	<size>
		<width>540</width>
		<height>540</height>
		<depth>3</depth>
	</size>

	<object>
		<name>Gucci</name>
		<pose>Unspecified</pose>
		<truncated>0</truncated>
		<difficult>0</difficult>
		<bndbox>
			<xmin>154</xmin>
			<ymin>237</ymin>
			<xmax>269</xmax>
			<ymax>405</ymax>
		</bndbox>
	</object>
	<object>
		<name>Gucci</name>
		<pose>Unspecified</pose>
		<truncated>0</truncated>
		<difficult>0</difficult>
		<bndbox>
			<xmin>180</xmin>
			<ymin>296</ymin>
			<xmax>222</xmax>
			<ymax>344</ymax>
		</bndbox>
	</object>
</annotation>