<annotation>
	<folder>my-project-name</folder>
	<filename>400249_FAARG_9752_001_076_0000_Light2.jpg</filename>
	<path>/my-project-name/400249_FAARG_9752_001_076_0000_Light2.jpg</path>
	<source>
		<database>Unspecified</database>
	</source>
	<size>
		<width>235</width>
		<height>235</height>
		<depth>3</depth>
	</size>
	<object>
		<name>Gucci</name>
		<pose>Unspecified</pose>
		<truncated>0</truncated>
		<difficult>0</difficult>
		<bndbox>
			<xmin>111</xmin>
			<ymin>160</ymin>
			<xmax>155</xmax>
			<ymax>213</ymax>
		</bndbox>
	</object>
	<object>
		<name>Gucci</name>
		<pose>Unspecified</pose>
		<truncated>0</truncated>
		<difficult>0</difficult>
		<bndbox>
			<xmin>147</xmin>
			<ymin>139</ymin>
			<xmax>174</xmax>
			<ymax>209</ymax>
		</bndbox>
	</object>
	<object>
		<name>Gucci</name>
		<pose>Unspecified</pose>
		<truncated>0</truncated>
		<difficult>0</difficult>
		<bndbox>
			<xmin>55</xmin>
			<ymin>116</ymin>
			<xmax>214</xmax>
			<ymax>222</ymax>
		</bndbox>
	</object>
</annotation>