<annotation>
	<folder>my-project-name</folder>
	<filename>400249_CAOGX_8990_005_100_0000_Light.jpg</filename>
	<path>/my-project-name/400249_CAOGX_8990_005_100_0000_Light.jpg</path>
	<source>
		<database>Unspecified</database>
	</source>
	<size>
		<width>316</width>
		<height>395</height>
		<depth>3</depth>
	</size>

	<object>
		<name>Gucci</name>
		<pose>Unspecified</pose>
		<truncated>0</truncated>
		<difficult>0</difficult>
		<bndbox>
			<xmin>137</xmin>
			<ymin>122</ymin>
			<xmax>208</xmax>
			<ymax>187</ymax>
		</bndbox>
	</object>
	<object>
		<name>Gucci</name>
		<pose>Unspecified</pose>
		<truncated>0</truncated>
		<difficult>0</difficult>
		<bndbox>
			<xmin>172</xmin>
			<ymin>150</ymin>
			<xmax>190</xmax>
			<ymax>174</ymax>
		</bndbox>
	</object>
</annotation>