<annotation>
	<folder>my-project-name</folder>
	<filename>400249_KHNRN_8698_003_075_0000_Light2.jpg</filename>
	<path>/my-project-name/400249_KHNRN_8698_003_075_0000_Light2.jpg</path>
	<source>
		<database>Unspecified</database>
	</source>
	<size>
		<width>235</width>
		<height>235</height>
		<depth>3</depth>
	</size>
	<object>
		<name>Gucci</name>
		<pose>Unspecified</pose>
		<truncated>0</truncated>
		<difficult>0</difficult>
		<bndbox>
			<xmin>50</xmin>
			<ymin>138</ymin>
			<xmax>153</xmax>
			<ymax>209</ymax>
		</bndbox>
	</object>
	<object>
		<name>Gucci</name>
		<pose>Unspecified</pose>
		<truncated>0</truncated>
		<difficult>0</difficult>
		<bndbox>
			<xmin>20</xmin>
			<ymin>108</ymin>
			<xmax>185</xmax>
			<ymax>226</ymax>
		</bndbox>
	</object>
</annotation>