<annotation>
	<folder>my-project-name</folder>
	<filename>400249_FAARG_9752_010_076_0000_Light2.jpg</filename>
	<path>/my-project-name/400249_FAARG_9752_010_076_0000_Light2.jpg</path>
	<source>
		<database>Unspecified</database>
	</source>
	<size>
		<width>235</width>
		<height>235</height>
		<depth>3</depth>
	</size>
	<object>
		<name>Gucci</name>
		<pose>Unspecified</pose>
		<truncated>0</truncated>
		<difficult>0</difficult>
		<bndbox>
			<xmin>95</xmin>
			<ymin>113</ymin>
			<xmax>161</xmax>
			<ymax>218</ymax>
		</bndbox>
	</object>
	<object>
		<name>Gucci</name>
		<pose>Unspecified</pose>
		<truncated>0</truncated>
		<difficult>0</difficult>
		<bndbox>
			<xmin>138</xmin>
			<ymin>146</ymin>
			<xmax>156</xmax>
			<ymax>200</ymax>
		</bndbox>
	</object>
</annotation>