<annotation>
	<folder>my-project-name</folder>
	<filename>400249_0K7JN_9680_005_100_0000_Light.jpg</filename>
	<path>/my-project-name/400249_0K7JN_9680_005_100_0000_Light.jpg</path>
	<source>
		<database>Unspecified</database>
	</source>
	<size>
		<width>316</width>
		<height>395</height>
		<depth>3</depth>
	</size>

	<object>
		<name>Gucci</name>
		<pose>Unspecified</pose>
		<truncated>0</truncated>
		<difficult>0</difficult>
		<bndbox>
			<xmin>110</xmin>
			<ymin>149</ymin>
			<xmax>177</xmax>
			<ymax>198</ymax>
		</bndbox>
	</object>
	<object>
		<name>Gucci</name>
		<pose>Unspecified</pose>
		<truncated>0</truncated>
		<difficult>0</difficult>
		<bndbox>
			<xmin>120</xmin>
			<ymin>163</ymin>
			<xmax>137</xmax>
			<ymax>184</ymax>
		</bndbox>
	</object>
</annotation>