<annotation>
	<folder>my-project-name</folder>
	<filename>400249_CAOGN_8176_004_074_0000_Light2.jpg</filename>
	<path>/my-project-name/400249_CAOGN_8176_004_074_0000_Light2.jpg</path>
	<source>
		<database>Unspecified</database>
	</source>
	<size>
		<width>235</width>
		<height>235</height>
		<depth>3</depth>
	</size>
	<object>
		<name>Gucci</name>
		<pose>Unspecified</pose>
		<truncated>0</truncated>
		<difficult>0</difficult>
		<bndbox>
			<xmin>87</xmin>
			<ymin>112</ymin>
			<xmax>150</xmax>
			<ymax>217</ymax>
		</bndbox>
	</object>
</annotation>