<annotation>
	<folder>my-project-name</folder>
	<filename>400249_KHNRN_8642_001_076_0000_Light5.jpg</filename>
	<path>/my-project-name/400249_KHNRN_8642_001_076_0000_Light5.jpg</path>
	<source>
		<database>Unspecified</database>
	</source>
	<size>
		<width>540</width>
		<height>540</height>
		<depth>3</depth>
	</size>
	<object>
		<name>Gucci</name>
		<pose>Unspecified</pose>
		<truncated>0</truncated>
		<difficult>0</difficult>
		<bndbox>
			<xmin>144</xmin>
			<ymin>271</ymin>
			<xmax>474</xmax>
			<ymax>494</ymax>
		</bndbox>
	</object>
	<object>
		<name>Gucci</name>
		<pose>Unspecified</pose>
		<truncated>0</truncated>
		<difficult>0</difficult>
		<bndbox>
			<xmin>209</xmin>
			<ymin>311</ymin>
			<xmax>392</xmax>
			<ymax>371</ymax>
		</bndbox>
	</object>
	<object>
		<name>Gucci</name>
		<pose>Unspecified</pose>
		<truncated>0</truncated>
		<difficult>0</difficult>
		<bndbox>
			<xmin>265</xmin>
			<ymin>348</ymin>
			<xmax>364</xmax>
			<ymax>473</ymax>
		</bndbox>
	</object>
</annotation>