<annotation>
	<folder>my-project-name</folder>
	<filename>400249_KHNRN_8698_004_075_0000_Light5.jpg</filename>
	<path>/my-project-name/400249_KHNRN_8698_004_075_0000_Light5.jpg</path>
	<source>
		<database>Unspecified</database>
	</source>
	<size>
		<width>540</width>
		<height>540</height>
		<depth>3</depth>
	</size>
	<object>
		<name>Gucci</name>
		<pose>Unspecified</pose>
		<truncated>0</truncated>
		<difficult>0</difficult>
		<bndbox>
			<xmin>189</xmin>
			<ymin>299</ymin>
			<xmax>330</xmax>
			<ymax>495</ymax>
		</bndbox>
	</object>
	<object>
		<name>Gucci</name>
		<pose>Unspecified</pose>
		<truncated>0</truncated>
		<difficult>0</difficult>
		<bndbox>
			<xmin>296</xmin>
			<ymin>353</ymin>
			<xmax>331</xmax>
			<ymax>451</ymax>
		</bndbox>
	</object>
</annotation>