<annotation>
	<folder>my-project-name</folder>
	<filename>4025561_1.jpg</filename>
	<path>/my-project-name/4025561_1.jpg</path>
	<source>
		<database>Unspecified</database>
	</source>
	<size>
		<width>550</width>
		<height>550</height>
		<depth>3</depth>
	</size>
	<object>
		<name>Gucci</name>
		<pose>Unspecified</pose>
		<truncated>0</truncated>
		<difficult>0</difficult>
		<bndbox>
			<xmin>93</xmin>
			<ymin>32</ymin>
			<xmax>491</xmax>
			<ymax>537</ymax>
		</bndbox>
	</object>
	<object>
		<name>Gucci</name>
		<pose>Unspecified</pose>
		<truncated>0</truncated>
		<difficult>0</difficult>
		<bndbox>
			<xmin>206</xmin>
			<ymin>146</ymin>
			<xmax>413</xmax>
			<ymax>251</ymax>
		</bndbox>
	</object>
</annotation>