<annotation>
	<folder>my-project-name</folder>
	<filename>403348_KHNRN_9769_004_077_0000_Light2.jpg</filename>
	<path>/my-project-name/403348_KHNRN_9769_004_077_0000_Light2.jpg</path>
	<source>
		<database>Unspecified</database>
	</source>
	<size>
		<width>235</width>
		<height>235</height>
		<depth>3</depth>
	</size>
	<object>
		<name>Gucci</name>
		<pose>Unspecified</pose>
		<truncated>0</truncated>
		<difficult>0</difficult>
		<bndbox>
			<xmin>94</xmin>
			<ymin>100</ymin>
			<xmax>165</xmax>
			<ymax>221</ymax>
		</bndbox>
	</object>
	<object>
		<name>Gucci</name>
		<pose>Unspecified</pose>
		<truncated>0</truncated>
		<difficult>0</difficult>
		<bndbox>
			<xmin>135</xmin>
			<ymin>146</ymin>
			<xmax>153</xmax>
			<ymax>200</ymax>
		</bndbox>
	</object>
</annotation>