<annotation>
	<folder>my-project-name</folder>
	<filename>403348_KHNRN_9769_002_077_0000_Light2.jpg</filename>
	<path>/my-project-name/403348_KHNRN_9769_002_077_0000_Light2.jpg</path>
	<source>
		<database>Unspecified</database>
	</source>
	<size>
		<width>235</width>
		<height>235</height>
		<depth>3</depth>
	</size>
	<object>
		<name>Gucci</name>
		<pose>Unspecified</pose>
		<truncated>0</truncated>
		<difficult>0</difficult>
		<bndbox>
			<xmin>77</xmin>
			<ymin>121</ymin>
			<xmax>130</xmax>
			<ymax>154</ymax>
		</bndbox>
	</object>
	<object>
		<name>Gucci</name>
		<pose>Unspecified</pose>
		<truncated>0</truncated>
		<difficult>0</difficult>
		<bndbox>
			<xmin>84</xmin>
			<ymin>155</ymin>
			<xmax>108</xmax>
			<ymax>195</ymax>
		</bndbox>
	</object>
	<object>
		<name>Gucci</name>
		<pose>Unspecified</pose>
		<truncated>0</truncated>
		<difficult>0</difficult>
		<bndbox>
			<xmin>63</xmin>
			<ymin>101</ymin>
			<xmax>181</xmax>
			<ymax>224</ymax>
		</bndbox>
	</object>
</annotation>