<annotation>
	<folder>my-project-name</folder>
	<filename>403348_KHNRN_9769_001_077_0000_Light5.jpg</filename>
	<path>/my-project-name/403348_KHNRN_9769_001_077_0000_Light5.jpg</path>
	<source>
		<database>Unspecified</database>
	</source>
	<size>
		<width>540</width>
		<height>540</height>
		<depth>3</depth>
	</size>
	<object>
		<name>Gucci</name>
		<pose>Unspecified</pose>
		<truncated>0</truncated>
		<difficult>0</difficult>
		<bndbox>
			<xmin>244</xmin>
			<ymin>343</ymin>
			<xmax>364</xmax>
			<ymax>480</ymax>
		</bndbox>
	</object>
	<object>
		<name>Gucci</name>
		<pose>Unspecified</pose>
		<truncated>0</truncated>
		<difficult>0</difficult>
		<bndbox>
			<xmin>197</xmin>
			<ymin>286</ymin>
			<xmax>416</xmax>
			<ymax>353</ymax>
		</bndbox>
	</object>
	<object>
		<name>Gucci</name>
		<pose>Unspecified</pose>
		<truncated>0</truncated>
		<difficult>0</difficult>
		<bndbox>
			<xmin>103</xmin>
			<ymin>213</ymin>
			<xmax>490</xmax>
			<ymax>521</ymax>
		</bndbox>
	</object>
</annotation>