<annotation>
	<folder>my-project-name</folder>
	<filename>403348_KHNRN_9769_005_100_0000_Light2.jpg</filename>
	<path>/my-project-name/403348_KHNRN_9769_005_100_0000_Light2.jpg</path>
	<source>
		<database>Unspecified</database>
	</source>
	<size>
		<width>632</width>
		<height>790</height>
		<depth>3</depth>
	</size>

	<object>
		<name>Gucci</name>
		<pose>Unspecified</pose>
		<truncated>0</truncated>
		<difficult>0</difficult>
		<bndbox>
			<xmin>277</xmin>
			<ymin>234</ymin>
			<xmax>430</xmax>
			<ymax>387</ymax>
		</bndbox>
	</object>
	<object>
		<name>Gucci</name>
		<pose>Unspecified</pose>
		<truncated>0</truncated>
		<difficult>0</difficult>
		<bndbox>
			<xmin>343</xmin>
			<ymin>292</ymin>
			<xmax>380</xmax>
			<ymax>352</ymax>
		</bndbox>
	</object>
</annotation>