<annotation>
	<folder>my-project-name</folder>
	<filename>403348_KHNRN_9769_003_077_0000_Light5.jpg</filename>
	<path>/my-project-name/403348_KHNRN_9769_003_077_0000_Light5.jpg</path>
	<source>
		<database>Unspecified</database>
	</source>
	<size>
		<width>540</width>
		<height>540</height>
		<depth>3</depth>
	</size>
	<object>
		<name>Gucci</name>
		<pose>Unspecified</pose>
		<truncated>0</truncated>
		<difficult>0</difficult>
		<bndbox>
			<xmin>126</xmin>
			<ymin>274</ymin>
			<xmax>353</xmax>
			<ymax>311</ymax>
		</bndbox>
	</object>
	<object>
		<name>Gucci</name>
		<pose>Unspecified</pose>
		<truncated>0</truncated>
		<difficult>0</difficult>
		<bndbox>
			<xmin>58</xmin>
			<ymin>248</ymin>
			<xmax>437</xmax>
			<ymax>540</ymax>
		</bndbox>
	</object>
</annotation>