<annotation>
	<folder>my-project-name</folder>
	<filename>407662e6282090cac9cdaf89071f0aa20355116363558e271b9a3d1f79a9.jpg</filename>
	<path>/my-project-name/407662e6282090cac9cdaf89071f0aa20355116363558e271b9a3d1f79a9.jpg</path>
	<source>
		<database>Unspecified</database>
	</source>
	<size>
		<width>700</width>
		<height>700</height>
		<depth>3</depth>
	</size>
	<object>
		<name>Gucci</name>
		<pose>Unspecified</pose>
		<truncated>0</truncated>
		<difficult>0</difficult>
		<bndbox>
			<xmin>49</xmin>
			<ymin>348</ymin>
			<xmax>625</xmax>
			<ymax>661</ymax>
		</bndbox>
	</object>
	<object>
		<name>Gucci</name>
		<pose>Unspecified</pose>
		<truncated>0</truncated>
		<difficult>0</difficult>
		<bndbox>
			<xmin>280</xmin>
			<ymin>513</ymin>
			<xmax>480</xmax>
			<ymax>585</ymax>
		</bndbox>
	</object>
	<object>
		<name>Gucci</name>
		<pose>Unspecified</pose>
		<truncated>0</truncated>
		<difficult>0</difficult>
		<bndbox>
			<xmin>70</xmin>
			<ymin>324</ymin>
			<xmax>276</xmax>
			<ymax>549</ymax>
		</bndbox>
	</object>
	<object>
		<name>Gucci</name>
		<pose>Unspecified</pose>
		<truncated>0</truncated>
		<difficult>0</difficult>
		<bndbox>
			<xmin>302</xmin>
			<ymin>396</ymin>
			<xmax>534</xmax>
			<ymax>465</ymax>
		</bndbox>
	</object>
</annotation>