<annotation>
	<folder>my-project-name</folder>
	<filename>409487_KLQJG_9785_002_067_0026_Light5.jpg</filename>
	<path>/my-project-name/409487_KLQJG_9785_002_067_0026_Light5.jpg</path>
	<source>
		<database>Unspecified</database>
	</source>
	<size>
		<width>540</width>
		<height>540</height>
		<depth>3</depth>
	</size>
	<object>
		<name>Gucci</name>
		<pose>Unspecified</pose>
		<truncated>0</truncated>
		<difficult>0</difficult>
		<bndbox>
			<xmin>254</xmin>
			<ymin>414</ymin>
			<xmax>300</xmax>
			<ymax>498</ymax>
		</bndbox>
	</object>
	<object>
		<name>Gucci</name>
		<pose>Unspecified</pose>
		<truncated>0</truncated>
		<difficult>0</difficult>
		<bndbox>
			<xmin>151</xmin>
			<ymin>275</ymin>
			<xmax>412</xmax>
			<ymax>519</ymax>
		</bndbox>
	</object>
</annotation>