<annotation>
	<folder>my-project-name</folder>
	<filename>409487_96IWN_4076_002_065_0024_Light5.jpg</filename>
	<path>/my-project-name/409487_96IWN_4076_002_065_0024_Light5.jpg</path>
	<source>
		<database>Unspecified</database>
	</source>
	<size>
		<width>540</width>
		<height>540</height>
		<depth>3</depth>
	</size>
	<object>
		<name>Gucci</name>
		<pose>Unspecified</pose>
		<truncated>0</truncated>
		<difficult>0</difficult>
		<bndbox>
			<xmin>214</xmin>
			<ymin>349</ymin>
			<xmax>269</xmax>
			<ymax>494</ymax>
		</bndbox>
	</object>
	<object>
		<name>Gucci</name>
		<pose>Unspecified</pose>
		<truncated>0</truncated>
		<difficult>0</difficult>
		<bndbox>
			<xmin>262</xmin>
			<ymin>368</ymin>
			<xmax>311</xmax>
			<ymax>491</ymax>
		</bndbox>
	</object>
	<object>
		<name>Gucci</name>
		<pose>Unspecified</pose>
		<truncated>0</truncated>
		<difficult>0</difficult>
		<bndbox>
			<xmin>132</xmin>
			<ymin>294</ymin>
			<xmax>389</xmax>
			<ymax>507</ymax>
		</bndbox>
	</object>
</annotation>