<annotation>
	<folder>my-project-name</folder>
	<filename>409487_KLQJG_9785_005_100_0000_Light.jpg</filename>
	<path>/my-project-name/409487_KLQJG_9785_005_100_0000_Light.jpg</path>
	<source>
		<database>Unspecified</database>
	</source>
	<size>
		<width>632</width>
		<height>790</height>
		<depth>3</depth>
	</size>

	<object>
		<name>Gucci</name>
		<pose>Unspecified</pose>
		<truncated>0</truncated>
		<difficult>0</difficult>
		<bndbox>
			<xmin>304</xmin>
			<ymin>331</ymin>
			<xmax>426</xmax>
			<ymax>418</ymax>
		</bndbox>
	</object>
	<object>
		<name>Gucci</name>
		<pose>Unspecified</pose>
		<truncated>0</truncated>
		<difficult>0</difficult>
		<bndbox>
			<xmin>357</xmin>
			<ymin>368</ymin>
			<xmax>401</xmax>
			<ymax>403</ymax>
		</bndbox>
	</object>
</annotation>