<annotation>
	<folder>my-project-name</folder>
	<filename>409487_96IWN_4076_001_065_0024_Light5.jpg</filename>
	<path>/my-project-name/409487_96IWN_4076_001_065_0024_Light5.jpg</path>
	<source>
		<database>Unspecified</database>
	</source>
	<size>
		<width>540</width>
		<height>540</height>
		<depth>3</depth>
	</size>
	<object>
		<name>Gucci</name>
		<pose>Unspecified</pose>
		<truncated>0</truncated>
		<difficult>0</difficult>
		<bndbox>
			<xmin>242</xmin>
			<ymin>327</ymin>
			<xmax>339</xmax>
			<ymax>502</ymax>
		</bndbox>
	</object>
	<object>
		<name>Gucci</name>
		<pose>Unspecified</pose>
		<truncated>0</truncated>
		<difficult>0</difficult>
		<bndbox>
			<xmin>348</xmin>
			<ymin>355</ymin>
			<xmax>402</xmax>
			<ymax>507</ymax>
		</bndbox>
	</object>
	<object>
		<name>Gucci</name>
		<pose>Unspecified</pose>
		<truncated>0</truncated>
		<difficult>0</difficult>
		<bndbox>
			<xmin>143</xmin>
			<ymin>314</ymin>
			<xmax>450</xmax>
			<ymax>516</ymax>
		</bndbox>
	</object>
</annotation>