<annotation>
	<folder>my-project-name</folder>
	<filename>409487_96IWN_4076_009_065_0024_Light5.jpg</filename>
	<path>/my-project-name/409487_96IWN_4076_009_065_0024_Light5.jpg</path>
	<source>
		<database>Unspecified</database>
	</source>
	<size>
		<width>540</width>
		<height>540</height>
		<depth>3</depth>
	</size>
	<object>
		<name>Gucci</name>
		<pose>Unspecified</pose>
		<truncated>0</truncated>
		<difficult>0</difficult>
		<bndbox>
			<xmin>165</xmin>
			<ymin>363</ymin>
			<xmax>371</xmax>
			<ymax>398</ymax>
		</bndbox>
	</object>
	<object>
		<name>Gucci</name>
		<pose>Unspecified</pose>
		<truncated>0</truncated>
		<difficult>0</difficult>
		<bndbox>
			<xmin>128</xmin>
			<ymin>308</ymin>
			<xmax>429</xmax>
			<ymax>532</ymax>
		</bndbox>
	</object>
	<object>
		<name>Gucci</name>
		<pose>Unspecified</pose>
		<truncated>0</truncated>
		<difficult>0</difficult>
		<bndbox>
			<xmin>244</xmin>
			<ymin>364</ymin>
			<xmax>265</xmax>
			<ymax>384</ymax>
		</bndbox>
	</object>
</annotation>