<annotation>
	<folder>my-project-name</folder>
	<filename>409487_KLQJG_9785_001_067_0026_Light2.jpg</filename>
	<path>/my-project-name/409487_KLQJG_9785_001_067_0026_Light2.jpg</path>
	<source>
		<database>Unspecified</database>
	</source>
	<size>
		<width>235</width>
		<height>235</height>
		<depth>3</depth>
	</size>
	<object>
		<name>Gucci</name>
		<pose>Unspecified</pose>
		<truncated>0</truncated>
		<difficult>0</difficult>
		<bndbox>
			<xmin>154</xmin>
			<ymin>189</ymin>
			<xmax>184</xmax>
			<ymax>216</ymax>
		</bndbox>
	</object>
	<object>
		<name>Gucci</name>
		<pose>Unspecified</pose>
		<truncated>0</truncated>
		<difficult>0</difficult>
		<bndbox>
			<xmin>67</xmin>
			<ymin>134</ymin>
			<xmax>201</xmax>
			<ymax>227</ymax>
		</bndbox>
	</object>
</annotation>