<annotation>
	<folder>my-project-name</folder>
	<filename>409487_KLQJG_9785_004_067_0026_Light5.jpg</filename>
	<path>/my-project-name/409487_KLQJG_9785_004_067_0026_Light5.jpg</path>
	<source>
		<database>Unspecified</database>
	</source>
	<size>
		<width>540</width>
		<height>540</height>
		<depth>3</depth>
	</size>
	<object>
		<name>Gucci</name>
		<pose>Unspecified</pose>
		<truncated>0</truncated>
		<difficult>0</difficult>
		<bndbox>
			<xmin>214</xmin>
			<ymin>236</ymin>
			<xmax>348</xmax>
			<ymax>494</ymax>
		</bndbox>
	</object>
</annotation>