<annotation>
	<folder>my-project-name</folder>
	<filename>409487_96IWN_4076_006_100_0000_Light5.jpg</filename>
	<path>/my-project-name/409487_96IWN_4076_006_100_0000_Light5.jpg</path>
	<source>
		<database>Unspecified</database>
	</source>
	<size>
		<width>540</width>
		<height>540</height>
		<depth>3</depth>
	</size>
	<object>
		<name>Gucci</name>
		<pose>Unspecified</pose>
		<truncated>0</truncated>
		<difficult>0</difficult>
		<bndbox>
			<xmin>250</xmin>
			<ymin>356</ymin>
			<xmax>319</xmax>
			<ymax>491</ymax>
		</bndbox>
	</object>
	<object>
		<name>Gucci</name>
		<pose>Unspecified</pose>
		<truncated>0</truncated>
		<difficult>0</difficult>
		<bndbox>
			<xmin>328</xmin>
			<ymin>356</ymin>
			<xmax>389</xmax>
			<ymax>467</ymax>
		</bndbox>
	</object>
	<object>
		<name>Gucci</name>
		<pose>Unspecified</pose>
		<truncated>0</truncated>
		<difficult>0</difficult>
		<bndbox>
			<xmin>177</xmin>
			<ymin>287</ymin>
			<xmax>409</xmax>
			<ymax>512</ymax>
		</bndbox>
	</object>
</annotation>