<annotation>
	<folder>my-project-name</folder>
	<filename>421970_KHNRN_8642_005_100_0000_Light2.jpg</filename>
	<path>/my-project-name/421970_KHNRN_8642_005_100_0000_Light2.jpg</path>
	<source>
		<database>Unspecified</database>
	</source>
	<size>
		<width>632</width>
		<height>790</height>
		<depth>3</depth>
	</size>

	<object>
		<name>Gucci</name>
		<pose>Unspecified</pose>
		<truncated>0</truncated>
		<difficult>0</difficult>
		<bndbox>
			<xmin>244</xmin>
			<ymin>389</ymin>
			<xmax>277</xmax>
			<ymax>428</ymax>
		</bndbox>
	</object>
	<object>
		<name>Gucci</name>
		<pose>Unspecified</pose>
		<truncated>0</truncated>
		<difficult>0</difficult>
		<bndbox>
			<xmin>196</xmin>
			<ymin>360</ymin>
			<xmax>324</xmax>
			<ymax>453</ymax>
		</bndbox>
	</object>
</annotation>