<annotation>
	<folder>my-project-name</folder>
	<filename>421970_CAOGN_8176_001_065_0000_Light5.jpg</filename>
	<path>/my-project-name/421970_CAOGN_8176_001_065_0000_Light5.jpg</path>
	<source>
		<database>Unspecified</database>
	</source>
	<size>
		<width>540</width>
		<height>540</height>
		<depth>3</depth>
	</size>
	<object>
		<name>Gucci</name>
		<pose>Unspecified</pose>
		<truncated>0</truncated>
		<difficult>0</difficult>
		<bndbox>
			<xmin>255</xmin>
			<ymin>367</ymin>
			<xmax>344</xmax>
			<ymax>482</ymax>
		</bndbox>
	</object>
	<object>
		<name>Gucci</name>
		<pose>Unspecified</pose>
		<truncated>0</truncated>
		<difficult>0</difficult>
		<bndbox>
			<xmin>138</xmin>
			<ymin>263</ymin>
			<xmax>451</xmax>
			<ymax>502</ymax>
		</bndbox>
	</object>
</annotation>