<annotation>
	<folder>my-project-name</folder>
	<filename>421970_UULBN_9683_003_100_0000_Light5.jpg</filename>
	<path>/my-project-name/421970_UULBN_9683_003_100_0000_Light5.jpg</path>
	<source>
		<database>Unspecified</database>
	</source>
	<size>
		<width>540</width>
		<height>540</height>
		<depth>3</depth>
	</size>

	<object>
		<name>Gucci</name>
		<pose>Unspecified</pose>
		<truncated>0</truncated>
		<difficult>0</difficult>
		<bndbox>
			<xmin>232</xmin>
			<ymin>336</ymin>
			<xmax>261</xmax>
			<ymax>369</ymax>
		</bndbox>
	</object>
	<object>
		<name>Gucci</name>
		<pose>Unspecified</pose>
		<truncated>0</truncated>
		<difficult>0</difficult>
		<bndbox>
			<xmin>201</xmin>
			<ymin>307</ymin>
			<xmax>335</xmax>
			<ymax>400</ymax>
		</bndbox>
	</object>
</annotation>