<annotation>
	<folder>my-project-name</folder>
	<filename>421970_UULBN_9683_002_065_0000_Light5.jpg</filename>
	<path>/my-project-name/421970_UULBN_9683_002_065_0000_Light5.jpg</path>
	<source>
		<database>Unspecified</database>
	</source>
	<size>
		<width>540</width>
		<height>540</height>
		<depth>3</depth>
	</size>
	<object>
		<name>Gucci</name>
		<pose>Unspecified</pose>
		<truncated>0</truncated>
		<difficult>0</difficult>
		<bndbox>
			<xmin>203</xmin>
			<ymin>365</ymin>
			<xmax>263</xmax>
			<ymax>454</ymax>
		</bndbox>
	</object>
	<object>
		<name>Gucci</name>
		<pose>Unspecified</pose>
		<truncated>0</truncated>
		<difficult>0</difficult>
		<bndbox>
			<xmin>196</xmin>
			<ymin>308</ymin>
			<xmax>290</xmax>
			<ymax>361</ymax>
		</bndbox>
	</object>
	<object>
		<name>Gucci</name>
		<pose>Unspecified</pose>
		<truncated>0</truncated>
		<difficult>0</difficult>
		<bndbox>
			<xmin>147</xmin>
			<ymin>266</ymin>
			<xmax>381</xmax>
			<ymax>507</ymax>
		</bndbox>
	</object>
</annotation>