<annotation>
	<folder>my-project-name</folder>
	<filename>421970_CAOGN_2893_004_065_0000_Light5.jpg</filename>
	<path>/my-project-name/421970_CAOGN_2893_004_065_0000_Light5.jpg</path>
	<source>
		<database>Unspecified</database>
	</source>
	<size>
		<width>540</width>
		<height>540</height>
		<depth>3</depth>
	</size>
	<object>
		<name>Gucci</name>
		<pose>Unspecified</pose>
		<truncated>0</truncated>
		<difficult>0</difficult>
		<bndbox>
			<xmin>212</xmin>
			<ymin>269</ymin>
			<xmax>348</xmax>
			<ymax>492</ymax>
		</bndbox>
	</object>
	<object>
		<name>Gucci</name>
		<pose>Unspecified</pose>
		<truncated>0</truncated>
		<difficult>0</difficult>
		<bndbox>
			<xmin>307</xmin>
			<ymin>336</ymin>
			<xmax>344</xmax>
			<ymax>441</ymax>
		</bndbox>
	</object>
</annotation>