<annotation>
	<folder>my-project-name</folder>
	<filename>421970_KHNRN_8642_004_065_0000_Light2.jpg</filename>
	<path>/my-project-name/421970_KHNRN_8642_004_065_0000_Light2.jpg</path>
	<source>
		<database>Unspecified</database>
	</source>
	<size>
		<width>235</width>
		<height>235</height>
		<depth>3</depth>
	</size>
	<object>
		<name>Gucci</name>
		<pose>Unspecified</pose>
		<truncated>0</truncated>
		<difficult>0</difficult>
		<bndbox>
			<xmin>96</xmin>
			<ymin>127</ymin>
			<xmax>149</xmax>
			<ymax>221</ymax>
		</bndbox>
	</object>
	<object>
		<name>Gucci</name>
		<pose>Unspecified</pose>
		<truncated>0</truncated>
		<difficult>0</difficult>
		<bndbox>
			<xmin>133</xmin>
			<ymin>146</ymin>
			<xmax>149</xmax>
			<ymax>198</ymax>
		</bndbox>
	</object>
</annotation>