<annotation>
	<folder>my-project-name</folder>
	<filename>421970_KHNRN_9769_004_065_0000_Light5.jpg</filename>
	<path>/my-project-name/421970_KHNRN_9769_004_065_0000_Light5.jpg</path>
	<source>
		<database>Unspecified</database>
	</source>
	<size>
		<width>540</width>
		<height>540</height>
		<depth>3</depth>
	</size>
	<object>
		<name>Gucci</name>
		<pose>Unspecified</pose>
		<truncated>0</truncated>
		<difficult>0</difficult>
		<bndbox>
			<xmin>216</xmin>
			<ymin>288</ymin>
			<xmax>344</xmax>
			<ymax>501</ymax>
		</bndbox>
	</object>
	<object>
		<name>Gucci</name>
		<pose>Unspecified</pose>
		<truncated>0</truncated>
		<difficult>0</difficult>
		<bndbox>
			<xmin>294</xmin>
			<ymin>314</ymin>
			<xmax>331</xmax>
			<ymax>457</ymax>
		</bndbox>
	</object>
</annotation>