<annotation>
	<folder>my-project-name</folder>
	<filename>421970_UULBN_9683_001_065_0000_Light5.jpg</filename>
	<path>/my-project-name/421970_UULBN_9683_001_065_0000_Light5.jpg</path>
	<source>
		<database>Unspecified</database>
	</source>
	<size>
		<width>540</width>
		<height>540</height>
		<depth>3</depth>
	</size>
	<object>
		<name>Gucci</name>
		<pose>Unspecified</pose>
		<truncated>0</truncated>
		<difficult>0</difficult>
		<bndbox>
			<xmin>193</xmin>
			<ymin>314</ymin>
			<xmax>381</xmax>
			<ymax>364</ymax>
		</bndbox>
	</object>
	<object>
		<name>Gucci</name>
		<pose>Unspecified</pose>
		<truncated>0</truncated>
		<difficult>0</difficult>
		<bndbox>
			<xmin>242</xmin>
			<ymin>381</ymin>
			<xmax>334</xmax>
			<ymax>479</ymax>
		</bndbox>
	</object>
	<object>
		<name>Gucci</name>
		<pose>Unspecified</pose>
		<truncated>0</truncated>
		<difficult>0</difficult>
		<bndbox>
			<xmin>139</xmin>
			<ymin>277</ymin>
			<xmax>421</xmax>
			<ymax>504</ymax>
		</bndbox>
	</object>
</annotation>