<annotation>
	<folder>my-project-name</folder>
	<filename>421970_KHNRN_9769_003_065_0000_Light2.jpg</filename>
	<path>/my-project-name/421970_KHNRN_9769_003_065_0000_Light2.jpg</path>
	<source>
		<database>Unspecified</database>
	</source>
	<size>
		<width>235</width>
		<height>235</height>
		<depth>3</depth>
	</size>
	<object>
		<name>Gucci</name>
		<pose>Unspecified</pose>
		<truncated>0</truncated>
		<difficult>0</difficult>
		<bndbox>
			<xmin>85</xmin>
			<ymin>138</ymin>
			<xmax>159</xmax>
			<ymax>203</ymax>
		</bndbox>
	</object>
	<object>
		<name>Gucci</name>
		<pose>Unspecified</pose>
		<truncated>0</truncated>
		<difficult>0</difficult>
		<bndbox>
			<xmin>56</xmin>
			<ymin>111</ymin>
			<xmax>176</xmax>
			<ymax>217</ymax>
		</bndbox>
	</object>
</annotation>