<annotation>
	<folder>my-project-name</folder>
	<filename>421970_CAOGN_2893_002_065_0000_Light5.jpg</filename>
	<path>/my-project-name/421970_CAOGN_2893_002_065_0000_Light5.jpg</path>
	<source>
		<database>Unspecified</database>
	</source>
	<size>
		<width>540</width>
		<height>540</height>
		<depth>3</depth>
	</size>
	<object>
		<name>Gucci</name>
		<pose>Unspecified</pose>
		<truncated>0</truncated>
		<difficult>0</difficult>
		<bndbox>
			<xmin>181</xmin>
			<ymin>355</ymin>
			<xmax>248</xmax>
			<ymax>470</ymax>
		</bndbox>
	</object>
	<object>
		<name>Gucci</name>
		<pose>Unspecified</pose>
		<truncated>0</truncated>
		<difficult>0</difficult>
		<bndbox>
			<xmin>164</xmin>
			<ymin>267</ymin>
			<xmax>373</xmax>
			<ymax>507</ymax>
		</bndbox>
	</object>
</annotation>