<annotation>
	<folder>my-project-name</folder>
	<filename>421970_CAOGN_2893_001_065_0000_Light2.jpg</filename>
	<path>/my-project-name/421970_CAOGN_2893_001_065_0000_Light2.jpg</path>
	<source>
		<database>Unspecified</database>
	</source>
	<size>
		<width>235</width>
		<height>235</height>
		<depth>3</depth>
	</size>
	<object>
		<name>Gucci</name>
		<pose>Unspecified</pose>
		<truncated>0</truncated>
		<difficult>0</difficult>
		<bndbox>
			<xmin>115</xmin>
			<ymin>162</ymin>
			<xmax>161</xmax>
			<ymax>209</ymax>
		</bndbox>
	</object>
	<object>
		<name>Gucci</name>
		<pose>Unspecified</pose>
		<truncated>0</truncated>
		<difficult>0</difficult>
		<bndbox>
			<xmin>60</xmin>
			<ymin>112</ymin>
			<xmax>199</xmax>
			<ymax>227</ymax>
		</bndbox>
	</object>
</annotation>