<annotation>
	<folder>my-project-name</folder>
	<filename>421970_KHNRN_9769_002_065_0000_Light5.jpg</filename>
	<path>/my-project-name/421970_KHNRN_9769_002_065_0000_Light5.jpg</path>
	<source>
		<database>Unspecified</database>
	</source>
	<size>
		<width>540</width>
		<height>540</height>
		<depth>3</depth>
	</size>
	<object>
		<name>Gucci</name>
		<pose>Unspecified</pose>
		<truncated>0</truncated>
		<difficult>0</difficult>
		<bndbox>
			<xmin>196</xmin>
			<ymin>302</ymin>
			<xmax>274</xmax>
			<ymax>361</ymax>
		</bndbox>
	</object>
	<object>
		<name>Gucci</name>
		<pose>Unspecified</pose>
		<truncated>0</truncated>
		<difficult>0</difficult>
		<bndbox>
			<xmin>201</xmin>
			<ymin>345</ymin>
			<xmax>248</xmax>
			<ymax>462</ymax>
		</bndbox>
	</object>
	<object>
		<name>Gucci</name>
		<pose>Unspecified</pose>
		<truncated>0</truncated>
		<difficult>0</difficult>
		<bndbox>
			<xmin>173</xmin>
			<ymin>271</ymin>
			<xmax>375</xmax>
			<ymax>507</ymax>
		</bndbox>
	</object>
</annotation>