<annotation>
	<folder>my-project-name</folder>
	<filename>421970_KHNRN_8642_001_065_0000_Light2.jpg</filename>
	<path>/my-project-name/421970_KHNRN_8642_001_065_0000_Light2.jpg</path>
	<source>
		<database>Unspecified</database>
	</source>
	<size>
		<width>235</width>
		<height>235</height>
		<depth>3</depth>
	</size>
	<object>
		<name>Gucci</name>
		<pose>Unspecified</pose>
		<truncated>0</truncated>
		<difficult>0</difficult>
		<bndbox>
			<xmin>107</xmin>
			<ymin>159</ymin>
			<xmax>146</xmax>
			<ymax>207</ymax>
		</bndbox>
	</object>
	<object>
		<name>Gucci</name>
		<pose>Unspecified</pose>
		<truncated>0</truncated>
		<difficult>0</difficult>
		<bndbox>
			<xmin>86</xmin>
			<ymin>138</ymin>
			<xmax>164</xmax>
			<ymax>164</ymax>
		</bndbox>
	</object>
	<object>
		<name>Gucci</name>
		<pose>Unspecified</pose>
		<truncated>0</truncated>
		<difficult>0</difficult>
		<bndbox>
			<xmin>70</xmin>
			<ymin>120</ymin>
			<xmax>185</xmax>
			<ymax>222</ymax>
		</bndbox>
	</object>
</annotation>