<annotation>
	<folder>my-project-name</folder>
	<filename>421970_KHNRN_8642_003_065_0000_Light5.jpg</filename>
	<path>/my-project-name/421970_KHNRN_8642_003_065_0000_Light5.jpg</path>
	<source>
		<database>Unspecified</database>
	</source>
	<size>
		<width>540</width>
		<height>540</height>
		<depth>3</depth>
	</size>
	<object>
		<name>Gucci</name>
		<pose>Unspecified</pose>
		<truncated>0</truncated>
		<difficult>0</difficult>
		<bndbox>
			<xmin>183</xmin>
			<ymin>314</ymin>
			<xmax>372</xmax>
			<ymax>449</ymax>
		</bndbox>
	</object>
	<object>
		<name>Gucci</name>
		<pose>Unspecified</pose>
		<truncated>0</truncated>
		<difficult>0</difficult>
		<bndbox>
			<xmin>123</xmin>
			<ymin>242</ymin>
			<xmax>412</xmax>
			<ymax>502</ymax>
		</bndbox>
	</object>
</annotation>