<annotation>
	<folder>my-project-name</folder>
	<filename>421970_KHNRN_8642_002_065_0000_Light3.jpg</filename>
	<path>/my-project-name/421970_KHNRN_8642_002_065_0000_Light3.jpg</path>
	<source>
		<database>Unspecified</database>
	</source>
	<size>
		<width>316</width>
		<height>316</height>
		<depth>3</depth>
	</size>
	<object>
		<name>Gucci</name>
		<pose>Unspecified</pose>
		<truncated>0</truncated>
		<difficult>0</difficult>
		<bndbox>
			<xmin>119</xmin>
			<ymin>209</ymin>
			<xmax>150</xmax>
			<ymax>273</ymax>
		</bndbox>
	</object>
	<object>
		<name>Gucci</name>
		<pose>Unspecified</pose>
		<truncated>0</truncated>
		<difficult>0</difficult>
		<bndbox>
			<xmin>119</xmin>
			<ymin>183</ymin>
			<xmax>174</xmax>
			<ymax>215</ymax>
		</bndbox>
	</object>
	<object>
		<name>Gucci</name>
		<pose>Unspecified</pose>
		<truncated>0</truncated>
		<difficult>0</difficult>
		<bndbox>
			<xmin>103</xmin>
			<ymin>154</ymin>
			<xmax>234</xmax>
			<ymax>302</ymax>
		</bndbox>
	</object>
</annotation>