<annotation>
	<folder>my-project-name</folder>
	<filename>421970_CAOGN_2893_005_100_0000_Light.jpg</filename>
	<path>/my-project-name/421970_CAOGN_2893_005_100_0000_Light.jpg</path>
	<source>
		<database>Unspecified</database>
	</source>
	<size>
		<width>316</width>
		<height>395</height>
		<depth>3</depth>
	</size>

	<object>
		<name>Gucci</name>
		<pose>Unspecified</pose>
		<truncated>0</truncated>
		<difficult>0</difficult>
		<bndbox>
			<xmin>122</xmin>
			<ymin>211</ymin>
			<xmax>144</xmax>
			<ymax>230</ymax>
		</bndbox>
	</object>
	<object>
		<name>Gucci</name>
		<pose>Unspecified</pose>
		<truncated>0</truncated>
		<difficult>0</difficult>
		<bndbox>
			<xmin>89</xmin>
			<ymin>192</ymin>
			<xmax>165</xmax>
			<ymax>246</ymax>
		</bndbox>
	</object>
</annotation>