<annotation>
	<folder>my-project-name</folder>
	<filename>421970_CAOGN_8176_004_065_0000_Light2.jpg</filename>
	<path>/my-project-name/421970_CAOGN_8176_004_065_0000_Light2.jpg</path>
	<source>
		<database>Unspecified</database>
	</source>
	<size>
		<width>235</width>
		<height>235</height>
		<depth>3</depth>
	</size>
	<object>
		<name>Gucci</name>
		<pose>Unspecified</pose>
		<truncated>0</truncated>
		<difficult>0</difficult>
		<bndbox>
			<xmin>100</xmin>
			<ymin>122</ymin>
			<xmax>147</xmax>
			<ymax>224</ymax>
		</bndbox>
	</object>
	<object>
		<name>Gucci</name>
		<pose>Unspecified</pose>
		<truncated>0</truncated>
		<difficult>0</difficult>
		<bndbox>
			<xmin>131</xmin>
			<ymin>146</ymin>
			<xmax>146</xmax>
			<ymax>203</ymax>
		</bndbox>
	</object>
</annotation>