<annotation>
	<folder>my-project-name</folder>
	<filename>421970_0K7JN_9680_002_065_0000_Light2.jpg</filename>
	<path>/my-project-name/421970_0K7JN_9680_002_065_0000_Light2.jpg</path>
	<source>
		<database>Unspecified</database>
	</source>
	<size>
		<width>235</width>
		<height>235</height>
		<depth>3</depth>
	</size>
	<object>
		<name>Gucci</name>
		<pose>Unspecified</pose>
		<truncated>0</truncated>
		<difficult>0</difficult>
		<bndbox>
			<xmin>81</xmin>
			<ymin>152</ymin>
			<xmax>107</xmax>
			<ymax>199</ymax>
		</bndbox>
	</object>
	<object>
		<name>Gucci</name>
		<pose>Unspecified</pose>
		<truncated>0</truncated>
		<difficult>0</difficult>
		<bndbox>
			<xmin>61</xmin>
			<ymin>111</ymin>
			<xmax>162</xmax>
			<ymax>218</ymax>
		</bndbox>
	</object>
</annotation>