<annotation>
	<folder>my-project-name</folder>
	<filename>421970_0K7JN_9680_001_065_0000_Light5.jpg</filename>
	<path>/my-project-name/421970_0K7JN_9680_001_065_0000_Light5.jpg</path>
	<source>
		<database>Unspecified</database>
	</source>
	<size>
		<width>540</width>
		<height>540</height>
		<depth>3</depth>
	</size>
	<object>
		<name>Gucci</name>
		<pose>Unspecified</pose>
		<truncated>0</truncated>
		<difficult>0</difficult>
		<bndbox>
			<xmin>242</xmin>
			<ymin>372</ymin>
			<xmax>330</xmax>
			<ymax>476</ymax>
		</bndbox>
	</object>
	<object>
		<name>Gucci</name>
		<pose>Unspecified</pose>
		<truncated>0</truncated>
		<difficult>0</difficult>
		<bndbox>
			<xmin>143</xmin>
			<ymin>266</ymin>
			<xmax>421</xmax>
			<ymax>512</ymax>
		</bndbox>
	</object>
</annotation>