<annotation>
	<folder>my-project-name</folder>
	<filename>421970_0K7JN_9680_005_100_0000_Light2.jpg</filename>
	<path>/my-project-name/421970_0K7JN_9680_005_100_0000_Light2.jpg</path>
	<source>
		<database>Unspecified</database>
	</source>
	<size>
		<width>632</width>
		<height>790</height>
		<depth>3</depth>
	</size>

	<object>
		<name>Gucci</name>
		<pose>Unspecified</pose>
		<truncated>0</truncated>
		<difficult>0</difficult>
		<bndbox>
			<xmin>314</xmin>
			<ymin>401</ymin>
			<xmax>368</xmax>
			<ymax>443</ymax>
		</bndbox>
	</object>
	<object>
		<name>Gucci</name>
		<pose>Unspecified</pose>
		<truncated>0</truncated>
		<difficult>0</difficult>
		<bndbox>
			<xmin>281</xmin>
			<ymin>372</ymin>
			<xmax>405</xmax>
			<ymax>474</ymax>
		</bndbox>
	</object>
</annotation>