<annotation>
	<folder>my-project-name</folder>
	<filename>443497_DTDIY_5306_009_063_0000_Light4.jpg</filename>
	<path>/my-project-name/443497_DTDIY_5306_009_063_0000_Light4.jpg</path>
	<source>
		<database>Unspecified</database>
	</source>
	<size>
		<width>470</width>
		<height>470</height>
		<depth>3</depth>
	</size>
	<object>
		<name>Gucci</name>
		<pose>Unspecified</pose>
		<truncated>0</truncated>
		<difficult>0</difficult>
		<bndbox>
			<xmin>147</xmin>
			<ymin>324</ymin>
			<xmax>341</xmax>
			<ymax>418</ymax>
		</bndbox>
	</object>
	<object>
		<name>Gucci</name>
		<pose>Unspecified</pose>
		<truncated>0</truncated>
		<difficult>0</difficult>
		<bndbox>
			<xmin>88</xmin>
			<ymin>258</ymin>
			<xmax>400</xmax>
			<ymax>446</ymax>
		</bndbox>
	</object>
</annotation>