<annotation>
	<folder>my-project-name</folder>
	<filename>443497_DTDIT_6433_006_063_0000_Light2.jpg</filename>
	<path>/my-project-name/443497_DTDIT_6433_006_063_0000_Light2.jpg</path>
	<source>
		<database>Unspecified</database>
	</source>
	<size>
		<width>235</width>
		<height>235</height>
		<depth>3</depth>
	</size>
	<object>
		<name>Gucci</name>
		<pose>Unspecified</pose>
		<truncated>0</truncated>
		<difficult>0</difficult>
		<bndbox>
			<xmin>86</xmin>
			<ymin>79</ymin>
			<xmax>153</xmax>
			<ymax>217</ymax>
		</bndbox>
	</object>
	<object>
		<name>Gucci</name>
		<pose>Unspecified</pose>
		<truncated>0</truncated>
		<difficult>0</difficult>
		<bndbox>
			<xmin>96</xmin>
			<ymin>117</ymin>
			<xmax>130</xmax>
			<ymax>185</ymax>
		</bndbox>
	</object>
</annotation>