<annotation>
	<folder>my-project-name</folder>
	<filename>443497_DTDFV_1000_012_063_0000_Light5.jpg</filename>
	<path>/my-project-name/443497_DTDFV_1000_012_063_0000_Light5.jpg</path>
	<source>
		<database>Unspecified</database>
	</source>
	<size>
		<width>540</width>
		<height>540</height>
		<depth>3</depth>
	</size>
	<object>
		<name>Gucci</name>
		<pose>Unspecified</pose>
		<truncated>0</truncated>
		<difficult>0</difficult>
		<bndbox>
			<xmin>199</xmin>
			<ymin>158</ymin>
			<xmax>401</xmax>
			<ymax>521</ymax>
		</bndbox>
	</object>
	<object>
		<name>Gucci</name>
		<pose>Unspecified</pose>
		<truncated>0</truncated>
		<difficult>0</difficult>
		<bndbox>
			<xmin>266</xmin>
			<ymin>274</ymin>
			<xmax>326</xmax>
			<ymax>418</ymax>
		</bndbox>
	</object>
</annotation>