<annotation>
	<folder>my-project-name</folder>
	<filename>443497_UM8AN_1711_004_078_0038_Light2.jpg</filename>
	<path>/my-project-name/443497_UM8AN_1711_004_078_0038_Light2.jpg</path>
	<source>
		<database>Unspecified</database>
	</source>
	<size>
		<width>235</width>
		<height>235</height>
		<depth>3</depth>
	</size>
	<object>
		<name>Gucci</name>
		<pose>Unspecified</pose>
		<truncated>0</truncated>
		<difficult>0</difficult>
		<bndbox>
			<xmin>72</xmin>
			<ymin>131</ymin>
			<xmax>154</xmax>
			<ymax>233</ymax>
		</bndbox>
	</object>
</annotation>