<annotation>
	<folder>my-project-name</folder>
	<filename>443497_UM8AN_1000_001_063_0000_Light2.jpg</filename>
	<path>/my-project-name/443497_UM8AN_1000_001_063_0000_Light2.jpg</path>
	<source>
		<database>Unspecified</database>
	</source>
	<size>
		<width>235</width>
		<height>235</height>
		<depth>3</depth>
	</size>
	<object>
		<name>Gucci</name>
		<pose>Unspecified</pose>
		<truncated>0</truncated>
		<difficult>0</difficult>
		<bndbox>
			<xmin>47</xmin>
			<ymin>135</ymin>
			<xmax>185</xmax>
			<ymax>220</ymax>
		</bndbox>
	</object>
	<object>
		<name>Gucci</name>
		<pose>Unspecified</pose>
		<truncated>0</truncated>
		<difficult>0</difficult>
		<bndbox>
			<xmin>94</xmin>
			<ymin>170</ymin>
			<xmax>134</xmax>
			<ymax>202</ymax>
		</bndbox>
	</object>
</annotation>