<annotation>
	<folder>my-project-name</folder>
	<filename>443497_UM8AN_9022_002_063_0000_Light4.jpg</filename>
	<path>/my-project-name/443497_UM8AN_9022_002_063_0000_Light4.jpg</path>
	<source>
		<database>Unspecified</database>
	</source>
	<size>
		<width>470</width>
		<height>470</height>
		<depth>3</depth>
	</size>
	<object>
		<name>Gucci</name>
		<pose>Unspecified</pose>
		<truncated>0</truncated>
		<difficult>0</difficult>
		<bndbox>
			<xmin>170</xmin>
			<ymin>336</ymin>
			<xmax>225</xmax>
			<ymax>388</ymax>
		</bndbox>
	</object>
	<object>
		<name>Gucci</name>
		<pose>Unspecified</pose>
		<truncated>0</truncated>
		<difficult>0</difficult>
		<bndbox>
			<xmin>127</xmin>
			<ymin>271</ymin>
			<xmax>344</xmax>
			<ymax>439</ymax>
		</bndbox>
	</object>
</annotation>