<annotation>
	<folder>my-project-name</folder>
	<filename>443497_AABHM_9071_003_100_0000_Light5.jpg</filename>
	<path>/my-project-name/443497_AABHM_9071_003_100_0000_Light5.jpg</path>
	<source>
		<database>Unspecified</database>
	</source>
	<size>
		<width>540</width>
		<height>540</height>
		<depth>3</depth>
	</size>

	<object>
		<name>Gucci</name>
		<pose>Unspecified</pose>
		<truncated>0</truncated>
		<difficult>0</difficult>
		<bndbox>
			<xmin>146</xmin>
			<ymin>244</ymin>
			<xmax>315</xmax>
			<ymax>437</ymax>
		</bndbox>
	</object>
	<object>
		<name>Gucci</name>
		<pose>Unspecified</pose>
		<truncated>0</truncated>
		<difficult>0</difficult>
		<bndbox>
			<xmin>230</xmin>
			<ymin>324</ymin>
			<xmax>269</xmax>
			<ymax>372</ymax>
		</bndbox>
	</object>
</annotation>