<annotation>
	<folder>my-project-name</folder>
	<filename>443497_DTDIT_1000_003_063_0000_Light2.jpg</filename>
	<path>/my-project-name/443497_DTDIT_1000_003_063_0000_Light2.jpg</path>
	<source>
		<database>Unspecified</database>
	</source>
	<size>
		<width>235</width>
		<height>235</height>
		<depth>3</depth>
	</size>
	<object>
		<name>Gucci</name>
		<pose>Unspecified</pose>
		<truncated>0</truncated>
		<difficult>0</difficult>
		<bndbox>
			<xmin>67</xmin>
			<ymin>168</ymin>
			<xmax>182</xmax>
			<ymax>216</ymax>
		</bndbox>
	</object>
	<object>
		<name>Gucci</name>
		<pose>Unspecified</pose>
		<truncated>0</truncated>
		<difficult>0</difficult>
		<bndbox>
			<xmin>40</xmin>
			<ymin>122</ymin>
			<xmax>198</xmax>
			<ymax>225</ymax>
		</bndbox>
	</object>
</annotation>