<annotation>
	<folder>my-project-name</folder>
	<filename>443497_UM8AN_1000_002_063_0036_Light4.jpg</filename>
	<path>/my-project-name/443497_UM8AN_1000_002_063_0036_Light4.jpg</path>
	<source>
		<database>Unspecified</database>
	</source>
	<size>
		<width>470</width>
		<height>470</height>
		<depth>3</depth>
	</size>
	<object>
		<name>Gucci</name>
		<pose>Unspecified</pose>
		<truncated>0</truncated>
		<difficult>0</difficult>
		<bndbox>
			<xmin>157</xmin>
			<ymin>340</ymin>
			<xmax>205</xmax>
			<ymax>402</ymax>
		</bndbox>
	</object>
	<object>
		<name>Gucci</name>
		<pose>Unspecified</pose>
		<truncated>0</truncated>
		<difficult>0</difficult>
		<bndbox>
			<xmin>116</xmin>
			<ymin>273</ymin>
			<xmax>329</xmax>
			<ymax>438</ymax>
		</bndbox>
	</object>
</annotation>