<annotation>
	<folder>my-project-name</folder>
	<filename>443497_AABHM_9071_001_063_0000_Light2.jpg</filename>
	<path>/my-project-name/443497_AABHM_9071_001_063_0000_Light2.jpg</path>
	<source>
		<database>Unspecified</database>
	</source>
	<size>
		<width>235</width>
		<height>235</height>
		<depth>3</depth>
	</size>
	<object>
		<name>Gucci</name>
		<pose>Unspecified</pose>
		<truncated>0</truncated>
		<difficult>0</difficult>
		<bndbox>
			<xmin>44</xmin>
			<ymin>133</ymin>
			<xmax>184</xmax>
			<ymax>218</ymax>
		</bndbox>
	</object>
	<object>
		<name>Gucci</name>
		<pose>Unspecified</pose>
		<truncated>0</truncated>
		<difficult>0</difficult>
		<bndbox>
			<xmin>97</xmin>
			<ymin>175</ymin>
			<xmax>136</xmax>
			<ymax>205</ymax>
		</bndbox>
	</object>
</annotation>