<annotation>
	<folder>my-project-name</folder>
	<filename>443496_DTDIT_1000_006_066_0000_Light5.jpg</filename>
	<path>/my-project-name/443496_DTDIT_1000_006_066_0000_Light5.jpg</path>
	<source>
		<database>Unspecified</database>
	</source>
	<size>
		<width>540</width>
		<height>540</height>
		<depth>3</depth>
	</size>
	<object>
		<name>Gucci</name>
		<pose>Unspecified</pose>
		<truncated>0</truncated>
		<difficult>0</difficult>
		<bndbox>
			<xmin>155</xmin>
			<ymin>193</ymin>
			<xmax>341</xmax>
			<ymax>502</ymax>
		</bndbox>
	</object>
	<object>
		<name>Gucci</name>
		<pose>Unspecified</pose>
		<truncated>0</truncated>
		<difficult>0</difficult>
		<bndbox>
			<xmin>315</xmin>
			<ymin>294</ymin>
			<xmax>351</xmax>
			<ymax>392</ymax>
		</bndbox>
	</object>
	<object>
		<name>Gucci</name>
		<pose>Unspecified</pose>
		<truncated>0</truncated>
		<difficult>0</difficult>
		<bndbox>
			<xmin>245</xmin>
			<ymin>266</ymin>
			<xmax>311</xmax>
			<ymax>439</ymax>
		</bndbox>
	</object>
</annotation>