<annotation>
	<folder>my-project-name</folder>
	<filename>443497_AAA73_3757_001_063_0000_Light2.jpg</filename>
	<path>/my-project-name/443497_AAA73_3757_001_063_0000_Light2.jpg</path>
	<source>
		<database>Unspecified</database>
	</source>
	<size>
		<width>235</width>
		<height>235</height>
		<depth>3</depth>
	</size>
	<object>
		<name>Gucci</name>
		<pose>Unspecified</pose>
		<truncated>0</truncated>
		<difficult>0</difficult>
		<bndbox>
			<xmin>92</xmin>
			<ymin>168</ymin>
			<xmax>139</xmax>
			<ymax>200</ymax>
		</bndbox>
	</object>
	<object>
		<name>Gucci</name>
		<pose>Unspecified</pose>
		<truncated>0</truncated>
		<difficult>0</difficult>
		<bndbox>
			<xmin>49</xmin>
			<ymin>137</ymin>
			<xmax>184</xmax>
			<ymax>221</ymax>
		</bndbox>
	</object>
</annotation>