<annotation>
	<folder>my-project-name</folder>
	<filename>443497_FAASR_9044_009_063_0000_Light3.jpg</filename>
	<path>/my-project-name/443497_FAASR_9044_009_063_0000_Light3.jpg</path>
	<source>
		<database>Unspecified</database>
	</source>
	<size>
		<width>316</width>
		<height>316</height>
		<depth>3</depth>
	</size>
	<object>
		<name>Gucci</name>
		<pose>Unspecified</pose>
		<truncated>0</truncated>
		<difficult>0</difficult>
		<bndbox>
			<xmin>64</xmin>
			<ymin>183</ymin>
			<xmax>248</xmax>
			<ymax>293</ymax>
		</bndbox>
	</object>
</annotation>