<annotation>
	<folder>my-project-name</folder>
	<filename>443497_UM8AN_1711_005_100_0000_Light2.jpg</filename>
	<path>/my-project-name/443497_UM8AN_1711_005_100_0000_Light2.jpg</path>
	<source>
		<database>Unspecified</database>
	</source>
	<size>
		<width>632</width>
		<height>790</height>
		<depth>3</depth>
	</size>

	<object>
		<name>Gucci</name>
		<pose>Unspecified</pose>
		<truncated>0</truncated>
		<difficult>0</difficult>
		<bndbox>
			<xmin>260</xmin>
			<ymin>279</ymin>
			<xmax>289</xmax>
			<ymax>308</ymax>
		</bndbox>
	</object>
	<object>
		<name>Gucci</name>
		<pose>Unspecified</pose>
		<truncated>0</truncated>
		<difficult>0</difficult>
		<bndbox>
			<xmin>211</xmin>
			<ymin>258</ymin>
			<xmax>355</xmax>
			<ymax>341</ymax>
		</bndbox>
	</object>
</annotation>