<annotation>
	<folder>my-project-name</folder>
	<filename>443497_DTDIT_5729_003_063_0000_Light5.jpg</filename>
	<path>/my-project-name/443497_DTDIT_5729_003_063_0000_Light5.jpg</path>
	<source>
		<database>Unspecified</database>
	</source>
	<size>
		<width>540</width>
		<height>540</height>
		<depth>3</depth>
	</size>
	<object>
		<name>Gucci</name>
		<pose>Unspecified</pose>
		<truncated>0</truncated>
		<difficult>0</difficult>
		<bndbox>
			<xmin>120</xmin>
			<ymin>314</ymin>
			<xmax>430</xmax>
			<ymax>519</ymax>
		</bndbox>
	</object>
	<object>
		<name>Gucci</name>
		<pose>Unspecified</pose>
		<truncated>0</truncated>
		<difficult>0</difficult>
		<bndbox>
			<xmin>181</xmin>
			<ymin>392</ymin>
			<xmax>434</xmax>
			<ymax>494</ymax>
		</bndbox>
	</object>
</annotation>