<annotation>
	<folder>my-project-name</folder>
	<filename>443497_UM8AN_1711_003_078_0038_Light5.jpg</filename>
	<path>/my-project-name/443497_UM8AN_1711_003_078_0038_Light5.jpg</path>
	<source>
		<database>Unspecified</database>
	</source>
	<size>
		<width>540</width>
		<height>540</height>
		<depth>3</depth>
	</size>
	<object>
		<name>Gucci</name>
		<pose>Unspecified</pose>
		<truncated>0</truncated>
		<difficult>0</difficult>
		<bndbox>
			<xmin>124</xmin>
			<ymin>326</ymin>
			<xmax>446</xmax>
			<ymax>516</ymax>
		</bndbox>
	</object>
</annotation>