<annotation>
	<folder>my-project-name</folder>
	<filename>443496_DTDIT_1000_003_100_0000_Light5.jpg</filename>
	<path>/my-project-name/443496_DTDIT_1000_003_100_0000_Light5.jpg</path>
	<source>
		<database>Unspecified</database>
	</source>
	<size>
		<width>540</width>
		<height>540</height>
		<depth>3</depth>
	</size>

	<object>
		<name>Gucci</name>
		<pose>Unspecified</pose>
		<truncated>0</truncated>
		<difficult>0</difficult>
		<bndbox>
			<xmin>188</xmin>
			<ymin>291</ymin>
			<xmax>220</xmax>
			<ymax>328</ymax>
		</bndbox>
	</object>
	<object>
		<name>Gucci</name>
		<pose>Unspecified</pose>
		<truncated>0</truncated>
		<difficult>0</difficult>
		<bndbox>
			<xmin>172</xmin>
			<ymin>271</ymin>
			<xmax>269</xmax>
			<ymax>368</ymax>
		</bndbox>
	</object>
</annotation>