<annotation>
	<folder>my-project-name</folder>
	<filename>443497_FAASR_9541_003_100_0000_Light4.jpg</filename>
	<path>/my-project-name/443497_FAASR_9541_003_100_0000_Light4.jpg</path>
	<source>
		<database>Unspecified</database>
	</source>
	<size>
		<width>470</width>
		<height>470</height>
		<depth>3</depth>
	</size>

	<object>
		<name>Gucci</name>
		<pose>Unspecified</pose>
		<truncated>0</truncated>
		<difficult>0</difficult>
		<bndbox>
			<xmin>159</xmin>
			<ymin>258</ymin>
			<xmax>184</xmax>
			<ymax>291</ymax>
		</bndbox>
	</object>
	<object>
		<name>Gucci</name>
		<pose>Unspecified</pose>
		<truncated>0</truncated>
		<difficult>0</difficult>
		<bndbox>
			<xmin>127</xmin>
			<ymin>205</ymin>
			<xmax>237</xmax>
			<ymax>336</ymax>
		</bndbox>
	</object>
</annotation>