<annotation>
	<folder>my-project-name</folder>
	<filename>443497_DTDIT_9022_003_063_0000_Light5.jpg</filename>
	<path>/my-project-name/443497_DTDIT_9022_003_063_0000_Light5.jpg</path>
	<source>
		<database>Unspecified</database>
	</source>
	<size>
		<width>540</width>
		<height>540</height>
		<depth>3</depth>
	</size>
	<object>
		<name>Gucci</name>
		<pose>Unspecified</pose>
		<truncated>0</truncated>
		<difficult>0</difficult>
		<bndbox>
			<xmin>160</xmin>
			<ymin>386</ymin>
			<xmax>402</xmax>
			<ymax>488</ymax>
		</bndbox>
	</object>
	<object>
		<name>Gucci</name>
		<pose>Unspecified</pose>
		<truncated>0</truncated>
		<difficult>0</difficult>
		<bndbox>
			<xmin>95</xmin>
			<ymin>300</ymin>
			<xmax>434</xmax>
			<ymax>512</ymax>
		</bndbox>
	</object>
</annotation>