<annotation>
	<folder>my-project-name</folder>
	<filename>443497_AABHM_9071_010_063_0000_Light5.jpg</filename>
	<path>/my-project-name/443497_AABHM_9071_010_063_0000_Light5.jpg</path>
	<source>
		<database>Unspecified</database>
	</source>
	<size>
		<width>540</width>
		<height>540</height>
		<depth>3</depth>
	</size>
	<object>
		<name>Gucci</name>
		<pose>Unspecified</pose>
		<truncated>0</truncated>
		<difficult>0</difficult>
		<bndbox>
			<xmin>163</xmin>
			<ymin>287</ymin>
			<xmax>371</xmax>
			<ymax>507</ymax>
		</bndbox>
	</object>
</annotation>