<annotation>
	<folder>my-project-name</folder>
	<filename>443497_FAASR_9541_001_063_0000_Light4.jpg</filename>
	<path>/my-project-name/443497_FAASR_9541_001_063_0000_Light4.jpg</path>
	<source>
		<database>Unspecified</database>
	</source>
	<size>
		<width>470</width>
		<height>470</height>
		<depth>3</depth>
	</size>
	<object>
		<name>Gucci</name>
		<pose>Unspecified</pose>
		<truncated>0</truncated>
		<difficult>0</difficult>
		<bndbox>
			<xmin>91</xmin>
			<ymin>290</ymin>
			<xmax>378</xmax>
			<ymax>432</ymax>
		</bndbox>
	</object>
	<object>
		<name>Gucci</name>
		<pose>Unspecified</pose>
		<truncated>0</truncated>
		<difficult>0</difficult>
		<bndbox>
			<xmin>204</xmin>
			<ymin>343</ymin>
			<xmax>260</xmax>
			<ymax>402</ymax>
		</bndbox>
	</object>
</annotation>