<annotation>
	<folder>my-project-name</folder>
	<filename>443497_UM8AN_9022_005_100_0000_Light2.jpg</filename>
	<path>/my-project-name/443497_UM8AN_9022_005_100_0000_Light2.jpg</path>
	<source>
		<database>Unspecified</database>
	</source>
	<size>
		<width>632</width>
		<height>790</height>
		<depth>3</depth>
	</size>

	<object>
		<name>Gucci</name>
		<pose>Unspecified</pose>
		<truncated>0</truncated>
		<difficult>0</difficult>
		<bndbox>
			<xmin>322</xmin>
			<ymin>246</ymin>
			<xmax>413</xmax>
			<ymax>339</ymax>
		</bndbox>
	</object>
	<object>
		<name>Gucci</name>
		<pose>Unspecified</pose>
		<truncated>0</truncated>
		<difficult>0</difficult>
		<bndbox>
			<xmin>372</xmin>
			<ymin>283</ymin>
			<xmax>401</xmax>
			<ymax>300</ymax>
		</bndbox>
	</object>
</annotation>