<annotation>
	<folder>my-project-name</folder>
	<filename>443497_UM8AN_1000_005_100_0000_Light2.jpg</filename>
	<path>/my-project-name/443497_UM8AN_1000_005_100_0000_Light2.jpg</path>
	<source>
		<database>Unspecified</database>
	</source>
	<size>
		<width>632</width>
		<height>790</height>
		<depth>3</depth>
	</size>

	<object>
		<name>Gucci</name>
		<pose>Unspecified</pose>
		<truncated>0</truncated>
		<difficult>0</difficult>
		<bndbox>
			<xmin>262</xmin>
			<ymin>271</ymin>
			<xmax>299</xmax>
			<ymax>304</ymax>
		</bndbox>
	</object>
	<object>
		<name>Gucci</name>
		<pose>Unspecified</pose>
		<truncated>0</truncated>
		<difficult>0</difficult>
		<bndbox>
			<xmin>229</xmin>
			<ymin>246</ymin>
			<xmax>351</xmax>
			<ymax>331</ymax>
		</bndbox>
	</object>
</annotation>