<annotation>
	<folder>my-project-name</folder>
	<filename>443497_FAASR_9044_001_063_0000_Light5.jpg</filename>
	<path>/my-project-name/443497_FAASR_9044_001_063_0000_Light5.jpg</path>
	<source>
		<database>Unspecified</database>
	</source>
	<size>
		<width>540</width>
		<height>540</height>
		<depth>3</depth>
	</size>
	<object>
		<name>Gucci</name>
		<pose>Unspecified</pose>
		<truncated>0</truncated>
		<difficult>0</difficult>
		<bndbox>
			<xmin>117</xmin>
			<ymin>312</ymin>
			<xmax>422</xmax>
			<ymax>498</ymax>
		</bndbox>
	</object>
	<object>
		<name>Gucci</name>
		<pose>Unspecified</pose>
		<truncated>0</truncated>
		<difficult>0</difficult>
		<bndbox>
			<xmin>233</xmin>
			<ymin>390</ymin>
			<xmax>315</xmax>
			<ymax>462</ymax>
		</bndbox>
	</object>
</annotation>