<annotation>
	<folder>my-project-name</folder>
	<filename>443497_FAASR_9044_010_063_0000_Light4.jpg</filename>
	<path>/my-project-name/443497_FAASR_9044_010_063_0000_Light4.jpg</path>
	<source>
		<database>Unspecified</database>
	</source>
	<size>
		<width>470</width>
		<height>470</height>
		<depth>3</depth>
	</size>
	<object>
		<name>Gucci</name>
		<pose>Unspecified</pose>
		<truncated>0</truncated>
		<difficult>0</difficult>
		<bndbox>
			<xmin>166</xmin>
			<ymin>260</ymin>
			<xmax>298</xmax>
			<ymax>431</ymax>
		</bndbox>
	</object>
</annotation>