<annotation>
	<folder>my-project-name</folder>
	<filename>443497_DTDIY_5306_001_063_0000_Light3.jpg</filename>
	<path>/my-project-name/443497_DTDIY_5306_001_063_0000_Light3.jpg</path>
	<source>
		<database>Unspecified</database>
	</source>
	<size>
		<width>316</width>
		<height>316</height>
		<depth>3</depth>
	</size>
	<object>
		<name>Gucci</name>
		<pose>Unspecified</pose>
		<truncated>0</truncated>
		<difficult>0</difficult>
		<bndbox>
			<xmin>128</xmin>
			<ymin>225</ymin>
			<xmax>185</xmax>
			<ymax>267</ymax>
		</bndbox>
	</object>
	<object>
		<name>Gucci</name>
		<pose>Unspecified</pose>
		<truncated>0</truncated>
		<difficult>0</difficult>
		<bndbox>
			<xmin>81</xmin>
			<ymin>196</ymin>
			<xmax>202</xmax>
			<ymax>238</ymax>
		</bndbox>
	</object>
	<object>
		<name>Gucci</name>
		<pose>Unspecified</pose>
		<truncated>0</truncated>
		<difficult>0</difficult>
		<bndbox>
			<xmin>60</xmin>
			<ymin>180</ymin>
			<xmax>251</xmax>
			<ymax>300</ymax>
		</bndbox>
	</object>
</annotation>