<annotation>
	<folder>my-project-name</folder>
	<filename>443497_DTDIY_5306_002_063_0000_Light5.jpg</filename>
	<path>/my-project-name/443497_DTDIY_5306_002_063_0000_Light5.jpg</path>
	<source>
		<database>Unspecified</database>
	</source>
	<size>
		<width>540</width>
		<height>540</height>
		<depth>3</depth>
	</size>
	<object>
		<name>Gucci</name>
		<pose>Unspecified</pose>
		<truncated>0</truncated>
		<difficult>0</difficult>
		<bndbox>
			<xmin>165</xmin>
			<ymin>311</ymin>
			<xmax>376</xmax>
			<ymax>495</ymax>
		</bndbox>
	</object>
	<object>
		<name>Gucci</name>
		<pose>Unspecified</pose>
		<truncated>0</truncated>
		<difficult>0</difficult>
		<bndbox>
			<xmin>184</xmin>
			<ymin>379</ymin>
			<xmax>241</xmax>
			<ymax>434</ymax>
		</bndbox>
	</object>
</annotation>