<annotation>
	<folder>my-project-name</folder>
	<filename>443497_FAASR_9044_003_100_0000_Light2.jpg</filename>
	<path>/my-project-name/443497_FAASR_9044_003_100_0000_Light2.jpg</path>
	<source>
		<database>Unspecified</database>
	</source>
	<size>
		<width>235</width>
		<height>235</height>
		<depth>3</depth>
	</size>

	<object>
		<name>Gucci</name>
		<pose>Unspecified</pose>
		<truncated>0</truncated>
		<difficult>0</difficult>
		<bndbox>
			<xmin>83</xmin>
			<ymin>129</ymin>
			<xmax>94</xmax>
			<ymax>143</ymax>
		</bndbox>
	</object>
	<object>
		<name>Gucci</name>
		<pose>Unspecified</pose>
		<truncated>0</truncated>
		<difficult>0</difficult>
		<bndbox>
			<xmin>67</xmin>
			<ymin>105</ymin>
			<xmax>118</xmax>
			<ymax>169</ymax>
		</bndbox>
	</object>
</annotation>