<annotation>
	<folder>my-project-name</folder>
	<filename>443497_AAA73_3757_010_063_0000_Light4.jpg</filename>
	<path>/my-project-name/443497_AAA73_3757_010_063_0000_Light4.jpg</path>
	<source>
		<database>Unspecified</database>
	</source>
	<size>
		<width>470</width>
		<height>470</height>
		<depth>3</depth>
	</size>
	<object>
		<name>Gucci</name>
		<pose>Unspecified</pose>
		<truncated>0</truncated>
		<difficult>0</difficult>
		<bndbox>
			<xmin>170</xmin>
			<ymin>277</ymin>
			<xmax>297</xmax>
			<ymax>436</ymax>
		</bndbox>
	</object>
</annotation>