<annotation>
	<folder>my-project-name</folder>
	<filename>443496_DTDIT_1000_002_066_0000_Light2.jpg</filename>
	<path>/my-project-name/443496_DTDIT_1000_002_066_0000_Light2.jpg</path>
	<source>
		<database>Unspecified</database>
	</source>
	<size>
		<width>235</width>
		<height>235</height>
		<depth>3</depth>
	</size>
	<object>
		<name>Gucci</name>
		<pose>Unspecified</pose>
		<truncated>0</truncated>
		<difficult>0</difficult>
		<bndbox>
			<xmin>48</xmin>
			<ymin>109</ymin>
			<xmax>184</xmax>
			<ymax>208</ymax>
		</bndbox>
	</object>
</annotation>