<annotation>
	<folder>my-project-name</folder>
	<filename>443497_HVKEG_9772_005_100_0000_Light2.jpg</filename>
	<path>/my-project-name/443497_HVKEG_9772_005_100_0000_Light2.jpg</path>
	<source>
		<database>Unspecified</database>
	</source>
	<size>
		<width>632</width>
		<height>790</height>
		<depth>3</depth>
	</size>

	<object>
		<name>Gucci</name>
		<pose>Unspecified</pose>
		<truncated>0</truncated>
		<difficult>0</difficult>
		<bndbox>
			<xmin>295</xmin>
			<ymin>232</ymin>
			<xmax>395</xmax>
			<ymax>337</ymax>
		</bndbox>
	</object>
	<object>
		<name>Gucci</name>
		<pose>Unspecified</pose>
		<truncated>0</truncated>
		<difficult>0</difficult>
		<bndbox>
			<xmin>332</xmin>
			<ymin>271</ymin>
			<xmax>366</xmax>
			<ymax>294</ymax>
		</bndbox>
	</object>
</annotation>