<annotation>
	<folder>my-project-name</folder>
	<filename>443497_DTDIT_5729_005_100_0000_Light2.jpg</filename>
	<path>/my-project-name/443497_DTDIT_5729_005_100_0000_Light2.jpg</path>
	<source>
		<database>Unspecified</database>
	</source>
	<size>
		<width>632</width>
		<height>790</height>
		<depth>3</depth>
	</size>

	<object>
		<name>Gucci</name>
		<pose>Unspecified</pose>
		<truncated>0</truncated>
		<difficult>0</difficult>
		<bndbox>
			<xmin>316</xmin>
			<ymin>273</ymin>
			<xmax>370</xmax>
			<ymax>300</ymax>
		</bndbox>
	</object>
	<object>
		<name>Gucci</name>
		<pose>Unspecified</pose>
		<truncated>0</truncated>
		<difficult>0</difficult>
		<bndbox>
			<xmin>273</xmin>
			<ymin>250</ymin>
			<xmax>392</xmax>
			<ymax>329</ymax>
		</bndbox>
	</object>
</annotation>