<annotation>
	<folder>my-project-name</folder>
	<filename>443497_HVKEG_9772_002_062_0000_Light4.jpg</filename>
	<path>/my-project-name/443497_HVKEG_9772_002_062_0000_Light4.jpg</path>
	<source>
		<database>Unspecified</database>
	</source>
	<size>
		<width>470</width>
		<height>470</height>
		<depth>3</depth>
	</size>
	<object>
		<name>Gucci</name>
		<pose>Unspecified</pose>
		<truncated>0</truncated>
		<difficult>0</difficult>
		<bndbox>
			<xmin>173</xmin>
			<ymin>334</ymin>
			<xmax>213</xmax>
			<ymax>380</ymax>
		</bndbox>
	</object>
	<object>
		<name>Gucci</name>
		<pose>Unspecified</pose>
		<truncated>0</truncated>
		<difficult>0</difficult>
		<bndbox>
			<xmin>156</xmin>
			<ymin>289</ymin>
			<xmax>210</xmax>
			<ymax>334</ymax>
		</bndbox>
	</object>
	<object>
		<name>Gucci</name>
		<pose>Unspecified</pose>
		<truncated>0</truncated>
		<difficult>0</difficult>
		<bndbox>
			<xmin>134</xmin>
			<ymin>259</ymin>
			<xmax>332</xmax>
			<ymax>438</ymax>
		</bndbox>
	</object>
</annotation>