<annotation>
	<folder>my-project-name</folder>
	<filename>443497_FAASR_9044_002_063_0000_Light5.jpg</filename>
	<path>/my-project-name/443497_FAASR_9044_002_063_0000_Light5.jpg</path>
	<source>
		<database>Unspecified</database>
	</source>
	<size>
		<width>540</width>
		<height>540</height>
		<depth>3</depth>
	</size>
	<object>
		<name>Gucci</name>
		<pose>Unspecified</pose>
		<truncated>0</truncated>
		<difficult>0</difficult>
		<bndbox>
			<xmin>155</xmin>
			<ymin>312</ymin>
			<xmax>398</xmax>
			<ymax>497</ymax>
		</bndbox>
	</object>
	<object>
		<name>Gucci</name>
		<pose>Unspecified</pose>
		<truncated>0</truncated>
		<difficult>0</difficult>
		<bndbox>
			<xmin>195</xmin>
			<ymin>385</ymin>
			<xmax>245</xmax>
			<ymax>441</ymax>
		</bndbox>
	</object>
</annotation>