<annotation>
	<folder>my-project-name</folder>
	<filename>443497_DTDIT_6433_001_063_0000_Light2.jpg</filename>
	<path>/my-project-name/443497_DTDIT_6433_001_063_0000_Light2.jpg</path>
	<source>
		<database>Unspecified</database>
	</source>
	<size>
		<width>235</width>
		<height>235</height>
		<depth>3</depth>
	</size>
	<object>
		<name>Gucci</name>
		<pose>Unspecified</pose>
		<truncated>0</truncated>
		<difficult>0</difficult>
		<bndbox>
			<xmin>46</xmin>
			<ymin>138</ymin>
			<xmax>190</xmax>
			<ymax>221</ymax>
		</bndbox>
	</object>
	<object>
		<name>Gucci</name>
		<pose>Unspecified</pose>
		<truncated>0</truncated>
		<difficult>0</difficult>
		<bndbox>
			<xmin>100</xmin>
			<ymin>168</ymin>
			<xmax>140</xmax>
			<ymax>199</ymax>
		</bndbox>
	</object>
</annotation>