<annotation>
	<folder>my-project-name</folder>
	<filename>443497_HVKEG_9772_003_062_0000_Light5.jpg</filename>
	<path>/my-project-name/443497_HVKEG_9772_003_062_0000_Light5.jpg</path>
	<source>
		<database>Unspecified</database>
	</source>
	<size>
		<width>540</width>
		<height>540</height>
		<depth>3</depth>
	</size>
	<object>
		<name>Gucci</name>
		<pose>Unspecified</pose>
		<truncated>0</truncated>
		<difficult>0</difficult>
		<bndbox>
			<xmin>177</xmin>
			<ymin>406</ymin>
			<xmax>379</xmax>
			<ymax>483</ymax>
		</bndbox>
	</object>
	<object>
		<name>Gucci</name>
		<pose>Unspecified</pose>
		<truncated>0</truncated>
		<difficult>0</difficult>
		<bndbox>
			<xmin>77</xmin>
			<ymin>293</ymin>
			<xmax>445</xmax>
			<ymax>521</ymax>
		</bndbox>
	</object>
</annotation>