<annotation>
	<folder>my-project-name</folder>
	<filename>443497_DTDIT_6433_004_100_0000_Light4.jpg</filename>
	<path>/my-project-name/443497_DTDIT_6433_004_100_0000_Light4.jpg</path>
	<source>
		<database>Unspecified</database>
	</source>
	<size>
		<width>470</width>
		<height>470</height>
		<depth>3</depth>
	</size>

	<object>
		<name>Gucci</name>
		<pose>Unspecified</pose>
		<truncated>0</truncated>
		<difficult>0</difficult>
		<bndbox>
			<xmin>160</xmin>
			<ymin>293</ymin>
			<xmax>190</xmax>
			<ymax>318</ymax>
		</bndbox>
	</object>
	<object>
		<name>Gucci</name>
		<pose>Unspecified</pose>
		<truncated>0</truncated>
		<difficult>0</difficult>
		<bndbox>
			<xmin>131</xmin>
			<ymin>225</ymin>
			<xmax>230</xmax>
			<ymax>366</ymax>
		</bndbox>
	</object>
	<object>
		<name>Gucci</name>
		<pose>Unspecified</pose>
		<truncated>0</truncated>
		<difficult>0</difficult>
		<bndbox>
			<xmin>146</xmin>
			<ymin>264</ymin>
			<xmax>195</xmax>
			<ymax>289</ymax>
		</bndbox>
	</object>
</annotation>