<annotation>
	<folder>my-project-name</folder>
	<filename>443497_UM8AN_1711_001_078_0038_Light3.jpg</filename>
	<path>/my-project-name/443497_UM8AN_1711_001_078_0038_Light3.jpg</path>
	<source>
		<database>Unspecified</database>
	</source>
	<size>
		<width>316</width>
		<height>316</height>
		<depth>3</depth>
	</size>
	<object>
		<name>Gucci</name>
		<pose>Unspecified</pose>
		<truncated>0</truncated>
		<difficult>0</difficult>
		<bndbox>
			<xmin>64</xmin>
			<ymin>193</ymin>
			<xmax>238</xmax>
			<ymax>299</ymax>
		</bndbox>
	</object>
	<object>
		<name>Gucci</name>
		<pose>Unspecified</pose>
		<truncated>0</truncated>
		<difficult>0</difficult>
		<bndbox>
			<xmin>127</xmin>
			<ymin>232</ymin>
			<xmax>179</xmax>
			<ymax>277</ymax>
		</bndbox>
	</object>
</annotation>