<annotation>
	<folder>my-project-name</folder>
	<filename>443497_DTDIT_9022_001_063_0000_Light5.jpg</filename>
	<path>/my-project-name/443497_DTDIT_9022_001_063_0000_Light5.jpg</path>
	<source>
		<database>Unspecified</database>
	</source>
	<size>
		<width>540</width>
		<height>540</height>
		<depth>3</depth>
	</size>
	<object>
		<name>Gucci</name>
		<pose>Unspecified</pose>
		<truncated>0</truncated>
		<difficult>0</difficult>
		<bndbox>
			<xmin>123</xmin>
			<ymin>341</ymin>
			<xmax>336</xmax>
			<ymax>388</ymax>
		</bndbox>
	</object>
	<object>
		<name>Gucci</name>
		<pose>Unspecified</pose>
		<truncated>0</truncated>
		<difficult>0</difficult>
		<bndbox>
			<xmin>226</xmin>
			<ymin>388</ymin>
			<xmax>300</xmax>
			<ymax>451</ymax>
		</bndbox>
	</object>
	<object>
		<name>Gucci</name>
		<pose>Unspecified</pose>
		<truncated>0</truncated>
		<difficult>0</difficult>
		<bndbox>
			<xmin>90</xmin>
			<ymin>296</ymin>
			<xmax>431</xmax>
			<ymax>507</ymax>
		</bndbox>
	</object>
</annotation>