<annotation>
	<folder>my-project-name</folder>
	<filename>443497_DTDIY_5306_006_100_0000_Light3.jpg</filename>
	<path>/my-project-name/443497_DTDIY_5306_006_100_0000_Light3.jpg</path>
	<source>
		<database>Unspecified</database>
	</source>
	<size>
		<width>316</width>
		<height>316</height>
		<depth>3</depth>
	</size>

	<object>
		<name>Gucci</name>
		<pose>Unspecified</pose>
		<truncated>0</truncated>
		<difficult>0</difficult>
		<bndbox>
			<xmin>71</xmin>
			<ymin>170</ymin>
			<xmax>247</xmax>
			<ymax>283</ymax>
		</bndbox>
	</object>
	<object>
		<name>Gucci</name>
		<pose>Unspecified</pose>
		<truncated>0</truncated>
		<difficult>0</difficult>
		<bndbox>
			<xmin>146</xmin>
			<ymin>222</ymin>
			<xmax>195</xmax>
			<ymax>253</ymax>
		</bndbox>
	</object>
</annotation>