<annotation>
	<folder>my-project-name</folder>
	<filename>443497_UM8AN_1711_002_078_0038_Light5.jpg</filename>
	<path>/my-project-name/443497_UM8AN_1711_002_078_0038_Light5.jpg</path>
	<source>
		<database>Unspecified</database>
	</source>
	<size>
		<width>540</width>
		<height>540</height>
		<depth>3</depth>
	</size>
	<object>
		<name>Gucci</name>
		<pose>Unspecified</pose>
		<truncated>0</truncated>
		<difficult>0</difficult>
		<bndbox>
			<xmin>168</xmin>
			<ymin>383</ymin>
			<xmax>222</xmax>
			<ymax>446</ymax>
		</bndbox>
	</object>
	<object>
		<name>Gucci</name>
		<pose>Unspecified</pose>
		<truncated>0</truncated>
		<difficult>0</difficult>
		<bndbox>
			<xmin>139</xmin>
			<ymin>279</ymin>
			<xmax>386</xmax>
			<ymax>520</ymax>
		</bndbox>
	</object>
</annotation>