<annotation>
	<folder>my-project-name</folder>
	<filename>443497_HVKEG_9772_001_062_0000_Light2.jpg</filename>
	<path>/my-project-name/443497_HVKEG_9772_001_062_0000_Light2.jpg</path>
	<source>
		<database>Unspecified</database>
	</source>
	<size>
		<width>235</width>
		<height>235</height>
		<depth>3</depth>
	</size>
	<object>
		<name>Gucci</name>
		<pose>Unspecified</pose>
		<truncated>0</truncated>
		<difficult>0</difficult>
		<bndbox>
			<xmin>96</xmin>
			<ymin>168</ymin>
			<xmax>138</xmax>
			<ymax>202</ymax>
		</bndbox>
	</object>
	<object>
		<name>Gucci</name>
		<pose>Unspecified</pose>
		<truncated>0</truncated>
		<difficult>0</difficult>
		<bndbox>
			<xmin>80</xmin>
			<ymin>158</ymin>
			<xmax>90</xmax>
			<ymax>166</ymax>
		</bndbox>
	</object>
	<object>
		<name>Gucci</name>
		<pose>Unspecified</pose>
		<truncated>0</truncated>
		<difficult>0</difficult>
		<bndbox>
			<xmin>78</xmin>
			<ymin>150</ymin>
			<xmax>126</xmax>
			<ymax>177</ymax>
		</bndbox>
	</object>
	<object>
		<name>Gucci</name>
		<pose>Unspecified</pose>
		<truncated>0</truncated>
		<difficult>0</difficult>
		<bndbox>
			<xmin>50</xmin>
			<ymin>138</ymin>
			<xmax>180</xmax>
			<ymax>218</ymax>
		</bndbox>
	</object>
</annotation>