<annotation>
	<folder>my-project-name</folder>
	<filename>443497_DTDIT_1000_001_063_0000_Light2.jpg</filename>
	<path>/my-project-name/443497_DTDIT_1000_001_063_0000_Light2.jpg</path>
	<source>
		<database>Unspecified</database>
	</source>
	<size>
		<width>235</width>
		<height>235</height>
		<depth>3</depth>
	</size>
	<object>
		<name>Gucci</name>
		<pose>Unspecified</pose>
		<truncated>0</truncated>
		<difficult>0</difficult>
		<bndbox>
			<xmin>48</xmin>
			<ymin>134</ymin>
			<xmax>189</xmax>
			<ymax>222</ymax>
		</bndbox>
	</object>
	<object>
		<name>Gucci</name>
		<pose>Unspecified</pose>
		<truncated>0</truncated>
		<difficult>0</difficult>
		<bndbox>
			<xmin>101</xmin>
			<ymin>166</ymin>
			<xmax>143</xmax>
			<ymax>203</ymax>
		</bndbox>
	</object>
</annotation>