<annotation>
	<folder>my-project-name</folder>
	<filename>443497_DTDIT_1000_002_063_0000_Light5.jpg</filename>
	<path>/my-project-name/443497_DTDIT_1000_002_063_0000_Light5.jpg</path>
	<source>
		<database>Unspecified</database>
	</source>
	<size>
		<width>540</width>
		<height>540</height>
		<depth>3</depth>
	</size>
	<object>
		<name>Gucci</name>
		<pose>Unspecified</pose>
		<truncated>0</truncated>
		<difficult>0</difficult>
		<bndbox>
			<xmin>171</xmin>
			<ymin>364</ymin>
			<xmax>244</xmax>
			<ymax>435</ymax>
		</bndbox>
	</object>
	<object>
		<name>Gucci</name>
		<pose>Unspecified</pose>
		<truncated>0</truncated>
		<difficult>0</difficult>
		<bndbox>
			<xmin>158</xmin>
			<ymin>294</ymin>
			<xmax>409</xmax>
			<ymax>502</ymax>
		</bndbox>
	</object>
</annotation>