<annotation>
	<folder>my-project-name</folder>
	<filename>443497_DTDFV_1000_001_063_0000_Light5.jpg</filename>
	<path>/my-project-name/443497_DTDFV_1000_001_063_0000_Light5.jpg</path>
	<source>
		<database>Unspecified</database>
	</source>
	<size>
		<width>540</width>
		<height>540</height>
		<depth>3</depth>
	</size>
	<object>
		<name>Gucci</name>
		<pose>Unspecified</pose>
		<truncated>0</truncated>
		<difficult>0</difficult>
		<bndbox>
			<xmin>91</xmin>
			<ymin>296</ymin>
			<xmax>454</xmax>
			<ymax>519</ymax>
		</bndbox>
	</object>
	<object>
		<name>Gucci</name>
		<pose>Unspecified</pose>
		<truncated>0</truncated>
		<difficult>0</difficult>
		<bndbox>
			<xmin>225</xmin>
			<ymin>384</ymin>
			<xmax>299</xmax>
			<ymax>446</ymax>
		</bndbox>
	</object>
	<object>
		<name>Gucci</name>
		<pose>Unspecified</pose>
		<truncated>0</truncated>
		<difficult>0</difficult>
		<bndbox>
			<xmin>140</xmin>
			<ymin>341</ymin>
			<xmax>327</xmax>
			<ymax>393</ymax>
		</bndbox>
	</object>
</annotation>