<annotation>
	<folder>my-project-name</folder>
	<filename>443497_DTDIT_6433_003_100_0000_Light2.jpg</filename>
	<path>/my-project-name/443497_DTDIT_6433_003_100_0000_Light2.jpg</path>
	<source>
		<database>Unspecified</database>
	</source>
	<size>
		<width>235</width>
		<height>235</height>
		<depth>3</depth>
	</size>

	<object>
		<name>Gucci</name>
		<pose>Unspecified</pose>
		<truncated>0</truncated>
		<difficult>0</difficult>
		<bndbox>
			<xmin>84</xmin>
			<ymin>127</ymin>
			<xmax>93</xmax>
			<ymax>138</ymax>
		</bndbox>
	</object>
	<object>
		<name>Gucci</name>
		<pose>Unspecified</pose>
		<truncated>0</truncated>
		<difficult>0</difficult>
		<bndbox>
			<xmin>75</xmin>
			<ymin>116</ymin>
			<xmax>111</xmax>
			<ymax>149</ymax>
		</bndbox>
	</object>
</annotation>