<annotation>
	<folder>my-project-name</folder>
	<filename>443497_DTDIT_5729_001_063_0000_Light5.jpg</filename>
	<path>/my-project-name/443497_DTDIT_5729_001_063_0000_Light5.jpg</path>
	<source>
		<database>Unspecified</database>
	</source>
	<size>
		<width>540</width>
		<height>540</height>
		<depth>3</depth>
	</size>
	<object>
		<name>Gucci</name>
		<pose>Unspecified</pose>
		<truncated>0</truncated>
		<difficult>0</difficult>
		<bndbox>
			<xmin>124</xmin>
			<ymin>306</ymin>
			<xmax>426</xmax>
			<ymax>504</ymax>
		</bndbox>
	</object>
	<object>
		<name>Gucci</name>
		<pose>Unspecified</pose>
		<truncated>0</truncated>
		<difficult>0</difficult>
		<bndbox>
			<xmin>225</xmin>
			<ymin>381</ymin>
			<xmax>327</xmax>
			<ymax>447</ymax>
		</bndbox>
	</object>
	<object>
		<name>Gucci</name>
		<pose>Unspecified</pose>
		<truncated>0</truncated>
		<difficult>0</difficult>
		<bndbox>
			<xmin>140</xmin>
			<ymin>340</ymin>
			<xmax>311</xmax>
			<ymax>392</ymax>
		</bndbox>
	</object>
</annotation>