<annotation>
	<folder>my-project-name</folder>
	<filename>443497_DTDFV_1000_009_063_0000_Light5.jpg</filename>
	<path>/my-project-name/443497_DTDFV_1000_009_063_0000_Light5.jpg</path>
	<source>
		<database>Unspecified</database>
	</source>
	<size>
		<width>540</width>
		<height>540</height>
		<depth>3</depth>
	</size>
	<object>
		<name>Gucci</name>
		<pose>Unspecified</pose>
		<truncated>0</truncated>
		<difficult>0</difficult>
		<bndbox>
			<xmin>177</xmin>
			<ymin>386</ymin>
			<xmax>408</xmax>
			<ymax>483</ymax>
		</bndbox>
	</object>
	<object>
		<name>Gucci</name>
		<pose>Unspecified</pose>
		<truncated>0</truncated>
		<difficult>0</difficult>
		<bndbox>
			<xmin>95</xmin>
			<ymin>300</ymin>
			<xmax>458</xmax>
			<ymax>537</ymax>
		</bndbox>
	</object>
</annotation>