<annotation>
	<folder>my-project-name</folder>
	<filename>443497_UM8AN_9022_001_063_0000_Light2.jpg</filename>
	<path>/my-project-name/443497_UM8AN_9022_001_063_0000_Light2.jpg</path>
	<source>
		<database>Unspecified</database>
	</source>
	<size>
		<width>235</width>
		<height>235</height>
		<depth>3</depth>
	</size>
	<object>
		<name>Gucci</name>
		<pose>Unspecified</pose>
		<truncated>0</truncated>
		<difficult>0</difficult>
		<bndbox>
			<xmin>89</xmin>
			<ymin>170</ymin>
			<xmax>135</xmax>
			<ymax>198</ymax>
		</bndbox>
	</object>
	<object>
		<name>Gucci</name>
		<pose>Unspecified</pose>
		<truncated>0</truncated>
		<difficult>0</difficult>
		<bndbox>
			<xmin>46</xmin>
			<ymin>132</ymin>
			<xmax>195</xmax>
			<ymax>222</ymax>
		</bndbox>
	</object>
</annotation>