<annotation>
	<folder>my-project-name</folder>
	<filename>446744_UM8AN_1711_001_055_0000_Light5.jpg</filename>
	<path>/my-project-name/446744_UM8AN_1711_001_055_0000_Light5.jpg</path>
	<source>
		<database>Unspecified</database>
	</source>
	<size>
		<width>540</width>
		<height>540</height>
		<depth>3</depth>
	</size>
	<object>
		<name>Gucci</name>
		<pose>Unspecified</pose>
		<truncated>0</truncated>
		<difficult>0</difficult>
		<bndbox>
			<xmin>135</xmin>
			<ymin>335</ymin>
			<xmax>407</xmax>
			<ymax>503</ymax>
		</bndbox>
	</object>
	<object>
		<name>Gucci</name>
		<pose>Unspecified</pose>
		<truncated>0</truncated>
		<difficult>0</difficult>
		<bndbox>
			<xmin>225</xmin>
			<ymin>393</ymin>
			<xmax>308</xmax>
			<ymax>454</ymax>
		</bndbox>
	</object>
</annotation>