<annotation>
	<folder>my-project-name</folder>
	<filename>446744_UM8AN_9022_001_055_0000_Light5.jpg</filename>
	<path>/my-project-name/446744_UM8AN_9022_001_055_0000_Light5.jpg</path>
	<source>
		<database>Unspecified</database>
	</source>
	<size>
		<width>540</width>
		<height>540</height>
		<depth>3</depth>
	</size>
	<object>
		<name>Gucci</name>
		<pose>Unspecified</pose>
		<truncated>0</truncated>
		<difficult>0</difficult>
		<bndbox>
			<xmin>130</xmin>
			<ymin>338</ymin>
			<xmax>409</xmax>
			<ymax>513</ymax>
		</bndbox>
	</object>
	<object>
		<name>Gucci</name>
		<pose>Unspecified</pose>
		<truncated>0</truncated>
		<difficult>0</difficult>
		<bndbox>
			<xmin>224</xmin>
			<ymin>392</ymin>
			<xmax>303</xmax>
			<ymax>459</ymax>
		</bndbox>
	</object>
</annotation>