<annotation>
	<folder>my-project-name</folder>
	<filename>446744_DTDFV_1000_003_100_0000_Light4.jpg</filename>
	<path>/my-project-name/446744_DTDFV_1000_003_100_0000_Light4.jpg</path>
	<source>
		<database>Unspecified</database>
	</source>
	<size>
		<width>470</width>
		<height>470</height>
		<depth>3</depth>
	</size>

	<object>
		<name>Gucci</name>
		<pose>Unspecified</pose>
		<truncated>0</truncated>
		<difficult>0</difficult>
		<bndbox>
			<xmin>207</xmin>
			<ymin>201</ymin>
			<xmax>331</xmax>
			<ymax>342</ymax>
		</bndbox>
	</object>
	<object>
		<name>Gucci</name>
		<pose>Unspecified</pose>
		<truncated>0</truncated>
		<difficult>0</difficult>
		<bndbox>
			<xmin>253</xmin>
			<ymin>260</ymin>
			<xmax>293</xmax>
			<ymax>302</ymax>
		</bndbox>
	</object>
</annotation>