<annotation>
	<folder>my-project-name</folder>
	<filename>446744_UM8AN_2754_001_055_0000_Light2.jpg</filename>
	<path>/my-project-name/446744_UM8AN_2754_001_055_0000_Light2.jpg</path>
	<source>
		<database>Unspecified</database>
	</source>
	<size>
		<width>235</width>
		<height>235</height>
		<depth>3</depth>
	</size>
	<object>
		<name>Gucci</name>
		<pose>Unspecified</pose>
		<truncated>0</truncated>
		<difficult>0</difficult>
		<bndbox>
			<xmin>57</xmin>
			<ymin>147</ymin>
			<xmax>178</xmax>
			<ymax>223</ymax>
		</bndbox>
	</object>
	<object>
		<name>Gucci</name>
		<pose>Unspecified</pose>
		<truncated>0</truncated>
		<difficult>0</difficult>
		<bndbox>
			<xmin>95</xmin>
			<ymin>167</ymin>
			<xmax>135</xmax>
			<ymax>199</ymax>
		</bndbox>
	</object>
</annotation>