<annotation>
	<folder>my-project-name</folder>
	<filename>446744_DTDIT_9022_003_055_0000_Light3.jpg</filename>
	<path>/my-project-name/446744_DTDIT_9022_003_055_0000_Light3.jpg</path>
	<source>
		<database>Unspecified</database>
	</source>
	<size>
		<width>316</width>
		<height>316</height>
		<depth>3</depth>
	</size>
	<object>
		<name>Gucci</name>
		<pose>Unspecified</pose>
		<truncated>0</truncated>
		<difficult>0</difficult>
		<bndbox>
			<xmin>103</xmin>
			<ymin>225</ymin>
			<xmax>229</xmax>
			<ymax>287</ymax>
		</bndbox>
	</object>
	<object>
		<name>Gucci</name>
		<pose>Unspecified</pose>
		<truncated>0</truncated>
		<difficult>0</difficult>
		<bndbox>
			<xmin>64</xmin>
			<ymin>178</ymin>
			<xmax>241</xmax>
			<ymax>296</ymax>
		</bndbox>
	</object>
</annotation>