<annotation>
	<folder>my-project-name</folder>
	<filename>446744_DTDFV_1000_001_055_0000_Light5.jpg</filename>
	<path>/my-project-name/446744_DTDFV_1000_001_055_0000_Light5.jpg</path>
	<source>
		<database>Unspecified</database>
	</source>
	<size>
		<width>540</width>
		<height>540</height>
		<depth>3</depth>
	</size>
	<object>
		<name>Gucci</name>
		<pose>Unspecified</pose>
		<truncated>0</truncated>
		<difficult>0</difficult>
		<bndbox>
			<xmin>137</xmin>
			<ymin>334</ymin>
			<xmax>405</xmax>
			<ymax>504</ymax>
		</bndbox>
	</object>
	<object>
		<name>Gucci</name>
		<pose>Unspecified</pose>
		<truncated>0</truncated>
		<difficult>0</difficult>
		<bndbox>
			<xmin>229</xmin>
			<ymin>397</ymin>
			<xmax>302</xmax>
			<ymax>447</ymax>
		</bndbox>
	</object>
</annotation>