<annotation>
	<folder>my-project-name</folder>
	<filename>446744_UM8AN_9022_003_055_0000_Light4.jpg</filename>
	<path>/my-project-name/446744_UM8AN_9022_003_055_0000_Light4.jpg</path>
	<source>
		<database>Unspecified</database>
	</source>
	<size>
		<width>470</width>
		<height>470</height>
		<depth>3</depth>
	</size>
	<object>
		<name>Gucci</name>
		<pose>Unspecified</pose>
		<truncated>0</truncated>
		<difficult>0</difficult>
		<bndbox>
			<xmin>100</xmin>
			<ymin>271</ymin>
			<xmax>367</xmax>
			<ymax>455</ymax>
		</bndbox>
	</object>
</annotation>