<annotation>
	<folder>my-project-name</folder>
	<filename>446744_UM8AF_3352_004_100_0000_Light4.jpg</filename>
	<path>/my-project-name/446744_UM8AF_3352_004_100_0000_Light4.jpg</path>
	<source>
		<database>Unspecified</database>
	</source>
	<size>
		<width>470</width>
		<height>470</height>
		<depth>3</depth>
	</size>


	<object>
		<name>Gucci</name>
		<pose>Unspecified</pose>
		<truncated>0</truncated>
		<difficult>0</difficult>
		<bndbox>
			<xmin>223</xmin>
			<ymin>282</ymin>
			<xmax>252</xmax>
			<ymax>312</ymax>
		</bndbox>
	</object>
	<object>
		<name>Gucci</name>
		<pose>Unspecified</pose>
		<truncated>0</truncated>
		<difficult>0</difficult>
		<bndbox>
			<xmin>183</xmin>
			<ymin>259</ymin>
			<xmax>283</xmax>
			<ymax>343</ymax>
		</bndbox>
	</object>
</annotation>