<annotation>
	<folder>my-project-name</folder>
	<filename>446744_UM8AF_3352_003_100_0000_Light3.jpg</filename>
	<path>/my-project-name/446744_UM8AF_3352_003_100_0000_Light3.jpg</path>
	<source>
		<database>Unspecified</database>
	</source>
	<size>
		<width>316</width>
		<height>316</height>
		<depth>3</depth>
	</size>

	<object>
		<name>Gucci</name>
		<pose>Unspecified</pose>
		<truncated>0</truncated>
		<difficult>0</difficult>
		<bndbox>
			<xmin>123</xmin>
			<ymin>190</ymin>
			<xmax>152</xmax>
			<ymax>211</ymax>
		</bndbox>
	</object>
	<object>
		<name>Gucci</name>
		<pose>Unspecified</pose>
		<truncated>0</truncated>
		<difficult>0</difficult>
		<bndbox>
			<xmin>105</xmin>
			<ymin>156</ymin>
			<xmax>173</xmax>
			<ymax>233</ymax>
		</bndbox>
	</object>
</annotation>