<annotation>
	<folder>my-project-name</folder>
	<filename>446744_DTDIT_9022_001_055_0000_Light2.jpg</filename>
	<path>/my-project-name/446744_DTDIT_9022_001_055_0000_Light2.jpg</path>
	<source>
		<database>Unspecified</database>
	</source>
	<size>
		<width>235</width>
		<height>235</height>
		<depth>3</depth>
	</size>
	<object>
		<name>Gucci</name>
		<pose>Unspecified</pose>
		<truncated>0</truncated>
		<difficult>0</difficult>
		<bndbox>
			<xmin>61</xmin>
			<ymin>142</ymin>
			<xmax>177</xmax>
			<ymax>218</ymax>
		</bndbox>
	</object>
	<object>
		<name>Gucci</name>
		<pose>Unspecified</pose>
		<truncated>0</truncated>
		<difficult>0</difficult>
		<bndbox>
			<xmin>102</xmin>
			<ymin>170</ymin>
			<xmax>132</xmax>
			<ymax>192</ymax>
		</bndbox>
	</object>
</annotation>