<annotation>
	<folder>my-project-name</folder>
	<filename>446744_UM8AN_1711_005_100_0000_Light2.jpg</filename>
	<path>/my-project-name/446744_UM8AN_1711_005_100_0000_Light2.jpg</path>
	<source>
		<database>Unspecified</database>
	</source>
	<size>
		<width>632</width>
		<height>790</height>
		<depth>3</depth>
	</size>

	<object>
		<name>Gucci</name>
		<pose>Unspecified</pose>
		<truncated>0</truncated>
		<difficult>0</difficult>
		<bndbox>
			<xmin>241</xmin>
			<ymin>261</ymin>
			<xmax>335</xmax>
			<ymax>327</ymax>
		</bndbox>
	</object>
	<object>
		<name>Gucci</name>
		<pose>Unspecified</pose>
		<truncated>0</truncated>
		<difficult>0</difficult>
		<bndbox>
			<xmin>252</xmin>
			<ymin>275</ymin>
			<xmax>281</xmax>
			<ymax>304</ymax>
		</bndbox>
	</object>
</annotation>