<annotation>
	<folder>my-project-name</folder>
	<filename>446744_DTDIT_1000_004_100_0000_Light4.jpg</filename>
	<path>/my-project-name/446744_DTDIT_1000_004_100_0000_Light4.jpg</path>
	<source>
		<database>Unspecified</database>
	</source>
	<size>
		<width>470</width>
		<height>470</height>
		<depth>3</depth>
	</size>

	<object>
		<name>Gucci</name>
		<pose>Unspecified</pose>
		<truncated>0</truncated>
		<difficult>0</difficult>
		<bndbox>
			<xmin>191</xmin>
			<ymin>247</ymin>
			<xmax>214</xmax>
			<ymax>271</ymax>
		</bndbox>
	</object>
	<object>
		<name>Gucci</name>
		<pose>Unspecified</pose>
		<truncated>0</truncated>
		<difficult>0</difficult>
		<bndbox>
			<xmin>159</xmin>
			<ymin>230</ymin>
			<xmax>262</xmax>
			<ymax>291</ymax>
		</bndbox>
	</object>
</annotation>