<annotation>
	<folder>my-project-name</folder>
	<filename>446744_UM8AN_2754_002_055_0000_Light3.jpg</filename>
	<path>/my-project-name/446744_UM8AN_2754_002_055_0000_Light3.jpg</path>
	<source>
		<database>Unspecified</database>
	</source>
	<size>
		<width>316</width>
		<height>316</height>
		<depth>3</depth>
	</size>
	<object>
		<name>Gucci</name>
		<pose>Unspecified</pose>
		<truncated>0</truncated>
		<difficult>0</difficult>
		<bndbox>
			<xmin>100</xmin>
			<ymin>194</ymin>
			<xmax>219</xmax>
			<ymax>296</ymax>
		</bndbox>
	</object>
	<object>
		<name>Gucci</name>
		<pose>Unspecified</pose>
		<truncated>0</truncated>
		<difficult>0</difficult>
		<bndbox>
			<xmin>116</xmin>
			<ymin>228</ymin>
			<xmax>140</xmax>
			<ymax>263</ymax>
		</bndbox>
	</object>
</annotation>