<annotation>
	<folder>my-project-name</folder>
	<filename>446744_DTDIT_1000_006_055_0000_Light5.jpg</filename>
	<path>/my-project-name/446744_DTDIT_1000_006_055_0000_Light5.jpg</path>
	<source>
		<database>Unspecified</database>
	</source>
	<size>
		<width>540</width>
		<height>540</height>
		<depth>3</depth>
	</size>
	<object>
		<name>Gucci</name>
		<pose>Unspecified</pose>
		<truncated>0</truncated>
		<difficult>0</difficult>
		<bndbox>
			<xmin>196</xmin>
			<ymin>209</ymin>
			<xmax>381</xmax>
			<ymax>515</ymax>
		</bndbox>
	</object>
	<object>
		<name>Gucci</name>
		<pose>Unspecified</pose>
		<truncated>0</truncated>
		<difficult>0</difficult>
		<bndbox>
			<xmin>233</xmin>
			<ymin>300</ymin>
			<xmax>294</xmax>
			<ymax>434</ymax>
		</bndbox>
	</object>
</annotation>