<annotation>
	<folder>my-project-name</folder>
	<filename>446744_UM8AN_1000_004_055_0016_Light5.jpg</filename>
	<path>/my-project-name/446744_UM8AN_1000_004_055_0016_Light5.jpg</path>
	<source>
		<database>Unspecified</database>
	</source>
	<size>
		<width>540</width>
		<height>540</height>
		<depth>3</depth>
	</size>
	<object>
		<name>Gucci</name>
		<pose>Unspecified</pose>
		<truncated>0</truncated>
		<difficult>0</difficult>
		<bndbox>
			<xmin>192</xmin>
			<ymin>349</ymin>
			<xmax>356</xmax>
			<ymax>511</ymax>
		</bndbox>
	</object>
</annotation>