<annotation>
	<folder>my-project-name</folder>
	<filename>446744_UM8AN_2754_004_055_0000_Light5.jpg</filename>
	<path>/my-project-name/446744_UM8AN_2754_004_055_0000_Light5.jpg</path>
	<source>
		<database>Unspecified</database>
	</source>
	<size>
		<width>540</width>
		<height>540</height>
		<depth>3</depth>
	</size>
	<object>
		<name>Gucci</name>
		<pose>Unspecified</pose>
		<truncated>0</truncated>
		<difficult>0</difficult>
		<bndbox>
			<xmin>201</xmin>
			<ymin>323</ymin>
			<xmax>334</xmax>
			<ymax>495</ymax>
		</bndbox>
	</object>
</annotation>