<annotation>
	<folder>my-project-name</folder>
	<filename>446744_DTDFV_1000_002_055_0000_Light4.jpg</filename>
	<path>/my-project-name/446744_DTDFV_1000_002_055_0000_Light4.jpg</path>
	<source>
		<database>Unspecified</database>
	</source>
	<size>
		<width>470</width>
		<height>470</height>
		<depth>3</depth>
	</size>
	<object>
		<name>Gucci</name>
		<pose>Unspecified</pose>
		<truncated>0</truncated>
		<difficult>0</difficult>
		<bndbox>
			<xmin>152</xmin>
			<ymin>289</ymin>
			<xmax>319</xmax>
			<ymax>434</ymax>
		</bndbox>
	</object>
	<object>
		<name>Gucci</name>
		<pose>Unspecified</pose>
		<truncated>0</truncated>
		<difficult>0</difficult>
		<bndbox>
			<xmin>168</xmin>
			<ymin>336</ymin>
			<xmax>207</xmax>
			<ymax>385</ymax>
		</bndbox>
	</object>
</annotation>