<annotation>
	<folder>my-project-name</folder>
	<filename>446744_DTDIT_9022_006_055_0000_Light5.jpg</filename>
	<path>/my-project-name/446744_DTDIT_9022_006_055_0000_Light5.jpg</path>
	<source>
		<database>Unspecified</database>
	</source>
	<size>
		<width>540</width>
		<height>540</height>
		<depth>3</depth>
	</size>
	<object>
		<name>Gucci</name>
		<pose>Unspecified</pose>
		<truncated>0</truncated>
		<difficult>0</difficult>
		<bndbox>
			<xmin>228</xmin>
			<ymin>311</ymin>
			<xmax>289</xmax>
			<ymax>438</ymax>
		</bndbox>
	</object>
	<object>
		<name>Gucci</name>
		<pose>Unspecified</pose>
		<truncated>0</truncated>
		<difficult>0</difficult>
		<bndbox>
			<xmin>205</xmin>
			<ymin>212</ymin>
			<xmax>368</xmax>
			<ymax>490</ymax>
		</bndbox>
	</object>
</annotation>