<annotation>
	<folder>my-project-name</folder>
	<filename>446744_UM8AN_1000_001_055_0016_Light2.jpg</filename>
	<path>/my-project-name/446744_UM8AN_1000_001_055_0016_Light2.jpg</path>
	<source>
		<database>Unspecified</database>
	</source>
	<size>
		<width>235</width>
		<height>235</height>
		<depth>3</depth>
	</size>
	<object>
		<name>Gucci</name>
		<pose>Unspecified</pose>
		<truncated>0</truncated>
		<difficult>0</difficult>
		<bndbox>
			<xmin>59</xmin>
			<ymin>151</ymin>
			<xmax>176</xmax>
			<ymax>221</ymax>
		</bndbox>
	</object>
	<object>
		<name>Gucci</name>
		<pose>Unspecified</pose>
		<truncated>0</truncated>
		<difficult>0</difficult>
		<bndbox>
			<xmin>93</xmin>
			<ymin>179</ymin>
			<xmax>138</xmax>
			<ymax>203</ymax>
		</bndbox>
	</object>
</annotation>