<annotation>
	<folder>my-project-name</folder>
	<filename>446744_UM8AF_3352_001_055_0000_Light5.jpg</filename>
	<path>/my-project-name/446744_UM8AF_3352_001_055_0000_Light5.jpg</path>
	<source>
		<database>Unspecified</database>
	</source>
	<size>
		<width>540</width>
		<height>540</height>
		<depth>3</depth>
	</size>
	<object>
		<name>Gucci</name>
		<pose>Unspecified</pose>
		<truncated>0</truncated>
		<difficult>0</difficult>
		<bndbox>
			<xmin>132</xmin>
			<ymin>342</ymin>
			<xmax>406</xmax>
			<ymax>501</ymax>
		</bndbox>
	</object>
	<object>
		<name>Gucci</name>
		<pose>Unspecified</pose>
		<truncated>0</truncated>
		<difficult>0</difficult>
		<bndbox>
			<xmin>230</xmin>
			<ymin>389</ymin>
			<xmax>304</xmax>
			<ymax>454</ymax>
		</bndbox>
	</object>
</annotation>