<annotation>
	<folder>my-project-name</folder>
	<filename>447632_DTD1T_5729_001_067_0029_Light5.jpg</filename>
	<path>/my-project-name/447632_DTD1T_5729_001_067_0029_Light5.jpg</path>
	<source>
		<database>Unspecified</database>
	</source>
	<size>
		<width>540</width>
		<height>540</height>
		<depth>3</depth>
	</size>
	<object>
		<name>Gucci</name>
		<pose>Unspecified</pose>
		<truncated>0</truncated>
		<difficult>0</difficult>
		<bndbox>
			<xmin>97</xmin>
			<ymin>310</ymin>
			<xmax>438</xmax>
			<ymax>510</ymax>
		</bndbox>
	</object>
	<object>
		<name>Gucci</name>
		<pose>Unspecified</pose>
		<truncated>0</truncated>
		<difficult>0</difficult>
		<bndbox>
			<xmin>217</xmin>
			<ymin>365</ymin>
			<xmax>318</xmax>
			<ymax>425</ymax>
		</bndbox>
	</object>
</annotation>