<annotation>
	<folder>my-project-name</folder>
	<filename>447632_DTDHV_1000_004_100_0000_Light4.jpg</filename>
	<path>/my-project-name/447632_DTDHV_1000_004_100_0000_Light4.jpg</path>
	<source>
		<database>Unspecified</database>
	</source>
	<size>
		<width>470</width>
		<height>470</height>
		<depth>3</depth>
	</size>
	<object>
		<name>Gucci</name>
		<pose>Unspecified</pose>
		<truncated>0</truncated>
		<difficult>0</difficult>
		<bndbox>
			<xmin>192</xmin>
			<ymin>324</ymin>
			<xmax>222</xmax>
			<ymax>349</ymax>
		</bndbox>
	</object>
	<object>
		<name>Gucci</name>
		<pose>Unspecified</pose>
		<truncated>0</truncated>
		<difficult>0</difficult>
		<bndbox>
			<xmin>175</xmin>
			<ymin>314</ymin>
			<xmax>280</xmax>
			<ymax>378</ymax>
		</bndbox>
	</object>
</annotation>