<annotation>
	<folder>my-project-name</folder>
	<filename>447632_DTDHV_1000_003_100_0000_Light5.jpg</filename>
	<path>/my-project-name/447632_DTDHV_1000_003_100_0000_Light5.jpg</path>
	<source>
		<database>Unspecified</database>
	</source>
	<size>
		<width>540</width>
		<height>540</height>
		<depth>3</depth>
	</size>
	<object>
		<name>Gucci</name>
		<pose>Unspecified</pose>
		<truncated>0</truncated>
		<difficult>0</difficult>
		<bndbox>
			<xmin>233</xmin>
			<ymin>356</ymin>
			<xmax>269</xmax>
			<ymax>381</ymax>
		</bndbox>
	</object>
	<object>
		<name>Gucci</name>
		<pose>Unspecified</pose>
		<truncated>0</truncated>
		<difficult>0</difficult>
		<bndbox>
			<xmin>204</xmin>
			<ymin>339</ymin>
			<xmax>304</xmax>
			<ymax>412</ymax>
		</bndbox>
	</object>
</annotation>