<annotation>
	<folder>my-project-name</folder>
	<filename>447632_DTD1T_6433_004_100_0000_Light2.jpg</filename>
	<path>/my-project-name/447632_DTD1T_6433_004_100_0000_Light2.jpg</path>
	<source>
		<database>Unspecified</database>
	</source>
	<size>
		<width>235</width>
		<height>235</height>
		<depth>3</depth>
	</size>
	<object>
		<name>Gucci</name>
		<pose>Unspecified</pose>
		<truncated>0</truncated>
		<difficult>0</difficult>
		<bndbox>
			<xmin>97</xmin>
			<ymin>156</ymin>
			<xmax>106</xmax>
			<ymax>166</ymax>
		</bndbox>
	</object>
	<object>
		<name>Gucci</name>
		<pose>Unspecified</pose>
		<truncated>0</truncated>
		<difficult>0</difficult>
		<bndbox>
			<xmin>83</xmin>
			<ymin>150</ymin>
			<xmax>118</xmax>
			<ymax>181</ymax>
		</bndbox>
	</object>
</annotation>