<annotation>
	<folder>my-project-name</folder>
	<filename>447632_DTD1T_9022_002_067_0036_Light3.jpg</filename>
	<path>/my-project-name/447632_DTD1T_9022_002_067_0036_Light3.jpg</path>
	<source>
		<database>Unspecified</database>
	</source>
	<size>
		<width>316</width>
		<height>316</height>
		<depth>3</depth>
	</size>
	<object>
		<name>Gucci</name>
		<pose>Unspecified</pose>
		<truncated>0</truncated>
		<difficult>0</difficult>
		<bndbox>
			<xmin>95</xmin>
			<ymin>187</ymin>
			<xmax>236</xmax>
			<ymax>301</ymax>
		</bndbox>
	</object>
	<object>
		<name>Gucci</name>
		<pose>Unspecified</pose>
		<truncated>0</truncated>
		<difficult>0</difficult>
		<bndbox>
			<xmin>122</xmin>
			<ymin>207</ymin>
			<xmax>149</xmax>
			<ymax>241</ymax>
		</bndbox>
	</object>
</annotation>