<annotation>
	<folder>my-project-name</folder>
	<filename>447632_DTD1T_1000_001_067_0038_Light5.jpg</filename>
	<path>/my-project-name/447632_DTD1T_1000_001_067_0038_Light5.jpg</path>
	<source>
		<database>Unspecified</database>
	</source>
	<size>
		<width>540</width>
		<height>540</height>
		<depth>3</depth>
	</size>
	<object>
		<name>Gucci</name>
		<pose>Unspecified</pose>
		<truncated>0</truncated>
		<difficult>0</difficult>
		<bndbox>
			<xmin>233</xmin>
			<ymin>353</ymin>
			<xmax>322</xmax>
			<ymax>433</ymax>
		</bndbox>
	</object>
	<object>
		<name>Gucci</name>
		<pose>Unspecified</pose>
		<truncated>0</truncated>
		<difficult>0</difficult>
		<bndbox>
			<xmin>118</xmin>
			<ymin>290</ymin>
			<xmax>434</xmax>
			<ymax>510</ymax>
		</bndbox>
	</object>
</annotation>