<annotation>
	<folder>my-project-name</folder>
	<filename>447632_DTD1T_5729_005_100_0000_Light.jpg</filename>
	<path>/my-project-name/447632_DTD1T_5729_005_100_0000_Light.jpg</path>
	<source>
		<database>Unspecified</database>
	</source>
	<size>
		<width>632</width>
		<height>790</height>
		<depth>3</depth>
	</size>

	<object>
		<name>Gucci</name>
		<pose>Unspecified</pose>
		<truncated>0</truncated>
		<difficult>0</difficult>
		<bndbox>
			<xmin>239</xmin>
			<ymin>345</ymin>
			<xmax>273</xmax>
			<ymax>364</ymax>
		</bndbox>
	</object>
	<object>
		<name>Gucci</name>
		<pose>Unspecified</pose>
		<truncated>0</truncated>
		<difficult>0</difficult>
		<bndbox>
			<xmin>210</xmin>
			<ymin>331</ymin>
			<xmax>320</xmax>
			<ymax>414</ymax>
		</bndbox>
	</object>
</annotation>