<annotation>
	<folder>my-project-name</folder>
	<filename>447632_DTD1T_1000_002_067_0038_Light3.jpg</filename>
	<path>/my-project-name/447632_DTD1T_1000_002_067_0038_Light3.jpg</path>
	<source>
		<database>Unspecified</database>
	</source>
	<size>
		<width>316</width>
		<height>316</height>
		<depth>3</depth>
	</size>
	<object>
		<name>Gucci</name>
		<pose>Unspecified</pose>
		<truncated>0</truncated>
		<difficult>0</difficult>
		<bndbox>
			<xmin>90</xmin>
			<ymin>184</ymin>
			<xmax>251</xmax>
			<ymax>302</ymax>
		</bndbox>
	</object>
	<object>
		<name>Gucci</name>
		<pose>Unspecified</pose>
		<truncated>0</truncated>
		<difficult>0</difficult>
		<bndbox>
			<xmin>116</xmin>
			<ymin>203</ymin>
			<xmax>141</xmax>
			<ymax>241</ymax>
		</bndbox>
	</object>
</annotation>