<annotation>
	<folder>my-project-name</folder>
	<filename>447632_DTD1T_1000_005_100_0000_Light2.jpg</filename>
	<path>/my-project-name/447632_DTD1T_1000_005_100_0000_Light2.jpg</path>
	<source>
		<database>Unspecified</database>
	</source>
	<size>
		<width>632</width>
		<height>790</height>
		<depth>3</depth>
	</size>

	<object>
		<name>Gucci</name>
		<pose>Unspecified</pose>
		<truncated>0</truncated>
		<difficult>0</difficult>
		<bndbox>
			<xmin>271</xmin>
			<ymin>339</ymin>
			<xmax>301</xmax>
			<ymax>364</ymax>
		</bndbox>
	</object>
	<object>
		<name>Gucci</name>
		<pose>Unspecified</pose>
		<truncated>0</truncated>
		<difficult>0</difficult>
		<bndbox>
			<xmin>235</xmin>
			<ymin>325</ymin>
			<xmax>357</xmax>
			<ymax>412</ymax>
		</bndbox>
	</object>
</annotation>