<annotation>
	<folder>my-project-name</folder>
	<filename>447632_DTD1T_6433_006_067_0058_Light5.jpg</filename>
	<path>/my-project-name/447632_DTD1T_6433_006_067_0058_Light5.jpg</path>
	<source>
		<database>Unspecified</database>
	</source>
	<size>
		<width>540</width>
		<height>540</height>
		<depth>3</depth>
	</size>
	<object>
		<name>Gucci</name>
		<pose>Unspecified</pose>
		<truncated>0</truncated>
		<difficult>0</difficult>
		<bndbox>
			<xmin>201</xmin>
			<ymin>188</ymin>
			<xmax>383</xmax>
			<ymax>540</ymax>
		</bndbox>
	</object>
</annotation>