<annotation>
	<folder>my-project-name</folder>
	<filename>447632_DTD1T_1000_003_067_0038_Light4.jpg</filename>
	<path>/my-project-name/447632_DTD1T_1000_003_067_0038_Light4.jpg</path>
	<source>
		<database>Unspecified</database>
	</source>
	<size>
		<width>470</width>
		<height>470</height>
		<depth>3</depth>
	</size>
	<object>
		<name>Gucci</name>
		<pose>Unspecified</pose>
		<truncated>0</truncated>
		<difficult>0</difficult>
		<bndbox>
			<xmin>85</xmin>
			<ymin>302</ymin>
			<xmax>377</xmax>
			<ymax>458</ymax>
		</bndbox>
	</object>
	<object>
		<name>Gucci</name>
		<pose>Unspecified</pose>
		<truncated>0</truncated>
		<difficult>0</difficult>
		<bndbox>
			<xmin>168</xmin>
			<ymin>328</ymin>
			<xmax>287</xmax>
			<ymax>426</ymax>
		</bndbox>
	</object>
</annotation>