<annotation>
	<folder>my-project-name</folder>
	<filename>447632_DTD1T_6433_001_067_0058_Light2.jpg</filename>
	<path>/my-project-name/447632_DTD1T_6433_001_067_0058_Light2.jpg</path>
	<source>
		<database>Unspecified</database>
	</source>
	<size>
		<width>235</width>
		<height>235</height>
		<depth>3</depth>
	</size>
	<object>
		<name>Gucci</name>
		<pose>Unspecified</pose>
		<truncated>0</truncated>
		<difficult>0</difficult>
		<bndbox>
			<xmin>46</xmin>
			<ymin>141</ymin>
			<xmax>191</xmax>
			<ymax>231</ymax>
		</bndbox>
	</object>
	<object>
		<name>Gucci</name>
		<pose>Unspecified</pose>
		<truncated>0</truncated>
		<difficult>0</difficult>
		<bndbox>
			<xmin>97</xmin>
			<ymin>161</ymin>
			<xmax>134</xmax>
			<ymax>187</ymax>
		</bndbox>
	</object>
</annotation>