<annotation>
	<folder>my-project-name</folder>
	<filename>447632_DTD1T_9022_005_100_0000_Light2.jpg</filename>
	<path>/my-project-name/447632_DTD1T_9022_005_100_0000_Light2.jpg</path>
	<source>
		<database>Unspecified</database>
	</source>
	<size>
		<width>632</width>
		<height>790</height>
		<depth>3</depth>
	</size>

	<object>
		<name>Gucci</name>
		<pose>Unspecified</pose>
		<truncated>0</truncated>
		<difficult>0</difficult>
		<bndbox>
			<xmin>264</xmin>
			<ymin>350</ymin>
			<xmax>299</xmax>
			<ymax>376</ymax>
		</bndbox>
	</object>
	<object>
		<name>Gucci</name>
		<pose>Unspecified</pose>
		<truncated>0</truncated>
		<difficult>0</difficult>
		<bndbox>
			<xmin>227</xmin>
			<ymin>337</ymin>
			<xmax>339</xmax>
			<ymax>414</ymax>
		</bndbox>
	</object>
</annotation>