<annotation>
	<folder>my-project-name</folder>
	<filename>447632_DTDHV_1000_002_067_0033_Light5.jpg</filename>
	<path>/my-project-name/447632_DTDHV_1000_002_067_0033_Light5.jpg</path>
	<source>
		<database>Unspecified</database>
	</source>
	<size>
		<width>540</width>
		<height>540</height>
		<depth>3</depth>
	</size>
	<object>
		<name>Gucci</name>
		<pose>Unspecified</pose>
		<truncated>0</truncated>
		<difficult>0</difficult>
		<bndbox>
			<xmin>136</xmin>
			<ymin>315</ymin>
			<xmax>397</xmax>
			<ymax>519</ymax>
		</bndbox>
	</object>
	<object>
		<name>Gucci</name>
		<pose>Unspecified</pose>
		<truncated>0</truncated>
		<difficult>0</difficult>
		<bndbox>
			<xmin>197</xmin>
			<ymin>356</ymin>
			<xmax>224</xmax>
			<ymax>421</ymax>
		</bndbox>
	</object>
</annotation>