<annotation>
	<folder>my-project-name</folder>
	<filename>447632_DTD1T_5729_002_067_0029_Light4.jpg</filename>
	<path>/my-project-name/447632_DTD1T_5729_002_067_0029_Light4.jpg</path>
	<source>
		<database>Unspecified</database>
	</source>
	<size>
		<width>470</width>
		<height>470</height>
		<depth>3</depth>
	</size>
	<object>
		<name>Gucci</name>
		<pose>Unspecified</pose>
		<truncated>0</truncated>
		<difficult>0</difficult>
		<bndbox>
			<xmin>164</xmin>
			<ymin>312</ymin>
			<xmax>196</xmax>
			<ymax>362</ymax>
		</bndbox>
	</object>
	<object>
		<name>Gucci</name>
		<pose>Unspecified</pose>
		<truncated>0</truncated>
		<difficult>0</difficult>
		<bndbox>
			<xmin>127</xmin>
			<ymin>263</ymin>
			<xmax>302</xmax>
			<ymax>434</ymax>
		</bndbox>
	</object>
</annotation>