<annotation>
	<folder>my-project-name</folder>
	<filename>447632_DTD1T_9022_004_067_0036_Light2.jpg</filename>
	<path>/my-project-name/447632_DTD1T_9022_004_067_0036_Light2.jpg</path>
	<source>
		<database>Unspecified</database>
	</source>
	<size>
		<width>235</width>
		<height>235</height>
		<depth>3</depth>
	</size>
	<object>
		<name>Gucci</name>
		<pose>Unspecified</pose>
		<truncated>0</truncated>
		<difficult>0</difficult>
		<bndbox>
			<xmin>86</xmin>
			<ymin>142</ymin>
			<xmax>149</xmax>
			<ymax>228</ymax>
		</bndbox>
	</object>
</annotation>