<annotation>
	<folder>my-project-name</folder>
	<filename>447632_DTD1T_5729_003_067_0029_Light4.jpg</filename>
	<path>/my-project-name/447632_DTD1T_5729_003_067_0029_Light4.jpg</path>
	<source>
		<database>Unspecified</database>
	</source>
	<size>
		<width>470</width>
		<height>470</height>
		<depth>3</depth>
	</size>
	<object>
		<name>Gucci</name>
		<pose>Unspecified</pose>
		<truncated>0</truncated>
		<difficult>0</difficult>
		<bndbox>
			<xmin>160</xmin>
			<ymin>336</ymin>
			<xmax>276</xmax>
			<ymax>425</ymax>
		</bndbox>
	</object>
	<object>
		<name>Gucci</name>
		<pose>Unspecified</pose>
		<truncated>0</truncated>
		<difficult>0</difficult>
		<bndbox>
			<xmin>90</xmin>
			<ymin>278</ymin>
			<xmax>355</xmax>
			<ymax>458</ymax>
		</bndbox>
	</object>
</annotation>