<annotation>
	<folder>my-project-name</folder>
	<filename>447632_DTDHV_1000_001_067_0033_Light5.jpg</filename>
	<path>/my-project-name/447632_DTDHV_1000_001_067_0033_Light5.jpg</path>
	<source>
		<database>Unspecified</database>
	</source>
	<size>
		<width>540</width>
		<height>540</height>
		<depth>3</depth>
	</size>
	<object>
		<name>Gucci</name>
		<pose>Unspecified</pose>
		<truncated>0</truncated>
		<difficult>0</difficult>
		<bndbox>
			<xmin>226</xmin>
			<ymin>367</ymin>
			<xmax>311</xmax>
			<ymax>430</ymax>
		</bndbox>
	</object>
	<object>
		<name>Gucci</name>
		<pose>Unspecified</pose>
		<truncated>0</truncated>
		<difficult>0</difficult>
		<bndbox>
			<xmin>111</xmin>
			<ymin>322</ymin>
			<xmax>435</xmax>
			<ymax>512</ymax>
		</bndbox>
	</object>
</annotation>