<annotation>
	<folder>my-project-name</folder>
	<filename>447632_DTD1T_9022_003_067_0036_Light4.jpg</filename>
	<path>/my-project-name/447632_DTD1T_9022_003_067_0036_Light4.jpg</path>
	<source>
		<database>Unspecified</database>
	</source>
	<size>
		<width>470</width>
		<height>470</height>
		<depth>3</depth>
	</size>
	<object>
		<name>Gucci</name>
		<pose>Unspecified</pose>
		<truncated>0</truncated>
		<difficult>0</difficult>
		<bndbox>
			<xmin>78</xmin>
			<ymin>273</ymin>
			<xmax>361</xmax>
			<ymax>456</ymax>
		</bndbox>
	</object>
	<object>
		<name>Gucci</name>
		<pose>Unspecified</pose>
		<truncated>0</truncated>
		<difficult>0</difficult>
		<bndbox>
			<xmin>173</xmin>
			<ymin>336</ymin>
			<xmax>281</xmax>
			<ymax>420</ymax>
		</bndbox>
	</object>
</annotation>