<annotation>
	<folder>my-project-name</folder>
	<filename>447632_DTD1T_6433_003_100_0000_Light3.jpg</filename>
	<path>/my-project-name/447632_DTD1T_6433_003_100_0000_Light3.jpg</path>
	<source>
		<database>Unspecified</database>
	</source>
	<size>
		<width>316</width>
		<height>316</height>
		<depth>3</depth>
	</size>

	<object>
		<name>Gucci</name>
		<pose>Unspecified</pose>
		<truncated>0</truncated>
		<difficult>0</difficult>
		<bndbox>
			<xmin>128</xmin>
			<ymin>198</ymin>
			<xmax>147</xmax>
			<ymax>211</ymax>
		</bndbox>
	</object>
	<object>
		<name>Gucci</name>
		<pose>Unspecified</pose>
		<truncated>0</truncated>
		<difficult>0</difficult>
		<bndbox>
			<xmin>119</xmin>
			<ymin>188</ymin>
			<xmax>167</xmax>
			<ymax>231</ymax>
		</bndbox>
	</object>
</annotation>