<annotation>
	<folder>my-project-name</folder>
	<filename>447632_DTD1T_5729_004_067_0029_Light5.jpg</filename>
	<path>/my-project-name/447632_DTD1T_5729_004_067_0029_Light5.jpg</path>
	<source>
		<database>Unspecified</database>
	</source>
	<size>
		<width>540</width>
		<height>540</height>
		<depth>3</depth>
	</size>
	<object>
		<name>Gucci</name>
		<pose>Unspecified</pose>
		<truncated>0</truncated>
		<difficult>0</difficult>
		<bndbox>
			<xmin>176</xmin>
			<ymin>296</ymin>
			<xmax>356</xmax>
			<ymax>532</ymax>
		</bndbox>
	</object>
</annotation>