<annotation>
	<folder>my-project-name</folder>
	<filename>447632_DTD1T_6433_001_067_0058_Light4.jpg</filename>
	<path>/my-project-name/447632_DTD1T_6433_001_067_0058_Light4.jpg</path>
	<source>
		<database>Unspecified</database>
	</source>
	<size>
		<width>470</width>
		<height>470</height>
		<depth>3</depth>
	</size>
	<object>
		<name>Gucci</name>
		<pose>Unspecified</pose>
		<truncated>0</truncated>
		<difficult>0</difficult>
		<bndbox>
			<xmin>91</xmin>
			<ymin>282</ymin>
			<xmax>386</xmax>
			<ymax>463</ymax>
		</bndbox>
	</object>
	<object>
		<name>Gucci</name>
		<pose>Unspecified</pose>
		<truncated>0</truncated>
		<difficult>0</difficult>
		<bndbox>
			<xmin>198</xmin>
			<ymin>318</ymin>
			<xmax>258</xmax>
			<ymax>372</ymax>
		</bndbox>
	</object>
</annotation>