<annotation>
	<folder>my-project-name</folder>
	<filename>44941320BMJ1G201000.jpg</filename>
	<path>/my-project-name/44941320BMJ1G201000.jpg</path>
	<source>
		<database>Unspecified</database>
	</source>
	<size>
		<width>600</width>
		<height>600</height>
		<depth>3</depth>
	</size>
	<object>
		<name>Gucci</name>
		<pose>Unspecified</pose>
		<truncated>0</truncated>
		<difficult>0</difficult>
		<bndbox>
			<xmin>69</xmin>
			<ymin>145</ymin>
			<xmax>548</xmax>
			<ymax>461</ymax>
		</bndbox>
	</object>
</annotation>