<annotation>
	<folder>my-project-name</folder>
	<filename>476466_K9GVT_8856_004_081_0020_Light5.jpg</filename>
	<path>/my-project-name/476466_K9GVT_8856_004_081_0020_Light5.jpg</path>
	<source>
		<database>Unspecified</database>
	</source>
	<size>
		<width>540</width>
		<height>540</height>
		<depth>3</depth>
	</size>
	<object>
		<name>Gucci</name>
		<pose>Unspecified</pose>
		<truncated>0</truncated>
		<difficult>0</difficult>
		<bndbox>
			<xmin>150</xmin>
			<ymin>324</ymin>
			<xmax>342</xmax>
			<ymax>502</ymax>
		</bndbox>
	</object>
</annotation>