<annotation>
	<folder>my-project-name</folder>
	<filename>476466_K9GVT_8856_001_081_0020_Light2.jpg</filename>
	<path>/my-project-name/476466_K9GVT_8856_001_081_0020_Light2.jpg</path>
	<source>
		<database>Unspecified</database>
	</source>
	<size>
		<width>235</width>
		<height>235</height>
		<depth>3</depth>
	</size>
	<object>
		<name>Gucci</name>
		<pose>Unspecified</pose>
		<truncated>0</truncated>
		<difficult>0</difficult>
		<bndbox>
			<xmin>81</xmin>
			<ymin>163</ymin>
			<xmax>130</xmax>
			<ymax>199</ymax>
		</bndbox>
	</object>
	<object>
		<name>Gucci</name>
		<pose>Unspecified</pose>
		<truncated>0</truncated>
		<difficult>0</difficult>
		<bndbox>
			<xmin>33</xmin>
			<ymin>129</ymin>
			<xmax>177</xmax>
			<ymax>226</ymax>
		</bndbox>
	</object>
	<object>
		<name>Gucci</name>
		<pose>Unspecified</pose>
		<truncated>0</truncated>
		<difficult>0</difficult>
		<bndbox>
			<xmin>137</xmin>
			<ymin>152</ymin>
			<xmax>161</xmax>
			<ymax>211</ymax>
		</bndbox>
	</object>
</annotation>