<annotation>
	<folder>my-project-name</folder>
	<filename>476466_K9GVT_8856_006_081_0020_Light2.jpg</filename>
	<path>/my-project-name/476466_K9GVT_8856_006_081_0020_Light2.jpg</path>
	<source>
		<database>Unspecified</database>
	</source>
	<size>
		<width>235</width>
		<height>235</height>
		<depth>3</depth>
	</size>
	<object>
		<name>Gucci</name>
		<pose>Unspecified</pose>
		<truncated>0</truncated>
		<difficult>0</difficult>
		<bndbox>
			<xmin>86</xmin>
			<ymin>64</ymin>
			<xmax>162</xmax>
			<ymax>220</ymax>
		</bndbox>
	</object>
</annotation>