<annotation>
	<folder>my-project-name</folder>
	<filename>476466_K9GVT_8856_003_100_0000_Light5.jpg</filename>
	<path>/my-project-name/476466_K9GVT_8856_003_100_0000_Light5.jpg</path>
	<source>
		<database>Unspecified</database>
	</source>
	<size>
		<width>540</width>
		<height>540</height>
		<depth>3</depth>
	</size>
	<object>
		<name>Gucci</name>
		<pose>Unspecified</pose>
		<truncated>0</truncated>
		<difficult>0</difficult>
		<bndbox>
			<xmin>274</xmin>
			<ymin>334</ymin>
			<xmax>351</xmax>
			<ymax>400</ymax>
		</bndbox>
	</object>
	<object>
		<name>Gucci</name>
		<pose>Unspecified</pose>
		<truncated>0</truncated>
		<difficult>0</difficult>
		<bndbox>
			<xmin>308</xmin>
			<ymin>364</ymin>
			<xmax>336</xmax>
			<ymax>384</ymax>
		</bndbox>
	</object>
	<object>
		<name>Gucci</name>
		<pose>Unspecified</pose>
		<truncated>0</truncated>
		<difficult>0</difficult>
		<bndbox>
			<xmin>281</xmin>
			<ymin>199</ymin>
			<xmax>308</xmax>
			<ymax>308</ymax>
		</bndbox>
	</object>
</annotation>