<annotation>
	<folder>my-project-name</folder>
	<filename>479197_KHNKG_9769_002_074_0000_Light2.jpg</filename>
	<path>/my-project-name/479197_KHNKG_9769_002_074_0000_Light2.jpg</path>
	<source>
		<database>Unspecified</database>
	</source>
	<size>
		<width>235</width>
		<height>235</height>
		<depth>3</depth>
	</size>
	<object>
		<name>Gucci</name>
		<pose>Unspecified</pose>
		<truncated>0</truncated>
		<difficult>0</difficult>
		<bndbox>
			<xmin>81</xmin>
			<ymin>156</ymin>
			<xmax>135</xmax>
			<ymax>200</ymax>
		</bndbox>
	</object>
	<object>
		<name>Gucci</name>
		<pose>Unspecified</pose>
		<truncated>0</truncated>
		<difficult>0</difficult>
		<bndbox>
			<xmin>54</xmin>
			<ymin>87</ymin>
			<xmax>192</xmax>
			<ymax>215</ymax>
		</bndbox>
	</object>
</annotation>