<annotation>
	<folder>my-project-name</folder>
	<filename>479197_KHNKG_9769_004_074_0000_Light2.jpg</filename>
	<path>/my-project-name/479197_KHNKG_9769_004_074_0000_Light2.jpg</path>
	<source>
		<database>Unspecified</database>
	</source>
	<size>
		<width>235</width>
		<height>235</height>
		<depth>3</depth>
	</size>
	<object>
		<name>Gucci</name>
		<pose>Unspecified</pose>
		<truncated>0</truncated>
		<difficult>0</difficult>
		<bndbox>
			<xmin>105</xmin>
			<ymin>123</ymin>
			<xmax>147</xmax>
			<ymax>204</ymax>
		</bndbox>
	</object>
	<object>
		<name>Gucci</name>
		<pose>Unspecified</pose>
		<truncated>0</truncated>
		<difficult>0</difficult>
		<bndbox>
			<xmin>71</xmin>
			<ymin>79</ymin>
			<xmax>158</xmax>
			<ymax>221</ymax>
		</bndbox>
	</object>
</annotation>