<annotation>
	<folder>my-project-name</folder>
	<filename>479197_KHNKG_9761_004_074_0000_Light5.jpg</filename>
	<path>/my-project-name/479197_KHNKG_9761_004_074_0000_Light5.jpg</path>
	<source>
		<database>Unspecified</database>
	</source>
	<size>
		<width>540</width>
		<height>540</height>
		<depth>3</depth>
	</size>
	<object>
		<name>Gucci</name>
		<pose>Unspecified</pose>
		<truncated>0</truncated>
		<difficult>0</difficult>
		<bndbox>
			<xmin>224</xmin>
			<ymin>310</ymin>
			<xmax>336</xmax>
			<ymax>479</ymax>
		</bndbox>
	</object>
	<object>
		<name>Gucci</name>
		<pose>Unspecified</pose>
		<truncated>0</truncated>
		<difficult>0</difficult>
		<bndbox>
			<xmin>185</xmin>
			<ymin>236</ymin>
			<xmax>379</xmax>
			<ymax>514</ymax>
		</bndbox>
	</object>
</annotation>