<annotation>
	<folder>my-project-name</folder>
	<filename>479197_KHNKG_9761_001_074_0000_Light2.jpg</filename>
	<path>/my-project-name/479197_KHNKG_9761_001_074_0000_Light2.jpg</path>
	<source>
		<database>Unspecified</database>
	</source>
	<size>
		<width>235</width>
		<height>235</height>
		<depth>3</depth>
	</size>
	<object>
		<name>Gucci</name>
		<pose>Unspecified</pose>
		<truncated>0</truncated>
		<difficult>0</difficult>
		<bndbox>
			<xmin>103</xmin>
			<ymin>173</ymin>
			<xmax>185</xmax>
			<ymax>221</ymax>
		</bndbox>
	</object>
	<object>
		<name>Gucci</name>
		<pose>Unspecified</pose>
		<truncated>0</truncated>
		<difficult>0</difficult>
		<bndbox>
			<xmin>35</xmin>
			<ymin>106</ymin>
			<xmax>202</xmax>
			<ymax>234</ymax>
		</bndbox>
	</object>
</annotation>