<annotation>
	<folder>my-project-name</folder>
	<filename>479197_KHNKG_8534_003_100_0000_Light5.jpg</filename>
	<path>/my-project-name/479197_KHNKG_8534_003_100_0000_Light5.jpg</path>
	<source>
		<database>Unspecified</database>
	</source>
	<size>
		<width>540</width>
		<height>540</height>
		<depth>3</depth>
	</size>
	<object>
		<name>Gucci</name>
		<pose>Unspecified</pose>
		<truncated>0</truncated>
		<difficult>0</difficult>
		<bndbox>
			<xmin>193</xmin>
			<ymin>146</ymin>
			<xmax>266</xmax>
			<ymax>240</ymax>
		</bndbox>
	</object>
</annotation>