<annotation>
	<folder>my-project-name</folder>
	<filename>479197_KHNKG_8534_001_074_0000_Light2.jpg</filename>
	<path>/my-project-name/479197_KHNKG_8534_001_074_0000_Light2.jpg</path>
	<source>
		<database>Unspecified</database>
	</source>
	<size>
		<width>235</width>
		<height>235</height>
		<depth>3</depth>
	</size>
	<object>
		<name>Gucci</name>
		<pose>Unspecified</pose>
		<truncated>0</truncated>
		<difficult>0</difficult>
		<bndbox>
			<xmin>85</xmin>
			<ymin>154</ymin>
			<xmax>181</xmax>
			<ymax>213</ymax>
		</bndbox>
	</object>
	<object>
		<name>Gucci</name>
		<pose>Unspecified</pose>
		<truncated>0</truncated>
		<difficult>0</difficult>
		<bndbox>
			<xmin>24</xmin>
			<ymin>97</ymin>
			<xmax>194</xmax>
			<ymax>226</ymax>
		</bndbox>
	</object>
</annotation>