<annotation>
	<folder>my-project-name</folder>
	<filename>479197_KHNKG_9761_003_074_0000_Light3.jpg</filename>
	<path>/my-project-name/479197_KHNKG_9761_003_074_0000_Light3.jpg</path>
	<source>
		<database>Unspecified</database>
	</source>
	<size>
		<width>316</width>
		<height>316</height>
		<depth>3</depth>
	</size>
	<object>
		<name>Gucci</name>
		<pose>Unspecified</pose>
		<truncated>0</truncated>
		<difficult>0</difficult>
		<bndbox>
			<xmin>39</xmin>
			<ymin>129</ymin>
			<xmax>266</xmax>
			<ymax>298</ymax>
		</bndbox>
	</object>
	<object>
		<name>Gucci</name>
		<pose>Unspecified</pose>
		<truncated>0</truncated>
		<difficult>0</difficult>
		<bndbox>
			<xmin>136</xmin>
			<ymin>204</ymin>
			<xmax>192</xmax>
			<ymax>244</ymax>
		</bndbox>
	</object>
</annotation>