<annotation>
	<folder>my-project-name</folder>
	<filename>479197_KHNKG_9761_002_074_0000_Light4.jpg</filename>
	<path>/my-project-name/479197_KHNKG_9761_002_074_0000_Light4.jpg</path>
	<source>
		<database>Unspecified</database>
	</source>
	<size>
		<width>470</width>
		<height>470</height>
		<depth>3</depth>
	</size>
	<object>
		<name>Gucci</name>
		<pose>Unspecified</pose>
		<truncated>0</truncated>
		<difficult>0</difficult>
		<bndbox>
			<xmin>165</xmin>
			<ymin>334</ymin>
			<xmax>262</xmax>
			<ymax>407</ymax>
		</bndbox>
	</object>
	<object>
		<name>Gucci</name>
		<pose>Unspecified</pose>
		<truncated>0</truncated>
		<difficult>0</difficult>
		<bndbox>
			<xmin>107</xmin>
			<ymin>211</ymin>
			<xmax>373</xmax>
			<ymax>437</ymax>
		</bndbox>
	</object>
</annotation>