<annotation>
	<folder>my-project-name</folder>
	<filename>479197_KHNKG_9769_001_074_0000_Light5.jpg</filename>
	<path>/my-project-name/479197_KHNKG_9769_001_074_0000_Light5.jpg</path>
	<source>
		<database>Unspecified</database>
	</source>
	<size>
		<width>540</width>
		<height>540</height>
		<depth>3</depth>
	</size>
	<object>
		<name>Gucci</name>
		<pose>Unspecified</pose>
		<truncated>0</truncated>
		<difficult>0</difficult>
		<bndbox>
			<xmin>204</xmin>
			<ymin>389</ymin>
			<xmax>459</xmax>
			<ymax>491</ymax>
		</bndbox>
	</object>
	<object>
		<name>Gucci</name>
		<pose>Unspecified</pose>
		<truncated>0</truncated>
		<difficult>0</difficult>
		<bndbox>
			<xmin>81</xmin>
			<ymin>218</ymin>
			<xmax>474</xmax>
			<ymax>516</ymax>
		</bndbox>
	</object>
</annotation>