<annotation>
	<folder>my-project-name</folder>
	<filename>479197_KHNKG_9769_003_074_0000_Light5.jpg</filename>
	<path>/my-project-name/479197_KHNKG_9769_003_074_0000_Light5.jpg</path>
	<source>
		<database>Unspecified</database>
	</source>
	<size>
		<width>540</width>
		<height>540</height>
		<depth>3</depth>
	</size>
	<object>
		<name>Gucci</name>
		<pose>Unspecified</pose>
		<truncated>0</truncated>
		<difficult>0</difficult>
		<bndbox>
			<xmin>233</xmin>
			<ymin>334</ymin>
			<xmax>314</xmax>
			<ymax>406</ymax>
		</bndbox>
	</object>
	<object>
		<name>Gucci</name>
		<pose>Unspecified</pose>
		<truncated>0</truncated>
		<difficult>0</difficult>
		<bndbox>
			<xmin>82</xmin>
			<ymin>210</ymin>
			<xmax>466</xmax>
			<ymax>495</ymax>
		</bndbox>
	</object>
</annotation>