<annotation>
	<folder>my-project-name</folder>
	<filename>479197_KHNKG_9769_005_100_0000_Light2.jpg</filename>
	<path>/my-project-name/479197_KHNKG_9769_005_100_0000_Light2.jpg</path>
	<source>
		<database>Unspecified</database>
	</source>
	<size>
		<width>632</width>
		<height>790</height>
		<depth>3</depth>
	</size>

	<object>
		<name>Gucci</name>
		<pose>Unspecified</pose>
		<truncated>0</truncated>
		<difficult>0</difficult>
		<bndbox>
			<xmin>196</xmin>
			<ymin>503</ymin>
			<xmax>372</xmax>
			<ymax>647</ymax>
		</bndbox>
	</object>
</annotation>