<annotation>
	<folder>my-project-name</folder>
	<filename>479197_KHNKG_8534_002_074_0000_Light2.jpg</filename>
	<path>/my-project-name/479197_KHNKG_8534_002_074_0000_Light2.jpg</path>
	<source>
		<database>Unspecified</database>
	</source>
	<size>
		<width>235</width>
		<height>235</height>
		<depth>3</depth>
	</size>
	<object>
		<name>Gucci</name>
		<pose>Unspecified</pose>
		<truncated>0</truncated>
		<difficult>0</difficult>
		<bndbox>
			<xmin>57</xmin>
			<ymin>106</ymin>
			<xmax>184</xmax>
			<ymax>219</ymax>
		</bndbox>
	</object>
	<object>
		<name>Gucci</name>
		<pose>Unspecified</pose>
		<truncated>0</truncated>
		<difficult>0</difficult>
		<bndbox>
			<xmin>86</xmin>
			<ymin>111</ymin>
			<xmax>119</xmax>
			<ymax>160</ymax>
		</bndbox>
	</object>
</annotation>