<annotation>
	<folder>my-project-name</folder>
	<filename>479197_KHNKG_8534_006_074_0000_Light5.jpg</filename>
	<path>/my-project-name/479197_KHNKG_8534_006_074_0000_Light5.jpg</path>
	<source>
		<database>Unspecified</database>
	</source>
	<size>
		<width>540</width>
		<height>540</height>
		<depth>3</depth>
	</size>
	<object>
		<name>Gucci</name>
		<pose>Unspecified</pose>
		<truncated>0</truncated>
		<difficult>0</difficult>
		<bndbox>
			<xmin>199</xmin>
			<ymin>236</ymin>
			<xmax>238</xmax>
			<ymax>393</ymax>
		</bndbox>
	</object>
	<object>
		<name>Gucci</name>
		<pose>Unspecified</pose>
		<truncated>0</truncated>
		<difficult>0</difficult>
		<bndbox>
			<xmin>150</xmin>
			<ymin>138</ymin>
			<xmax>364</xmax>
			<ymax>487</ymax>
		</bndbox>
	</object>
</annotation>