<annotation>
	<folder>my-project-name</folder>
	<filename>498156_96IWN_4076_003_100_0000_Light2.jpg</filename>
	<path>/my-project-name/498156_96IWN_4076_003_100_0000_Light2.jpg</path>
	<source>
		<database>Unspecified</database>
	</source>
	<size>
		<width>235</width>
		<height>235</height>
		<depth>3</depth>
	</size>
	<object>
		<name>Gucci</name>
		<pose>Unspecified</pose>
		<truncated>0</truncated>
		<difficult>0</difficult>
		<bndbox>
			<xmin>84</xmin>
			<ymin>109</ymin>
			<xmax>133</xmax>
			<ymax>152</ymax>
		</bndbox>
	</object>
	<object>
		<name>Gucci</name>
		<pose>Unspecified</pose>
		<truncated>0</truncated>
		<difficult>0</difficult>
		<bndbox>
			<xmin>101</xmin>
			<ymin>120</ymin>
			<xmax>116</xmax>
			<ymax>151</ymax>
		</bndbox>
	</object>
</annotation>