<annotation>
	<folder>my-project-name</folder>
	<filename>498156_KHNKG_8534_001_061_0020_Light3.jpg</filename>
	<path>/my-project-name/498156_KHNKG_8534_001_061_0020_Light3.jpg</path>
	<source>
		<database>Unspecified</database>
	</source>
	<size>
		<width>316</width>
		<height>316</height>
		<depth>3</depth>
	</size>
	<object>
		<name>Gucci</name>
		<pose>Unspecified</pose>
		<truncated>0</truncated>
		<difficult>0</difficult>
		<bndbox>
			<xmin>59</xmin>
			<ymin>173</ymin>
			<xmax>251</xmax>
			<ymax>305</ymax>
		</bndbox>
	</object>
	<object>
		<name>Gucci</name>
		<pose>Unspecified</pose>
		<truncated>0</truncated>
		<difficult>0</difficult>
		<bndbox>
			<xmin>129</xmin>
			<ymin>250</ymin>
			<xmax>219</xmax>
			<ymax>294</ymax>
		</bndbox>
	</object>
</annotation>