<annotation>
	<folder>my-project-name</folder>
	<filename>498156_96IWN_4076_001_061_0024_Light2.jpg</filename>
	<path>/my-project-name/498156_96IWN_4076_001_061_0024_Light2.jpg</path>
	<source>
		<database>Unspecified</database>
	</source>
	<size>
		<width>235</width>
		<height>235</height>
		<depth>3</depth>
	</size>
	<object>
		<name>Gucci</name>
		<pose>Unspecified</pose>
		<truncated>0</truncated>
		<difficult>0</difficult>
		<bndbox>
			<xmin>40</xmin>
			<ymin>120</ymin>
			<xmax>187</xmax>
			<ymax>226</ymax>
		</bndbox>
	</object>
	<object>
		<name>Gucci</name>
		<pose>Unspecified</pose>
		<truncated>0</truncated>
		<difficult>0</difficult>
		<bndbox>
			<xmin>98</xmin>
			<ymin>127</ymin>
			<xmax>138</xmax>
			<ymax>223</ymax>
		</bndbox>
	</object>
</annotation>