<annotation>
	<folder>my-project-name</folder>
	<filename>498156_KHNKG_8534_004_061_0020_Light5.jpg</filename>
	<path>/my-project-name/498156_KHNKG_8534_004_061_0020_Light5.jpg</path>
	<source>
		<database>Unspecified</database>
	</source>
	<size>
		<width>540</width>
		<height>540</height>
		<depth>3</depth>
	</size>
	<object>
		<name>Gucci</name>
		<pose>Unspecified</pose>
		<truncated>0</truncated>
		<difficult>0</difficult>
		<bndbox>
			<xmin>195</xmin>
			<ymin>274</ymin>
			<xmax>349</xmax>
			<ymax>527</ymax>
		</bndbox>
	</object>
	<object>
		<name>Gucci</name>
		<pose>Unspecified</pose>
		<truncated>0</truncated>
		<difficult>0</difficult>
		<bndbox>
			<xmin>224</xmin>
			<ymin>340</ymin>
			<xmax>306</xmax>
			<ymax>487</ymax>
		</bndbox>
	</object>
</annotation>