<annotation>
	<folder>my-project-name</folder>
	<filename>498156_KHNKG_8534_005_100_0000_Light2.jpg</filename>
	<path>/my-project-name/498156_KHNKG_8534_005_100_0000_Light2.jpg</path>
	<source>
		<database>Unspecified</database>
	</source>
	<size>
		<width>632</width>
		<height>790</height>
		<depth>3</depth>
	</size>

	<object>
		<name>Gucci</name>
		<pose>Unspecified</pose>
		<truncated>0</truncated>
		<difficult>0</difficult>
		<bndbox>
			<xmin>281</xmin>
			<ymin>228</ymin>
			<xmax>424</xmax>
			<ymax>335</ymax>
		</bndbox>
	</object>
	<object>
		<name>Gucci</name>
		<pose>Unspecified</pose>
		<truncated>0</truncated>
		<difficult>0</difficult>
		<bndbox>
			<xmin>351</xmin>
			<ymin>279</ymin>
			<xmax>392</xmax>
			<ymax>314</ymax>
		</bndbox>
	</object>
</annotation>