<annotation>
	<folder>my-project-name</folder>
	<filename>498156_KHNKG_8534_001_061_0020_Light2.jpg</filename>
	<path>/my-project-name/498156_KHNKG_8534_001_061_0020_Light2.jpg</path>
	<source>
		<database>Unspecified</database>
	</source>
	<size>
		<width>235</width>
		<height>235</height>
		<depth>3</depth>
	</size>
	<object>
		<name>Gucci</name>
		<pose>Unspecified</pose>
		<truncated>0</truncated>
		<difficult>0</difficult>
		<bndbox>
			<xmin>40</xmin>
			<ymin>114</ymin>
			<xmax>188</xmax>
			<ymax>230</ymax>
		</bndbox>
	</object>
	<object>
		<name>Gucci</name>
		<pose>Unspecified</pose>
		<truncated>0</truncated>
		<difficult>0</difficult>
		<bndbox>
			<xmin>96</xmin>
			<ymin>181</ymin>
			<xmax>173</xmax>
			<ymax>216</ymax>
		</bndbox>
	</object>
</annotation>