<annotation>
	<folder>my-project-name</folder>
	<filename>498156_96IWN_4076_002_061_0024_Light3.jpg</filename>
	<path>/my-project-name/498156_96IWN_4076_002_061_0024_Light3.jpg</path>
	<source>
		<database>Unspecified</database>
	</source>
	<size>
		<width>316</width>
		<height>316</height>
		<depth>3</depth>
	</size>
	<object>
		<name>Gucci</name>
		<pose>Unspecified</pose>
		<truncated>0</truncated>
		<difficult>0</difficult>
		<bndbox>
			<xmin>114</xmin>
			<ymin>228</ymin>
			<xmax>146</xmax>
			<ymax>297</ymax>
		</bndbox>
	</object>
	<object>
		<name>Gucci</name>
		<pose>Unspecified</pose>
		<truncated>0</truncated>
		<difficult>0</difficult>
		<bndbox>
			<xmin>81</xmin>
			<ymin>162</ymin>
			<xmax>246</xmax>
			<ymax>309</ymax>
		</bndbox>
	</object>
	<object>
		<name>Gucci</name>
		<pose>Unspecified</pose>
		<truncated>0</truncated>
		<difficult>0</difficult>
		<bndbox>
			<xmin>193</xmin>
			<ymin>200</ymin>
			<xmax>220</xmax>
			<ymax>235</ymax>
		</bndbox>
	</object>
</annotation>