<annotation>
	<folder>my-project-name</folder>
	<filename>498156_96IWN_4076_009_061_0024_Light5.jpg</filename>
	<path>/my-project-name/498156_96IWN_4076_009_061_0024_Light5.jpg</path>
	<source>
		<database>Unspecified</database>
	</source>
	<size>
		<width>540</width>
		<height>540</height>
		<depth>3</depth>
	</size>
	<object>
		<name>Gucci</name>
		<pose>Unspecified</pose>
		<truncated>0</truncated>
		<difficult>0</difficult>
		<bndbox>
			<xmin>98</xmin>
			<ymin>273</ymin>
			<xmax>426</xmax>
			<ymax>519</ymax>
		</bndbox>
	</object>
	<object>
		<name>Gucci</name>
		<pose>Unspecified</pose>
		<truncated>0</truncated>
		<difficult>0</difficult>
		<bndbox>
			<xmin>232</xmin>
			<ymin>294</ymin>
			<xmax>326</xmax>
			<ymax>519</ymax>
		</bndbox>
	</object>
</annotation>