<annotation>
	<folder>my-project-name</folder>
	<filename>498156_KHNKG_8534_003_061_0020_Light3.jpg</filename>
	<path>/my-project-name/498156_KHNKG_8534_003_061_0020_Light3.jpg</path>
	<source>
		<database>Unspecified</database>
	</source>
	<size>
		<width>316</width>
		<height>316</height>
		<depth>3</depth>
	</size>
	<object>
		<name>Gucci</name>
		<pose>Unspecified</pose>
		<truncated>0</truncated>
		<difficult>0</difficult>
		<bndbox>
			<xmin>63</xmin>
			<ymin>161</ymin>
			<xmax>249</xmax>
			<ymax>307</ymax>
		</bndbox>
	</object>
	<object>
		<name>Gucci</name>
		<pose>Unspecified</pose>
		<truncated>0</truncated>
		<difficult>0</difficult>
		<bndbox>
			<xmin>146</xmin>
			<ymin>223</ymin>
			<xmax>188</xmax>
			<ymax>276</ymax>
		</bndbox>
	</object>
</annotation>