<annotation>
	<folder>my-project-name</folder>
	<filename>498156_96IWN_4076_006_100_0000_Light2.jpg</filename>
	<path>/my-project-name/498156_96IWN_4076_006_100_0000_Light2.jpg</path>
	<source>
		<database>Unspecified</database>
	</source>
	<size>
		<width>235</width>
		<height>235</height>
		<depth>3</depth>
	</size>
	<object>
		<name>Gucci</name>
		<pose>Unspecified</pose>
		<truncated>0</truncated>
		<difficult>0</difficult>
		<bndbox>
			<xmin>56</xmin>
			<ymin>78</ymin>
			<xmax>177</xmax>
			<ymax>205</ymax>
		</bndbox>
	</object>
	<object>
		<name>Gucci</name>
		<pose>Unspecified</pose>
		<truncated>0</truncated>
		<difficult>0</difficult>
		<bndbox>
			<xmin>94</xmin>
			<ymin>115</ymin>
			<xmax>128</xmax>
			<ymax>185</ymax>
		</bndbox>
	</object>
	<object>
		<name>Gucci</name>
		<pose>Unspecified</pose>
		<truncated>0</truncated>
		<difficult>0</difficult>
		<bndbox>
			<xmin>118</xmin>
			<ymin>145</ymin>
			<xmax>146</xmax>
			<ymax>189</ymax>
		</bndbox>
	</object>
</annotation>