<annotation>
	<folder>my-project-name</folder>
	<filename>498156_KHNKG_8534_002_061_0020_Light5.jpg</filename>
	<path>/my-project-name/498156_KHNKG_8534_002_061_0020_Light5.jpg</path>
	<source>
		<database>Unspecified</database>
	</source>
	<size>
		<width>540</width>
		<height>540</height>
		<depth>3</depth>
	</size>
	<object>
		<name>Gucci</name>
		<pose>Unspecified</pose>
		<truncated>0</truncated>
		<difficult>0</difficult>
		<bndbox>
			<xmin>160</xmin>
			<ymin>301</ymin>
			<xmax>393</xmax>
			<ymax>506</ymax>
		</bndbox>
	</object>
	<object>
		<name>Gucci</name>
		<pose>Unspecified</pose>
		<truncated>0</truncated>
		<difficult>0</difficult>
		<bndbox>
			<xmin>201</xmin>
			<ymin>409</ymin>
			<xmax>283</xmax>
			<ymax>491</ymax>
		</bndbox>
	</object>
</annotation>