<annotation>
	<folder>my-project-name</folder>
	<filename>5804_1797510_1.jpg</filename>
	<path>/my-project-name/5804_1797510_1.jpg</path>
	<source>
		<database>Unspecified</database>
	</source>
	<size>
		<width>960</width>
		<height>1285</height>
		<depth>3</depth>
	</size>

	<object>
		<name>Gucci</name>
		<pose>Unspecified</pose>
		<truncated>0</truncated>
		<difficult>0</difficult>
		<bndbox>
			<xmin>102</xmin>
			<ymin>633</ymin>
			<xmax>823</xmax>
			<ymax>1272</ymax>
		</bndbox>
	</object>
	<object>
		<name>Gucci</name>
		<pose>Unspecified</pose>
		<truncated>0</truncated>
		<difficult>0</difficult>
		<bndbox>
			<xmin>543</xmin>
			<ymin>718</ymin>
			<xmax>656</xmax>
			<ymax>1213</ymax>
		</bndbox>
	</object>
	<object>
		<name>Gucci</name>
		<pose>Unspecified</pose>
		<truncated>0</truncated>
		<difficult>0</difficult>
		<bndbox>
			<xmin>332</xmin>
			<ymin>901</ymin>
			<xmax>515</xmax>
			<ymax>1175</ymax>
		</bndbox>
	</object>
</annotation>