<annotation>
	<folder>my-project-name</folder>
	<filename>637955700279232888.jpg</filename>
	<path>/my-project-name/637955700279232888.jpg</path>
	<source>
		<database>Unspecified</database>
	</source>
	<size>
		<width>500</width>
		<height>480</height>
		<depth>3</depth>
	</size>
	<object>
		<name>Gucci</name>
		<pose>Unspecified</pose>
		<truncated>0</truncated>
		<difficult>0</difficult>
		<bndbox>
			<xmin>15</xmin>
			<ymin>74</ymin>
			<xmax>485</xmax>
			<ymax>451</ymax>
		</bndbox>
	</object>
	<object>
		<name>Gucci</name>
		<pose>Unspecified</pose>
		<truncated>0</truncated>
		<difficult>0</difficult>
		<bndbox>
			<xmin>179</xmin>
			<ymin>288</ymin>
			<xmax>319</xmax>
			<ymax>394</ymax>
		</bndbox>
	</object>
</annotation>