<annotation>
	<folder>my-project-name</folder>
	<filename>735132_FABLE_9442_001_100_0000_Light-.jpg</filename>
	<path>/my-project-name/735132_FABLE_9442_001_100_0000_Light-.jpg</path>
	<source>
		<database>Unspecified</database>
	</source>
	<size>
		<width>600</width>
		<height>314</height>
		<depth>3</depth>
	</size>
	<object>
		<name>Gucci</name>
		<pose>Unspecified</pose>
		<truncated>0</truncated>
		<difficult>0</difficult>
		<bndbox>
			<xmin>279</xmin>
			<ymin>89</ymin>
			<xmax>326</xmax>
			<ymax>123</ymax>
		</bndbox>
	</object>
	<object>
		<name>Gucci</name>
		<pose>Unspecified</pose>
		<truncated>0</truncated>
		<difficult>0</difficult>
		<bndbox>
			<xmin>215</xmin>
			<ymin>132</ymin>
			<xmax>384</xmax>
			<ymax>247</ymax>
		</bndbox>
	</object>
	<object>
		<name>Gucci</name>
		<pose>Unspecified</pose>
		<truncated>0</truncated>
		<difficult>0</difficult>
		<bndbox>
			<xmin>114</xmin>
			<ymin>24</ymin>
			<xmax>495</xmax>
			<ymax>274</ymax>
		</bndbox>
	</object>
</annotation>