<annotation>
	<folder>my-project-name</folder>
	<filename>86e353db0ebdb2292b832104294079dc34f7391d84837d70066f653f339d.jpg</filename>
	<path>/my-project-name/86e353db0ebdb2292b832104294079dc34f7391d84837d70066f653f339d.jpg</path>
	<source>
		<database>Unspecified</database>
	</source>
	<size>
		<width>600</width>
		<height>600</height>
		<depth>3</depth>
	</size>
	<object>
		<name>Gucci</name>
		<pose>Unspecified</pose>
		<truncated>0</truncated>
		<difficult>0</difficult>
		<bndbox>
			<xmin>71</xmin>
			<ymin>145</ymin>
			<xmax>550</xmax>
			<ymax>578</ymax>
		</bndbox>
	</object>
	<object>
		<name>Gucci</name>
		<pose>Unspecified</pose>
		<truncated>0</truncated>
		<difficult>0</difficult>
		<bndbox>
			<xmin>262</xmin>
			<ymin>296</ymin>
			<xmax>351</xmax>
			<ymax>376</ymax>
		</bndbox>
	</object>
	<object>
		<name>Gucci</name>
		<pose>Unspecified</pose>
		<truncated>0</truncated>
		<difficult>0</difficult>
		<bndbox>
			<xmin>218</xmin>
			<ymin>232</ymin>
			<xmax>393</xmax>
			<ymax>576</ymax>
		</bndbox>
	</object>
	<object>
		<name>Gucci</name>
		<pose>Unspecified</pose>
		<truncated>0</truncated>
		<difficult>0</difficult>
		<bndbox>
			<xmin>376</xmin>
			<ymin>315</ymin>
			<xmax>482</xmax>
			<ymax>537</ymax>
		</bndbox>
	</object>
</annotation>