<annotation>
	<folder>my-project-name</folder>
	<filename>_temp_16241137889572view.jpg</filename>
	<path>/my-project-name/_temp_16241137889572view.jpg</path>
	<source>
		<database>Unspecified</database>
	</source>
	<size>
		<width>800</width>
		<height>800</height>
		<depth>3</depth>
	</size>
	<object>
		<name>Gucci</name>
		<pose>Unspecified</pose>
		<truncated>0</truncated>
		<difficult>0</difficult>
		<bndbox>
			<xmin>214</xmin>
			<ymin>243</ymin>
			<xmax>590</xmax>
			<ymax>369</ymax>
		</bndbox>
	</object>
	<object>
		<name>Gucci</name>
		<pose>Unspecified</pose>
		<truncated>0</truncated>
		<difficult>0</difficult>
		<bndbox>
			<xmin>292</xmin>
			<ymin>369</ymin>
			<xmax>480</xmax>
			<ymax>635</ymax>
		</bndbox>
	</object>
	<object>
		<name>Gucci</name>
		<pose>Unspecified</pose>
		<truncated>0</truncated>
		<difficult>0</difficult>
		<bndbox>
			<xmin>90</xmin>
			<ymin>175</ymin>
			<xmax>686</xmax>
			<ymax>684</ymax>
		</bndbox>
	</object>
</annotation>