<annotation>
	<folder>my-project-name</folder>
	<filename>_tmp_d943327d149306bfe4ad6f936ec5f7ec6133view.jpg</filename>
	<path>/my-project-name/_tmp_d943327d149306bfe4ad6f936ec5f7ec6133view.jpg</path>
	<source>
		<database>Unspecified</database>
	</source>
	<size>
		<width>600</width>
		<height>461</height>
		<depth>3</depth>
	</size>
	<object>
		<name>Gucci</name>
		<pose>Unspecified</pose>
		<truncated>0</truncated>
		<difficult>0</difficult>
		<bndbox>
			<xmin>187</xmin>
			<ymin>238</ymin>
			<xmax>418</xmax>
			<ymax>325</ymax>
		</bndbox>
	</object>
	<object>
		<name>Gucci</name>
		<pose>Unspecified</pose>
		<truncated>0</truncated>
		<difficult>0</difficult>
		<bndbox>
			<xmin>74</xmin>
			<ymin>49</ymin>
			<xmax>519</xmax>
			<ymax>425</ymax>
		</bndbox>
	</object>
</annotation>