<annotation>
	<folder>my-project-name</folder>
	<filename>a300af8156a72.jpg</filename>
	<path>/my-project-name/a300af8156a72.jpg</path>
	<source>
		<database>Unspecified</database>
	</source>
	<size>
		<width>1920</width>
		<height>1440</height>
		<depth>3</depth>
	</size>
	<object>
		<name>Gucci</name>
		<pose>Unspecified</pose>
		<truncated>0</truncated>
		<difficult>0</difficult>
		<bndbox>
			<xmin>529</xmin>
			<ymin>491</ymin>
			<xmax>1419</xmax>
			<ymax>1391</ymax>
		</bndbox>
	</object>
	<object>
		<name>Gucci</name>
		<pose>Unspecified</pose>
		<truncated>0</truncated>
		<difficult>0</difficult>
		<bndbox>
			<xmin>692</xmin>
			<ymin>678</ymin>
			<xmax>1218</xmax>
			<ymax>1211</ymax>
		</bndbox>
	</object>
</annotation>