<annotation>
	<folder>my-project-name</folder>
	<filename>asia0901_853.jpg</filename>
	<path>/my-project-name/asia0901_853.jpg</path>
	<source>
		<database>Unspecified</database>
	</source>
	<size>
		<width>487</width>
		<height>436</height>
		<depth>3</depth>
	</size>
	<object>
		<name>Gucci</name>
		<pose>Unspecified</pose>
		<truncated>0</truncated>
		<difficult>0</difficult>
		<bndbox>
			<xmin>0</xmin>
			<ymin>79</ymin>
			<xmax>486</xmax>
			<ymax>430</ymax>
		</bndbox>
	</object>
	<object>
		<name>Gucci</name>
		<pose>Unspecified</pose>
		<truncated>0</truncated>
		<difficult>0</difficult>
		<bndbox>
			<xmin>92</xmin>
			<ymin>138</ymin>
			<xmax>201</xmax>
			<ymax>225</ymax>
		</bndbox>
	</object>
</annotation>