<annotation>
	<folder>my-project-name</folder>
	<filename>ask-03044289340z.jpg</filename>
	<path>/my-project-name/ask-03044289340z.jpg</path>
	<source>
		<database>Unspecified</database>
	</source>
	<size>
		<width>868</width>
		<height>518</height>
		<depth>3</depth>
	</size>
	<object>
		<name>Gucci</name>
		<pose>Unspecified</pose>
		<truncated>0</truncated>
		<difficult>0</difficult>
		<bndbox>
			<xmin>319</xmin>
			<ymin>111</ymin>
			<xmax>725</xmax>
			<ymax>389</ymax>
		</bndbox>
	</object>
	<object>
		<name>Gucci</name>
		<pose>Unspecified</pose>
		<truncated>0</truncated>
		<difficult>0</difficult>
		<bndbox>
			<xmin>483</xmin>
			<ymin>145</ymin>
			<xmax>604</xmax>
			<ymax>260</ymax>
		</bndbox>
	</object>
	<object>
		<name>Gucci</name>
		<pose>Unspecified</pose>
		<truncated>0</truncated>
		<difficult>0</difficult>
		<bndbox>
			<xmin>430</xmin>
			<ymin>263</ymin>
			<xmax>685</xmax>
			<ymax>362</ymax>
		</bndbox>
	</object>
</annotation>