<annotation>
	<folder>my-project-name</folder>
	<filename>ask-06025747201z.jpg</filename>
	<path>/my-project-name/ask-06025747201z.jpg</path>
	<source>
		<database>Unspecified</database>
	</source>
	<size>
		<width>868</width>
		<height>651</height>
		<depth>3</depth>
	</size>
	<object>
		<name>Gucci</name>
		<pose>Unspecified</pose>
		<truncated>0</truncated>
		<difficult>0</difficult>
		<bndbox>
			<xmin>33</xmin>
			<ymin>28</ymin>
			<xmax>668</xmax>
			<ymax>596</ymax>
		</bndbox>
	</object>
	<object>
		<name>Gucci</name>
		<pose>Unspecified</pose>
		<truncated>0</truncated>
		<difficult>0</difficult>
		<bndbox>
			<xmin>176</xmin>
			<ymin>193</ymin>
			<xmax>298</xmax>
			<ymax>439</ymax>
		</bndbox>
	</object>
	<object>
		<name>Gucci</name>
		<pose>Unspecified</pose>
		<truncated>0</truncated>
		<difficult>0</difficult>
		<bndbox>
			<xmin>292</xmin>
			<ymin>80</ymin>
			<xmax>399</xmax>
			<ymax>311</ymax>
		</bndbox>
	</object>
</annotation>