<annotation>
	<folder>my-project-name</folder>
	<filename>B005042807.jpg</filename>
	<path>/my-project-name/B005042807.jpg</path>
	<source>
		<database>Unspecified</database>
	</source>
	<size>
		<width>600</width>
		<height>600</height>
		<depth>3</depth>
	</size>
	<object>
		<name>Gucci</name>
		<pose>Unspecified</pose>
		<truncated>0</truncated>
		<difficult>0</difficult>
		<bndbox>
			<xmin>219</xmin>
			<ymin>240</ymin>
			<xmax>368</xmax>
			<ymax>438</ymax>
		</bndbox>
	</object>
	<object>
		<name>Gucci</name>
		<pose>Unspecified</pose>
		<truncated>0</truncated>
		<difficult>0</difficult>
		<bndbox>
			<xmin>116</xmin>
			<ymin>122</ymin>
			<xmax>474</xmax>
			<ymax>516</ymax>
		</bndbox>
	</object>
</annotation>