<annotation>
	<folder>my-project-name</folder>
	<filename>best-gucci-bags-296424-1637044179053-promo.700x0c.jpg</filename>
	<path>/my-project-name/best-gucci-bags-296424-1637044179053-promo.700x0c.jpg</path>
	<source>
		<database>Unspecified</database>
	</source>
	<size>
		<width>700</width>
		<height>934</height>
		<depth>3</depth>
	</size>

	<object>
		<name>Gucci</name>
		<pose>Unspecified</pose>
		<truncated>0</truncated>
		<difficult>0</difficult>
		<bndbox>
			<xmin>342</xmin>
			<ymin>135</ymin>
			<xmax>588</xmax>
			<ymax>411</ymax>
		</bndbox>
	</object>
	<object>
		<name>Gucci</name>
		<pose>Unspecified</pose>
		<truncated>0</truncated>
		<difficult>0</difficult>
		<bndbox>
			<xmin>487</xmin>
			<ymin>213</ymin>
			<xmax>547</xmax>
			<ymax>366</ymax>
		</bndbox>
	</object>
	<object>
		<name>Gucci</name>
		<pose>Unspecified</pose>
		<truncated>0</truncated>
		<difficult>0</difficult>
		<bndbox>
			<xmin>419</xmin>
			<ymin>291</ymin>
			<xmax>490</xmax>
			<ymax>385</ymax>
		</bndbox>
	</object>
</annotation>