<annotation>
	<folder>my-project-name</folder>
	<filename>C61D81B3A4094650FAC688068A9B536859EA60A80D83AECBD704739273624301.jpg</filename>
	<path>/my-project-name/C61D81B3A4094650FAC688068A9B536859EA60A80D83AECBD704739273624301.jpg</path>
	<source>
		<database>Unspecified</database>
	</source>
	<size>
		<width>1046</width>
		<height>781</height>
		<depth>3</depth>
	</size>
	<object>
		<name>Gucci</name>
		<pose>Unspecified</pose>
		<truncated>0</truncated>
		<difficult>0</difficult>
		<bndbox>
			<xmin>26</xmin>
			<ymin>72</ymin>
			<xmax>842</xmax>
			<ymax>695</ymax>
		</bndbox>
	</object>
	<object>
		<name>Gucci</name>
		<pose>Unspecified</pose>
		<truncated>0</truncated>
		<difficult>0</difficult>
		<bndbox>
			<xmin>356</xmin>
			<ymin>174</ymin>
			<xmax>533</xmax>
			<ymax>327</ymax>
		</bndbox>
	</object>
	<object>
		<name>Gucci</name>
		<pose>Unspecified</pose>
		<truncated>0</truncated>
		<difficult>0</difficult>
		<bndbox>
			<xmin>117</xmin>
			<ymin>247</ymin>
			<xmax>383</xmax>
			<ymax>555</ymax>
		</bndbox>
	</object>
</annotation>