<annotation>
	<folder>my-project-name</folder>
	<filename>CategorySingle_443497DTDIT5729_001_Light.jpg</filename>
	<path>/my-project-name/CategorySingle_443497DTDIT5729_001_Light.jpg</path>
	<source>
		<database>Unspecified</database>
	</source>
	<size>
		<width>600</width>
		<height>600</height>
		<depth>3</depth>
	</size>
	<object>
		<name>Gucci</name>
		<pose>Unspecified</pose>
		<truncated>0</truncated>
		<difficult>0</difficult>
		<bndbox>
			<xmin>249</xmin>
			<ymin>321</ymin>
			<xmax>354</xmax>
			<ymax>413</ymax>
		</bndbox>
	</object>
	<object>
		<name>Gucci</name>
		<pose>Unspecified</pose>
		<truncated>0</truncated>
		<difficult>0</difficult>
		<bndbox>
			<xmin>134</xmin>
			<ymin>229</ymin>
			<xmax>482</xmax>
			<ymax>466</ymax>
		</bndbox>
	</object>
</annotation>