<annotation>
	<folder>my-project-name</folder>
	<filename>EAB5ACECB08C20EBB3B4EC8AA4ED84B4EBB0B1.jpg</filename>
	<path>/my-project-name/EAB5ACECB08C20EBB3B4EC8AA4ED84B4EBB0B1.jpg</path>
	<source>
		<database>Unspecified</database>
	</source>
	<size>
		<width>650</width>
		<height>647</height>
		<depth>3</depth>
	</size>
	<object>
		<name>Gucci</name>
		<pose>Unspecified</pose>
		<truncated>0</truncated>
		<difficult>0</difficult>
		<bndbox>
			<xmin>124</xmin>
			<ymin>183</ymin>
			<xmax>530</xmax>
			<ymax>454</ymax>
		</bndbox>
	</object>
	<object>
		<name>Gucci</name>
		<pose>Unspecified</pose>
		<truncated>0</truncated>
		<difficult>0</difficult>
		<bndbox>
			<xmin>274</xmin>
			<ymin>293</ymin>
			<xmax>374</xmax>
			<ymax>423</ymax>
		</bndbox>
	</object>
</annotation>