<annotation>
	<folder>my-project-name</folder>
	<filename>ECfnV5LVAAA2asR.jpg</filename>
	<path>/my-project-name/ECfnV5LVAAA2asR.jpg</path>
	<source>
		<database>Unspecified</database>
	</source>
	<size>
		<width>1080</width>
		<height>1080</height>
		<depth>3</depth>
	</size>
	<object>
		<name>Gucci</name>
		<pose>Unspecified</pose>
		<truncated>0</truncated>
		<difficult>0</difficult>
		<bndbox>
			<xmin>461</xmin>
			<ymin>384</ymin>
			<xmax>829</xmax>
			<ymax>770</ymax>
		</bndbox>
	</object>
	<object>
		<name>Gucci</name>
		<pose>Unspecified</pose>
		<truncated>0</truncated>
		<difficult>0</difficult>
		<bndbox>
			<xmin>304</xmin>
			<ymin>254</ymin>
			<xmax>1003</xmax>
			<ymax>855</ymax>
		</bndbox>
	</object>
</annotation>