<annotation>
	<folder>my-project-name</folder>
	<filename>ee6ef51c68f094f1cb31e127689a222d_071428358124.jpg</filename>
	<path>/my-project-name/ee6ef51c68f094f1cb31e127689a222d_071428358124.jpg</path>
	<source>
		<database>Unspecified</database>
	</source>
	<size>
		<width>720</width>
		<height>960</height>
		<depth>3</depth>
	</size>
	<object>
		<name>Gucci</name>
		<pose>Unspecified</pose>
		<truncated>0</truncated>
		<difficult>0</difficult>
		<bndbox>
			<xmin>171</xmin>
			<ymin>332</ymin>
			<xmax>563</xmax>
			<ymax>625</ymax>
		</bndbox>
	</object>
	<object>
		<name>Gucci</name>
		<pose>Unspecified</pose>
		<truncated>0</truncated>
		<difficult>0</difficult>
		<bndbox>
			<xmin>231</xmin>
			<ymin>381</ymin>
			<xmax>518</xmax>
			<ymax>438</ymax>
		</bndbox>
	</object>
	<object>
		<name>Gucci</name>
		<pose>Unspecified</pose>
		<truncated>0</truncated>
		<difficult>0</difficult>
		<bndbox>
			<xmin>308</xmin>
			<ymin>464</ymin>
			<xmax>414</xmax>
			<ymax>522</ymax>
		</bndbox>
	</object>
</annotation>