<annotation>
	<folder>my-project-name</folder>
	<filename>fashion-2015-11-gucci-bag-2-main.jpg</filename>
	<path>/my-project-name/fashion-2015-11-gucci-bag-2-main.jpg</path>
	<source>
		<database>Unspecified</database>
	</source>
	<size>
		<width>1500</width>
		<height>2250</height>
		<depth>3</depth>
	</size>
	<object>
		<name>Gucci</name>
		<pose>Unspecified</pose>
		<truncated>0</truncated>
		<difficult>0</difficult>
		<bndbox>
			<xmin>441</xmin>
			<ymin>965</ymin>
			<xmax>1472</xmax>
			<ymax>1809</ymax>
		</bndbox>
	</object>
	<object>
		<name>Gucci</name>
		<pose>Unspecified</pose>
		<truncated>0</truncated>
		<difficult>0</difficult>
		<bndbox>
			<xmin>816</xmin>
			<ymin>1301</ymin>
			<xmax>1158</xmax>
			<ymax>1572</ymax>
		</bndbox>
	</object>
	<object>
		<name>Gucci</name>
		<pose>Unspecified</pose>
		<truncated>0</truncated>
		<difficult>0</difficult>
		<bndbox>
			<xmin>800</xmin>
			<ymin>1064</ymin>
			<xmax>1131</xmax>
			<ymax>1368</ymax>
		</bndbox>
	</object>
</annotation>