<annotation>
	<folder>my-project-name</folder>
	<filename>Gucci-Jackie-Bag_Hero.jpg</filename>
	<path>/my-project-name/Gucci-Jackie-Bag_Hero.jpg</path>
	<source>
		<database>Unspecified</database>
	</source>
	<size>
		<width>1640</width>
		<height>1120</height>
		<depth>3</depth>
	</size>

	<object>
		<name>Gucci</name>
		<pose>Unspecified</pose>
		<truncated>0</truncated>
		<difficult>0</difficult>
		<bndbox>
			<xmin>746</xmin>
			<ymin>458</ymin>
			<xmax>1040</xmax>
			<ymax>969</ymax>
		</bndbox>
	</object>
	<object>
		<name>Gucci</name>
		<pose>Unspecified</pose>
		<truncated>0</truncated>
		<difficult>0</difficult>
		<bndbox>
			<xmin>1009</xmin>
			<ymin>535</ymin>
			<xmax>1276</xmax>
			<ymax>873</ymax>
		</bndbox>
	</object>
	<object>
		<name>Gucci</name>
		<pose>Unspecified</pose>
		<truncated>0</truncated>
		<difficult>0</difficult>
		<bndbox>
			<xmin>452</xmin>
			<ymin>275</ymin>
			<xmax>1369</xmax>
			<ymax>1098</ymax>
		</bndbox>
	</object>
</annotation>