<annotation>
	<folder>my-project-name</folder>
	<filename>how-to-buy-gucci-bags-285122-1580324142684-main.700x0c.jpg</filename>
	<path>/my-project-name/how-to-buy-gucci-bags-285122-1580324142684-main.700x0c.jpg</path>
	<source>
		<database>Unspecified</database>
	</source>
	<size>
		<width>700</width>
		<height>525</height>
		<depth>3</depth>
	</size>



	<object>
		<name>Gucci</name>
		<pose>Unspecified</pose>
		<truncated>0</truncated>
		<difficult>0</difficult>
		<bndbox>
			<xmin>224</xmin>
			<ymin>201</ymin>
			<xmax>438</xmax>
			<ymax>517</ymax>
		</bndbox>
	</object>
	<object>
		<name>Gucci</name>
		<pose>Unspecified</pose>
		<truncated>0</truncated>
		<difficult>0</difficult>
		<bndbox>
			<xmin>331</xmin>
			<ymin>322</ymin>
			<xmax>416</xmax>
			<ymax>421</ymax>
		</bndbox>
	</object>
</annotation>