<annotation>
	<folder>my-project-name</folder>
	<filename>images17.jpg</filename>
	<path>/my-project-name/images17.jpg</path>
	<source>
		<database>Unspecified</database>
	</source>
	<size>
		<width>252</width>
		<height>252</height>
		<depth>3</depth>
	</size>
	<object>
		<name>Gucci</name>
		<pose>Unspecified</pose>
		<truncated>0</truncated>
		<difficult>0</difficult>
		<bndbox>
			<xmin>19</xmin>
			<ymin>9</ymin>
			<xmax>232</xmax>
			<ymax>250</ymax>
		</bndbox>
	</object>
	<object>
		<name>Gucci</name>
		<pose>Unspecified</pose>
		<truncated>0</truncated>
		<difficult>0</difficult>
		<bndbox>
			<xmin>60</xmin>
			<ymin>141</ymin>
			<xmax>207</xmax>
			<ymax>241</ymax>
		</bndbox>
	</object>
</annotation>