<annotation>
	<folder>my-project-name</folder>
	<filename>images20.jpg</filename>
	<path>/my-project-name/images20.jpg</path>
	<source>
		<database>Unspecified</database>
	</source>
	<size>
		<width>252</width>
		<height>252</height>
		<depth>3</depth>
	</size>
	<object>
		<name>Gucci</name>
		<pose>Unspecified</pose>
		<truncated>0</truncated>
		<difficult>0</difficult>
		<bndbox>
			<xmin>9</xmin>
			<ymin>44</ymin>
			<xmax>245</xmax>
			<ymax>213</ymax>
		</bndbox>
	</object>
	<object>
		<name>Gucci</name>
		<pose>Unspecified</pose>
		<truncated>0</truncated>
		<difficult>0</difficult>
		<bndbox>
			<xmin>95</xmin>
			<ymin>118</ymin>
			<xmax>179</xmax>
			<ymax>179</ymax>
		</bndbox>
	</object>
</annotation>