<annotation>
	<folder>my-project-name</folder>
	<filename>images57.jpg</filename>
	<path>/my-project-name/images57.jpg</path>
	<source>
		<database>Unspecified</database>
	</source>
	<size>
		<width>252</width>
		<height>252</height>
		<depth>3</depth>
	</size>
	<object>
		<name>Gucci</name>
		<pose>Unspecified</pose>
		<truncated>0</truncated>
		<difficult>0</difficult>
		<bndbox>
			<xmin>0</xmin>
			<ymin>50</ymin>
			<xmax>250</xmax>
			<ymax>201</ymax>
		</bndbox>
	</object>
	<object>
		<name>Gucci</name>
		<pose>Unspecified</pose>
		<truncated>0</truncated>
		<difficult>0</difficult>
		<bndbox>
			<xmin>91</xmin>
			<ymin>108</ymin>
			<xmax>150</xmax>
			<ymax>163</ymax>
		</bndbox>
	</object>
</annotation>