<annotation>
	<folder>my-project-name</folder>
	<filename>images41.jpg</filename>
	<path>/my-project-name/images41.jpg</path>
	<source>
		<database>Unspecified</database>
	</source>
	<size>
		<width>252</width>
		<height>252</height>
		<depth>3</depth>
	</size>
	<object>
		<name>Gucci</name>
		<pose>Unspecified</pose>
		<truncated>0</truncated>
		<difficult>0</difficult>
		<bndbox>
			<xmin>4</xmin>
			<ymin>63</ymin>
			<xmax>223</xmax>
			<ymax>207</ymax>
		</bndbox>
	</object>
	<object>
		<name>Gucci</name>
		<pose>Unspecified</pose>
		<truncated>0</truncated>
		<difficult>0</difficult>
		<bndbox>
			<xmin>82</xmin>
			<ymin>111</ymin>
			<xmax>135</xmax>
			<ymax>166</ymax>
		</bndbox>
	</object>
	<object>
		<name>Gucci</name>
		<pose>Unspecified</pose>
		<truncated>0</truncated>
		<difficult>0</difficult>
		<bndbox>
			<xmin>40</xmin>
			<ymin>74</ymin>
			<xmax>200</xmax>
			<ymax>116</ymax>
		</bndbox>
	</object>
</annotation>