<annotation>
	<folder>my-project-name</folder>
	<filename>images15.jpg</filename>
	<path>/my-project-name/images15.jpg</path>
	<source>
		<database>Unspecified</database>
	</source>
	<size>
		<width>252</width>
		<height>252</height>
		<depth>3</depth>
	</size>
	<object>
		<name>Gucci</name>
		<pose>Unspecified</pose>
		<truncated>0</truncated>
		<difficult>0</difficult>
		<bndbox>
			<xmin>8</xmin>
			<ymin>46</ymin>
			<xmax>246</xmax>
			<ymax>212</ymax>
		</bndbox>
	</object>
	<object>
		<name>Gucci</name>
		<pose>Unspecified</pose>
		<truncated>0</truncated>
		<difficult>0</difficult>
		<bndbox>
			<xmin>44</xmin>
			<ymin>54</ymin>
			<xmax>191</xmax>
			<ymax>117</ymax>
		</bndbox>
	</object>
	<object>
		<name>Gucci</name>
		<pose>Unspecified</pose>
		<truncated>0</truncated>
		<difficult>0</difficult>
		<bndbox>
			<xmin>86</xmin>
			<ymin>122</ymin>
			<xmax>161</xmax>
			<ymax>185</ymax>
		</bndbox>
	</object>
</annotation>