<annotation>
	<folder>my-project-name</folder>
	<filename>images19.jpg</filename>
	<path>/my-project-name/images19.jpg</path>
	<source>
		<database>Unspecified</database>
	</source>
	<size>
		<width>252</width>
		<height>252</height>
		<depth>3</depth>
	</size>
	<object>
		<name>Gucci</name>
		<pose>Unspecified</pose>
		<truncated>0</truncated>
		<difficult>0</difficult>
		<bndbox>
			<xmin>33</xmin>
			<ymin>1</ymin>
			<xmax>225</xmax>
			<ymax>251</ymax>
		</bndbox>
	</object>
	<object>
		<name>Gucci</name>
		<pose>Unspecified</pose>
		<truncated>0</truncated>
		<difficult>0</difficult>
		<bndbox>
			<xmin>57</xmin>
			<ymin>162</ymin>
			<xmax>203</xmax>
			<ymax>230</ymax>
		</bndbox>
	</object>
</annotation>