<annotation>
	<folder>my-project-name</folder>
	<filename>images42.jpg</filename>
	<path>/my-project-name/images42.jpg</path>
	<source>
		<database>Unspecified</database>
	</source>
	<size>
		<width>252</width>
		<height>252</height>
		<depth>3</depth>
	</size>
	<object>
		<name>Gucci</name>
		<pose>Unspecified</pose>
		<truncated>0</truncated>
		<difficult>0</difficult>
		<bndbox>
			<xmin>12</xmin>
			<ymin>46</ymin>
			<xmax>251</xmax>
			<ymax>196</ymax>
		</bndbox>
	</object>
	<object>
		<name>Gucci</name>
		<pose>Unspecified</pose>
		<truncated>0</truncated>
		<difficult>0</difficult>
		<bndbox>
			<xmin>101</xmin>
			<ymin>78</ymin>
			<xmax>163</xmax>
			<ymax>127</ymax>
		</bndbox>
	</object>
</annotation>