<annotation>
	<folder>my-project-name</folder>
	<filename>images26.jpg</filename>
	<path>/my-project-name/images26.jpg</path>
	<source>
		<database>Unspecified</database>
	</source>
	<size>
		<width>252</width>
		<height>252</height>
		<depth>3</depth>
	</size>
	<object>
		<name>Gucci</name>
		<pose>Unspecified</pose>
		<truncated>0</truncated>
		<difficult>0</difficult>
		<bndbox>
			<xmin>8</xmin>
			<ymin>61</ymin>
			<xmax>246</xmax>
			<ymax>201</ymax>
		</bndbox>
	</object>
	<object>
		<name>Gucci</name>
		<pose>Unspecified</pose>
		<truncated>0</truncated>
		<difficult>0</difficult>
		<bndbox>
			<xmin>82</xmin>
			<ymin>120</ymin>
			<xmax>155</xmax>
			<ymax>175</ymax>
		</bndbox>
	</object>
</annotation>