<annotation>
	<folder>my-project-name</folder>
	<filename>images54.jpg</filename>
	<path>/my-project-name/images54.jpg</path>
	<source>
		<database>Unspecified</database>
	</source>
	<size>
		<width>252</width>
		<height>252</height>
		<depth>3</depth>
	</size>
	<object>
		<name>Gucci</name>
		<pose>Unspecified</pose>
		<truncated>0</truncated>
		<difficult>0</difficult>
		<bndbox>
			<xmin>2</xmin>
			<ymin>46</ymin>
			<xmax>245</xmax>
			<ymax>206</ymax>
		</bndbox>
	</object>
	<object>
		<name>Gucci</name>
		<pose>Unspecified</pose>
		<truncated>0</truncated>
		<difficult>0</difficult>
		<bndbox>
			<xmin>70</xmin>
			<ymin>116</ymin>
			<xmax>143</xmax>
			<ymax>169</ymax>
		</bndbox>
	</object>
</annotation>