<annotation>
	<folder>my-project-name</folder>
	<filename>images50.jpg</filename>
	<path>/my-project-name/images50.jpg</path>
	<source>
		<database>Unspecified</database>
	</source>
	<size>
		<width>226</width>
		<height>226</height>
		<depth>3</depth>
	</size>
	<object>
		<name>Gucci</name>
		<pose>Unspecified</pose>
		<truncated>0</truncated>
		<difficult>0</difficult>
		<bndbox>
			<xmin>18</xmin>
			<ymin>56</ymin>
			<xmax>215</xmax>
			<ymax>226</ymax>
		</bndbox>
	</object>
	<object>
		<name>Gucci</name>
		<pose>Unspecified</pose>
		<truncated>0</truncated>
		<difficult>0</difficult>
		<bndbox>
			<xmin>69</xmin>
			<ymin>105</ymin>
			<xmax>158</xmax>
			<ymax>204</ymax>
		</bndbox>
	</object>
</annotation>