<annotation>
	<folder>my-project-name</folder>
	<filename>images31.jpg</filename>
	<path>/my-project-name/images31.jpg</path>
	<source>
		<database>Unspecified</database>
	</source>
	<size>
		<width>252</width>
		<height>252</height>
		<depth>3</depth>
	</size>
	<object>
		<name>Gucci</name>
		<pose>Unspecified</pose>
		<truncated>0</truncated>
		<difficult>0</difficult>
		<bndbox>
			<xmin>21</xmin>
			<ymin>116</ymin>
			<xmax>232</xmax>
			<ymax>251</ymax>
		</bndbox>
	</object>
	<object>
		<name>Gucci</name>
		<pose>Unspecified</pose>
		<truncated>0</truncated>
		<difficult>0</difficult>
		<bndbox>
			<xmin>109</xmin>
			<ymin>126</ymin>
			<xmax>145</xmax>
			<ymax>252</ymax>
		</bndbox>
	</object>
	<object>
		<name>Gucci</name>
		<pose>Unspecified</pose>
		<truncated>0</truncated>
		<difficult>0</difficult>
		<bndbox>
			<xmin>115</xmin>
			<ymin>121</ymin>
			<xmax>131</xmax>
			<ymax>144</ymax>
		</bndbox>
	</object>
</annotation>