<annotation>
	<folder>my-project-name</folder>
	<filename>LE1206472333_1235360046_1.jpg</filename>
	<path>/my-project-name/LE1206472333_1235360046_1.jpg</path>
	<source>
		<database>Unspecified</database>
	</source>
	<size>
		<width>784</width>
		<height>784</height>
		<depth>3</depth>
	</size>
	<object>
		<name>Gucci</name>
		<pose>Unspecified</pose>
		<truncated>0</truncated>
		<difficult>0</difficult>
		<bndbox>
			<xmin>223</xmin>
			<ymin>317</ymin>
			<xmax>461</xmax>
			<ymax>534</ymax>
		</bndbox>
	</object>
	<object>
		<name>Gucci</name>
		<pose>Unspecified</pose>
		<truncated>0</truncated>
		<difficult>0</difficult>
		<bndbox>
			<xmin>10</xmin>
			<ymin>131</ymin>
			<xmax>634</xmax>
			<ymax>598</ymax>
		</bndbox>
	</object>
</annotation>