<annotation>
	<folder>my-project-name</folder>
	<filename>LE1209329047_1250496480_1.jpg</filename>
	<path>/my-project-name/LE1209329047_1250496480_1.jpg</path>
	<source>
		<database>Unspecified</database>
	</source>
	<size>
		<width>1000</width>
		<height>1000</height>
		<depth>3</depth>
	</size>
	<object>
		<name>Gucci</name>
		<pose>Unspecified</pose>
		<truncated>0</truncated>
		<difficult>0</difficult>
		<bndbox>
			<xmin>130</xmin>
			<ymin>253</ymin>
			<xmax>913</xmax>
			<ymax>841</ymax>
		</bndbox>
	</object>
	<object>
		<name>Gucci</name>
		<pose>Unspecified</pose>
		<truncated>0</truncated>
		<difficult>0</difficult>
		<bndbox>
			<xmin>409</xmin>
			<ymin>547</ymin>
			<xmax>664</xmax>
			<ymax>767</ymax>
		</bndbox>
	</object>
</annotation>