<annotation>
	<folder>my-project-name</folder>
	<filename>LO1445617806_1445617807_1.jpg</filename>
	<path>/my-project-name/LO1445617806_1445617807_1.jpg</path>
	<source>
		<database>Unspecified</database>
	</source>
	<size>
		<width>700</width>
		<height>700</height>
		<depth>3</depth>
	</size>
	<object>
		<name>Gucci</name>
		<pose>Unspecified</pose>
		<truncated>0</truncated>
		<difficult>0</difficult>
		<bndbox>
			<xmin>73</xmin>
			<ymin>84</ymin>
			<xmax>593</xmax>
			<ymax>605</ymax>
		</bndbox>
	</object>
	<object>
		<name>Gucci</name>
		<pose>Unspecified</pose>
		<truncated>0</truncated>
		<difficult>0</difficult>
		<bndbox>
			<xmin>137</xmin>
			<ymin>305</ymin>
			<xmax>273</xmax>
			<ymax>460</ymax>
		</bndbox>
	</object>
</annotation>