<annotation>
	<folder>my-project-name</folder>
	<filename>LO1687559793_1687559794_1.jpg</filename>
	<path>/my-project-name/LO1687559793_1687559794_1.jpg</path>
	<source>
		<database>Unspecified</database>
	</source>
	<size>
		<width>700</width>
		<height>700</height>
		<depth>3</depth>
	</size>
	<object>
		<name>Gucci</name>
		<pose>Unspecified</pose>
		<truncated>0</truncated>
		<difficult>0</difficult>
		<bndbox>
			<xmin>43</xmin>
			<ymin>178</ymin>
			<xmax>638</xmax>
			<ymax>670</ymax>
		</bndbox>
	</object>
	<object>
		<name>Gucci</name>
		<pose>Unspecified</pose>
		<truncated>0</truncated>
		<difficult>0</difficult>
		<bndbox>
			<xmin>295</xmin>
			<ymin>371</ymin>
			<xmax>438</xmax>
			<ymax>674</ymax>
		</bndbox>
	</object>
	<object>
		<name>Gucci</name>
		<pose>Unspecified</pose>
		<truncated>0</truncated>
		<difficult>0</difficult>
		<bndbox>
			<xmin>323</xmin>
			<ymin>453</ymin>
			<xmax>403</xmax>
			<ymax>534</ymax>
		</bndbox>
	</object>
</annotation>