<annotation>
	<folder>my-project-name</folder>
	<filename>PPIHU.jpg</filename>
	<path>/my-project-name/PPIHU.jpg</path>
	<source>
		<database>Unspecified</database>
	</source>
	<size>
		<width>1200</width>
		<height>1600</height>
		<depth>3</depth>
	</size>
	<object>
		<name>Gucci</name>
		<pose>Unspecified</pose>
		<truncated>0</truncated>
		<difficult>0</difficult>
		<bndbox>
			<xmin>373</xmin>
			<ymin>820</ymin>
			<xmax>980</xmax>
			<ymax>1251</ymax>
		</bndbox>
	</object>
	<object>
		<name>Gucci</name>
		<pose>Unspecified</pose>
		<truncated>0</truncated>
		<difficult>0</difficult>
		<bndbox>
			<xmin>431</xmin>
			<ymin>43</ymin>
			<xmax>612</xmax>
			<ymax>631</ymax>
		</bndbox>
	</object>
	<object>
		<name>Gucci</name>
		<pose>Unspecified</pose>
		<truncated>0</truncated>
		<difficult>0</difficult>
		<bndbox>
			<xmin>533</xmin>
			<ymin>988</ymin>
			<xmax>726</xmax>
			<ymax>1129</ymax>
		</bndbox>
	</object>
</annotation>