<annotation>
	<folder>my-project-name</folder>
	<filename>Summer-Gucci-Bags-_-Holding_-Hero.jpg</filename>
	<path>/my-project-name/Summer-Gucci-Bags-_-Holding_-Hero.jpg</path>
	<source>
		<database>Unspecified</database>
	</source>
	<size>
		<width>1640</width>
		<height>1120</height>
		<depth>3</depth>
	</size>

	<object>
		<name>Gucci</name>
		<pose>Unspecified</pose>
		<truncated>0</truncated>
		<difficult>0</difficult>
		<bndbox>
			<xmin>598</xmin>
			<ymin>568</ymin>
			<xmax>869</xmax>
			<ymax>642</ymax>
		</bndbox>
	</object>
	<object>
		<name>Gucci</name>
		<pose>Unspecified</pose>
		<truncated>0</truncated>
		<difficult>0</difficult>
		<bndbox>
			<xmin>636</xmin>
			<ymin>390</ymin>
			<xmax>935</xmax>
			<ymax>475</ymax>
		</bndbox>
	</object>
	<object>
		<name>Gucci</name>
		<pose>Unspecified</pose>
		<truncated>0</truncated>
		<difficult>0</difficult>
		<bndbox>
			<xmin>480</xmin>
			<ymin>324</ymin>
			<xmax>1138</xmax>
			<ymax>832</ymax>
		</bndbox>
	</object>
</annotation>