<annotation>
	<folder>my-project-name</folder>
	<filename>thumb-mmexport1591976144922_600x600.jpg</filename>
	<path>/my-project-name/thumb-mmexport1591976144922_600x600.jpg</path>
	<source>
		<database>Unspecified</database>
	</source>
	<size>
		<width>600</width>
		<height>600</height>
		<depth>3</depth>
	</size>
	<object>
		<name>Gucci</name>
		<pose>Unspecified</pose>
		<truncated>0</truncated>
		<difficult>0</difficult>
		<bndbox>
			<xmin>149</xmin>
			<ymin>286</ymin>
			<xmax>411</xmax>
			<ymax>527</ymax>
		</bndbox>
	</object>
	<object>
		<name>Gucci</name>
		<pose>Unspecified</pose>
		<truncated>0</truncated>
		<difficult>0</difficult>
		<bndbox>
			<xmin>249</xmin>
			<ymin>396</ymin>
			<xmax>357</xmax>
			<ymax>434</ymax>
		</bndbox>
	</object>
	<object>
		<name>Gucci</name>
		<pose>Unspecified</pose>
		<truncated>0</truncated>
		<difficult>0</difficult>
		<bndbox>
			<xmin>256</xmin>
			<ymin>337</ymin>
			<xmax>328</xmax>
			<ymax>379</ymax>
		</bndbox>
	</object>
</annotation>