<annotation>
	<folder>my-project-name</folder>
	<filename>thumb-mmexport1591976534160_600x600.jpg</filename>
	<path>/my-project-name/thumb-mmexport1591976534160_600x600.jpg</path>
	<source>
		<database>Unspecified</database>
	</source>
	<size>
		<width>600</width>
		<height>600</height>
		<depth>3</depth>
	</size>
	<object>
		<name>Gucci</name>
		<pose>Unspecified</pose>
		<truncated>0</truncated>
		<difficult>0</difficult>
		<bndbox>
			<xmin>107</xmin>
			<ymin>180</ymin>
			<xmax>489</xmax>
			<ymax>547</ymax>
		</bndbox>
	</object>
	<object>
		<name>Gucci</name>
		<pose>Unspecified</pose>
		<truncated>0</truncated>
		<difficult>0</difficult>
		<bndbox>
			<xmin>147</xmin>
			<ymin>225</ymin>
			<xmax>409</xmax>
			<ymax>328</ymax>
		</bndbox>
	</object>
</annotation>