<annotation>
	<folder>my-project-name</folder>
	<filename>w358_q60.jpg</filename>
	<path>/my-project-name/w358_q60.jpg</path>
	<source>
		<database>Unspecified</database>
	</source>
	<size>
		<width>358</width>
		<height>537</height>
		<depth>3</depth>
	</size>
	<object>
		<name>Gucci</name>
		<pose>Unspecified</pose>
		<truncated>0</truncated>
		<difficult>0</difficult>
		<bndbox>
			<xmin>16</xmin>
			<ymin>171</ymin>
			<xmax>279</xmax>
			<ymax>492</ymax>
		</bndbox>
	</object>
	<object>
		<name>Gucci</name>
		<pose>Unspecified</pose>
		<truncated>0</truncated>
		<difficult>0</difficult>
		<bndbox>
			<xmin>124</xmin>
			<ymin>279</ymin>
			<xmax>163</xmax>
			<ymax>313</ymax>
		</bndbox>
	</object>
	<object>
		<name>Gucci</name>
		<pose>Unspecified</pose>
		<truncated>0</truncated>
		<difficult>0</difficult>
		<bndbox>
			<xmin>87</xmin>
			<ymin>266</ymin>
			<xmax>150</xmax>
			<ymax>445</ymax>
		</bndbox>
	</object>
	<object>
		<name>Gucci</name>
		<pose>Unspecified</pose>
		<truncated>0</truncated>
		<difficult>0</difficult>
		<bndbox>
			<xmin>141</xmin>
			<ymin>362</ymin>
			<xmax>197</xmax>
			<ymax>471</ymax>
		</bndbox>
	</object>
</annotation>