<annotation>
	<folder>my-project-name</folder>
	<filename>xHAEc.jpg</filename>
	<path>/my-project-name/xHAEc.jpg</path>
	<source>
		<database>Unspecified</database>
	</source>
	<size>
		<width>1125</width>
		<height>1154</height>
		<depth>3</depth>
	</size>
	<object>
		<name>Gucci</name>
		<pose>Unspecified</pose>
		<truncated>0</truncated>
		<difficult>0</difficult>
		<bndbox>
			<xmin>45</xmin>
			<ymin>263</ymin>
			<xmax>1041</xmax>
			<ymax>1089</ymax>
		</bndbox>
	</object>
	<object>
		<name>Gucci</name>
		<pose>Unspecified</pose>
		<truncated>0</truncated>
		<difficult>0</difficult>
		<bndbox>
			<xmin>195</xmin>
			<ymin>588</ymin>
			<xmax>956</xmax>
			<ymax>1015</ymax>
		</bndbox>
	</object>
</annotation>